{
    "wrong_pw_times_account1": [
        61.36822700500488,
        62.0119571685791,
        61.783790588378906,
        62.33954429626465,
        61.18440628051758,
        62.57057189941406,
        60.10246276855469,
        62.56508827209473,
        66.9395923614502,
        60.811758041381836,
        61.74874305725098,
        62.06059455871582,
        70.3582763671875,
        62.12353706359863,
        64.01968002319336,
        60.98628044128418,
        64.90659713745117,
        61.295509338378906,
        62.22367286682129,
        69.305419921875,
        66.67351722717285,
        59.84234809875488,
        66.86234474182129,
        67.37184524536133,
        60.54115295410156,
        61.07330322265625,
        67.41523742675781,
        61.121463775634766,
        66.7870044708252,
        61.10787391662598,
        63.123226165771484,
        69.71859931945801,
        61.78903579711914,
        65.42658805847168,
        64.88180160522461,
        61.38920783996582,
        64.64838981628418,
        61.85722351074219,
        68.3448314666748,
        60.96029281616211,
        61.19799613952637,
        69.19288635253906,
        66.10918045043945,
        61.31911277770996,
        66.18738174438477,
        61.565399169921875,
        62.65687942504883,
        67.04258918762207,
        63.48776817321777,
        69.52452659606934
    ],
    "wrong_pw_times_account2": [
        62.50786781311035,
        61.292409896850586,
        61.19084358215332,
        67.15679168701172,
        65.1254653930664,
        61.72943115234375,
        70.70207595825195,
        61.38277053833008,
        68.07684898376465,
        67.73209571838379,
        70.16229629516602,
        60.643672943115234,
        61.54036521911621,
        61.05756759643555,
        60.81724166870117,
        60.277462005615234,
        60.8675479888916,
        61.5077018737793,
        80.42287826538086,
        69.37098503112793,
        61.87152862548828,
        60.448408126831055,
        61.953067779541016,
        64.20636177062988,
        60.64629554748535,
        60.89210510253906,
        68.65787506103516,
        63.63844871520996,
        63.260555267333984,
        61.611175537109375,
        60.30416488647461,
        60.15205383300781,
        60.92429161071777,
        60.81533432006836,
        59.74388122558594,
        62.7591609954834,
        68.74394416809082,
        60.70756912231445,
        65.20366668701172,
        60.736656188964844,
        81.86197280883789,
        61.65623664855957,
        60.94980239868164,
        67.53134727478027,
        61.228275299072266,
        60.93335151672363,
        69.37670707702637,
        68.87269020080566,
        60.875892639160156,
        62.465667724609375
    ],
    "wrong_email_times_account1": [
        18.29385757446289,
        28.32794189453125,
        17.158985137939453,
        23.0865478515625,
        21.801233291625977,
        17.84348487854004,
        29.326677322387695,
        23.79298210144043,
        18.154382705688477,
        18.399953842163086,
        17.715930938720703,
        21.9724178314209,
        17.11726188659668,
        25.98118782043457,
        24.02496337890625,
        17.549753189086914,
        32.92584419250488,
        21.55470848083496,
        18.496274948120117,
        24.178266525268555,
        17.28653907775879,
        25.090456008911133,
        17.963409423828125,
        17.68636703491211,
        23.37169647216797,
        17.5321102142334,
        17.832040786743164,
        23.012638092041016,
        16.925573348999023,
        17.597436904907227,
        17.276525497436523,
        18.454790115356445,
        32.713890075683594,
        17.61603355407715,
        17.216205596923828,
        17.794370651245117,
        16.794919967651367,
        21.913766860961914,
        19.042015075683594,
        18.143892288208008,
        27.14991569519043,
        18.102645874023438,
        17.107248306274414,
        16.983985900878906,
        17.746686935424805,
        17.68183708190918,
        17.317771911621094,
        16.434907913208008,
        18.96214485168457,
        23.64802360534668
    ],
    "wrong_email_times_account2": [
        21.747112274169922,
        26.415586471557617,
        16.71123504638672,
        17.907381057739258,
        22.02630043029785,
        19.706249237060547,
        16.66426658630371,
        17.009258270263672,
        25.857925415039062,
        19.94943618774414,
        17.99941062927246,
        20.663022994995117,
        23.466110229492188,
        18.37158203125,
        17.49587059020996,
        17.13418960571289,
        20.847558975219727,
        16.535282135009766,
        16.684770584106445,
        17.643213272094727,
        17.10343360900879,
        44.157981872558594,
        17.802715301513672,
        23.59151840209961,
        17.322301864624023,
        22.217273712158203,
        17.14944839477539,
        16.81232452392578,
        21.311044692993164,
        20.903587341308594,
        17.2579288482666,
        18.646955490112305,
        16.97063446044922,
        19.190311431884766,
        23.011207580566406,
        16.572237014770508,
        26.60536766052246,
        17.016887664794922,
        17.899274826049805,
        28.13577651977539,
        17.287254333496094,
        17.798900604248047,
        16.7081356048584,
        17.600297927856445,
        18.718957901000977,
        18.27096939086914,
        17.82989501953125,
        22.192001342773438,
        20.97630500793457,
        17.293691635131836
    ]
}