{
    "wrong_pw_times_account1": [
        68.56703758239746,
        61.01417541503906,
        65.4454231262207,
        62.73770332336426,
        60.89472770690918,
        61.8593692779541,
        76.91740989685059,
        63.39836120605469,
        65.63305854797363,
        61.76424026489258,
        60.82558631896973,
        66.69759750366211,
        60.358524322509766,
        61.2642765045166,
        60.58835983276367,
        61.48958206176758,
        64.9716854095459,
        61.39063835144043,
        62.06512451171875,
        61.864614486694336,
        61.212778091430664,
        79.24127578735352,
        60.900211334228516,
        60.67061424255371,
        60.67252159118652,
        67.51751899719238,
        67.05212593078613,
        71.1367130279541,
        60.83512306213379,
        60.636043548583984,
        61.856746673583984,
        61.09189987182617,
        60.651302337646484,
        59.834957122802734,
        60.90950965881348,
        61.242103576660156,
        68.72034072875977,
        74.77998733520508,
        60.71829795837402,
        65.64760208129883,
        65.55294990539551,
        60.89043617248535,
        61.8131160736084,
        61.8901252746582,
        75.47187805175781,
        61.312198638916016,
        61.400413513183594,
        77.76045799255371,
        60.827016830444336,
        61.394691467285156
    ],
    "wrong_pw_times_account2": [
        61.48076057434082,
        68.44949722290039,
        73.70853424072266,
        65.05155563354492,
        60.894012451171875,
        60.880422592163086,
        60.704946517944336,
        60.9433650970459,
        61.52749061584473,
        63.630104064941406,
        60.677528381347656,
        64.06927108764648,
        64.47505950927734,
        68.95661354064941,
        61.34629249572754,
        61.13934516906738,
        71.09189033508301,
        60.375213623046875,
        60.75310707092285,
        61.791419982910156,
        60.20951271057129,
        62.98017501831055,
        61.18631362915039,
        71.62022590637207,
        73.638916015625,
        64.60237503051758,
        60.561180114746094,
        74.188232421875,
        67.64483451843262,
        62.05487251281738,
        67.52848625183105,
        61.83314323425293,
        60.75572967529297,
        62.05582618713379,
        61.17606163024902,
        65.37866592407227,
        67.48723983764648,
        62.75510787963867,
        66.52092933654785,
        61.46883964538574,
        61.94758415222168,
        63.09175491333008,
        60.376882553100586,
        61.388492584228516,
        59.97514724731445,
        60.70256233215332,
        60.89615821838379,
        70.26052474975586,
        60.74810028076172,
        64.63289260864258
    ],
    "wrong_email_times_account1": [
        18.3408260345459,
        19.036293029785156,
        17.36927032470703,
        17.7152156829834,
        23.108720779418945,
        39.5352840423584,
        34.18874740600586,
        21.758556365966797,
        28.773069381713867,
        16.754865646362305,
        22.788524627685547,
        30.625104904174805,
        21.811723709106445,
        16.916275024414062,
        17.118453979492188,
        29.253482818603516,
        17.586469650268555,
        16.68548583984375,
        32.585859298706055,
        19.975662231445312,
        22.889375686645508,
        22.327899932861328,
        17.97628402709961,
        22.655487060546875,
        22.27616310119629,
        17.088651657104492,
        17.74430274963379,
        17.46535301208496,
        36.644697189331055,
        23.260116577148438,
        17.04859733581543,
        17.182588577270508,
        17.470359802246094,
        19.486427307128906,
        17.697572708129883,
        22.511720657348633,
        16.76321029663086,
        23.337125778198242,
        17.293453216552734,
        17.403364181518555,
        20.774126052856445,
        17.58885383605957,
        17.426252365112305,
        17.97938346862793,
        23.182392120361328,
        18.120288848876953,
        22.11928367614746,
        17.546892166137695,
        17.705440521240234,
        16.742944717407227
    ],
    "wrong_email_times_account2": [
        24.19137954711914,
        23.830413818359375,
        16.39246940612793,
        17.290115356445312,
        17.874479293823242,
        17.428874969482422,
        30.699968338012695,
        49.69525337219238,
        18.70107650756836,
        17.59481430053711,
        17.755746841430664,
        19.31023597717285,
        18.869876861572266,
        23.401498794555664,
        22.160053253173828,
        22.54509925842285,
        17.67134666442871,
        25.08854866027832,
        17.249584197998047,
        22.626161575317383,
        17.06218719482422,
        18.012285232543945,
        17.26841926574707,
        17.811059951782227,
        16.7391300201416,
        18.400907516479492,
        18.39470863342285,
        26.1690616607666,
        17.45891571044922,
        22.318124771118164,
        17.812013626098633,
        18.526554107666016,
        26.510238647460938,
        18.38970184326172,
        17.207860946655273,
        30.55286407470703,
        18.28742027282715,
        17.30966567993164,
        24.330615997314453,
        22.745847702026367,
        17.146825790405273,
        17.29130744934082,
        18.04661750793457,
        25.007009506225586,
        17.924070358276367,
        22.048234939575195,
        17.57955551147461,
        17.53520965576172,
        18.173694610595703,
        43.099164962768555
    ]
}