{
    "wrong_pw_times_account1": [
        61.56802177429199,
        67.91162490844727,
        61.64836883544922,
        61.975955963134766,
        61.61165237426758,
        68.3431625366211,
        60.78386306762695,
        67.72327423095703,
        61.58089637756348,
        60.45055389404297,
        62.012434005737305,
        60.445308685302734,
        59.285879135131836,
        63.5371208190918,
        74.73301887512207,
        60.97865104675293,
        60.68611145019531,
        61.0501766204834,
        60.86158752441406,
        61.74921989440918,
        68.84503364562988,
        61.199188232421875,
        75.05941390991211,
        60.95409393310547,
        65.46688079833984,
        63.07721138000488,
        73.13728332519531,
        63.61889839172363,
        72.97682762145996,
        61.13004684448242,
        66.3309097290039,
        66.11871719360352,
        72.58272171020508,
        61.92517280578613,
        61.22636795043945,
        60.822486877441406,
        60.23049354553223,
        63.38095664978027,
        73.17042350769043,
        62.58034706115723,
        63.70067596435547,
        60.257673263549805,
        62.145233154296875,
        61.04707717895508,
        60.62889099121094,
        66.3149356842041,
        61.46407127380371,
        61.61689758300781,
        69.9310302734375,
        61.04612350463867
    ],
    "wrong_pw_times_account2": [
        66.98083877563477,
        60.68921089172363,
        59.9522590637207,
        62.872886657714844,
        70.4498291015625,
        74.27787780761719,
        69.77105140686035,
        61.00106239318848,
        61.04135513305664,
        59.94749069213867,
        66.56885147094727,
        61.289310455322266,
        63.44318389892578,
        62.23344802856445,
        61.54346466064453,
        61.09118461608887,
        60.8057975769043,
        60.54854393005371,
        60.527801513671875,
        60.79363822937012,
        60.175418853759766,
        85.07323265075684,
        60.82940101623535,
        61.177730560302734,
        63.32516670227051,
        61.24114990234375,
        61.20014190673828,
        69.07343864440918,
        60.6532096862793,
        60.98318099975586,
        84.32531356811523,
        62.03508377075195,
        64.67556953430176,
        60.423851013183594,
        69.36240196228027,
        66.88213348388672,
        60.68873405456543,
        61.41400337219238,
        61.80238723754883,
        61.63978576660156,
        60.26196479797363,
        60.58239936828613,
        66.61105155944824,
        61.1271858215332,
        59.89193916320801,
        62.3171329498291,
        67.09766387939453,
        70.65629959106445,
        61.27572059631348,
        61.19585037231445
    ],
    "wrong_email_times_account1": [
        17.878055572509766,
        18.051862716674805,
        17.92144775390625,
        23.61440658569336,
        18.24665069580078,
        18.084049224853516,
        18.44644546508789,
        17.18282699584961,
        31.487703323364258,
        17.39978790283203,
        18.49842071533203,
        17.386913299560547,
        17.154216766357422,
        23.301362991333008,
        22.17698097229004,
        20.946025848388672,
        25.560379028320312,
        16.434669494628906,
        18.162250518798828,
        17.670869827270508,
        17.987966537475586,
        17.121315002441406,
        21.895408630371094,
        17.24529266357422,
        17.073869705200195,
        23.60057830810547,
        22.75848388671875,
        17.55380630493164,
        20.838022232055664,
        17.243623733520508,
        37.30607032775879,
        17.429828643798828,
        19.863605499267578,
        17.27151870727539,
        24.680614471435547,
        19.75226402282715,
        18.35775375366211,
        19.115686416625977,
        22.2320556640625,
        24.601221084594727,
        24.950504302978516,
        18.477439880371094,
        17.554759979248047,
        24.322986602783203,
        18.019914627075195,
        52.88839340209961,
        25.71702003479004,
        32.076358795166016,
        17.313003540039062,
        17.88616180419922
    ],
    "wrong_email_times_account2": [
        19.22130584716797,
        17.81320571899414,
        33.05673599243164,
        24.867773056030273,
        17.342805862426758,
        17.963886260986328,
        18.173694610595703,
        17.3337459564209,
        19.85311508178711,
        48.26998710632324,
        16.570329666137695,
        17.464160919189453,
        16.776561737060547,
        17.21668243408203,
        17.220258712768555,
        16.936063766479492,
        17.876863479614258,
        24.824857711791992,
        17.95220375061035,
        17.490625381469727,
        25.177955627441406,
        19.22464370727539,
        17.527341842651367,
        20.038366317749023,
        46.33593559265137,
        23.790359497070312,
        17.256975173950195,
        17.505168914794922,
        17.705440521240234,
        17.920494079589844,
        18.03135871887207,
        16.782045364379883,
        17.62080192565918,
        16.90840721130371,
        17.932891845703125,
        21.762609481811523,
        17.220497131347656,
        18.0816650390625,
        17.874956130981445,
        16.748666763305664,
        17.459392547607422,
        17.12203025817871,
        24.74355697631836,
        17.288684844970703,
        17.444849014282227,
        17.496347427368164,
        18.499374389648438,
        17.02141761779785,
        17.525434494018555,
        23.824214935302734
    ]
}