{
    "wrong_pw_times_account1": [
        62.68000602722168,
        60.72711944580078,
        61.52749061584473,
        61.33770942687988,
        62.62707710266113,
        60.34255027770996,
        60.70709228515625,
        61.32841110229492,
        68.19033622741699,
        61.8438720703125,
        65.20509719848633,
        60.64486503601074,
        60.91761589050293,
        66.91098213195801,
        60.12868881225586,
        69.08607482910156,
        60.89973449707031,
        65.39106369018555,
        70.40548324584961,
        67.05927848815918,
        62.06941604614258,
        62.28303909301758,
        68.91465187072754,
        66.7257308959961,
        60.65082550048828,
        60.74833869934082,
        60.27412414550781,
        60.48440933227539,
        60.854434967041016,
        61.35964393615723,
        61.367034912109375,
        66.61009788513184,
        70.74832916259766,
        65.76156616210938,
        61.388492584228516,
        61.4016056060791,
        60.87088584899902,
        67.61384010314941,
        60.7452392578125,
        61.96999549865723,
        60.77766418457031,
        70.8458423614502,
        66.55001640319824,
        59.26203727722168,
        69.32449340820312,
        60.819149017333984,
        61.65122985839844,
        61.029911041259766,
        67.95072555541992,
        61.07950210571289
    ],
    "wrong_pw_times_account2": [
        60.59765815734863,
        60.03689765930176,
        70.43075561523438,
        61.608314514160156,
        60.648441314697266,
        61.62452697753906,
        70.20854949951172,
        65.032958984375,
        74.20182228088379,
        62.03913688659668,
        62.52455711364746,
        67.17991828918457,
        70.8320140838623,
        60.463905334472656,
        61.34390830993652,
        64.43119049072266,
        61.835527420043945,
        83.84418487548828,
        61.50984764099121,
        73.6539363861084,
        64.90278244018555,
        69.91767883300781,
        60.53781509399414,
        63.22073936462402,
        60.843706130981445,
        61.707258224487305,
        69.32806968688965,
        60.549259185791016,
        67.90328025817871,
        66.7569637298584,
        60.8062744140625,
        70.09100914001465,
        60.881614685058594,
        61.151981353759766,
        61.23018264770508,
        61.69486045837402,
        61.11788749694824,
        67.29435920715332,
        61.90133094787598,
        63.12417984008789,
        65.79208374023438,
        70.4953670501709,
        62.29281425476074,
        61.00273132324219,
        60.60338020324707,
        61.9502067565918,
        61.00344657897949,
        61.87891960144043,
        60.94646453857422,
        61.76567077636719
    ],
    "wrong_email_times_account1": [
        17.078161239624023,
        17.577648162841797,
        16.83640480041504,
        19.74201202392578,
        18.253087997436523,
        17.002344131469727,
        20.836591720581055,
        18.18394660949707,
        17.545461654663086,
        27.495145797729492,
        16.896724700927734,
        16.658306121826172,
        25.79045295715332,
        16.701221466064453,
        24.294376373291016,
        17.344951629638672,
        17.30036735534668,
        17.30036735534668,
        27.426481246948242,
        20.223379135131836,
        28.380155563354492,
        17.396211624145508,
        19.51146125793457,
        16.924142837524414,
        17.95506477355957,
        19.535064697265625,
        23.37026596069336,
        18.075942993164062,
        21.277904510498047,
        17.606258392333984,
        17.39645004272461,
        16.636133193969727,
        18.10932159423828,
        17.90904998779297,
        18.155813217163086,
        16.679048538208008,
        19.87743377685547,
        24.58024024963379,
        21.128416061401367,
        18.31817626953125,
        18.155813217163086,
        16.62588119506836,
        17.174720764160156,
        18.639564514160156,
        17.777681350708008,
        24.63555335998535,
        16.82877540588379,
        22.640466690063477,
        18.212318420410156,
        17.832279205322266
    ],
    "wrong_email_times_account2": [
        18.364667892456055,
        23.015737533569336,
        23.275136947631836,
        17.385482788085938,
        19.994020462036133,
        17.372846603393555,
        17.408370971679688,
        23.877859115600586,
        23.30470085144043,
        17.098188400268555,
        17.057180404663086,
        17.033100128173828,
        31.96859359741211,
        17.270565032958984,
        17.395496368408203,
        17.536640167236328,
        17.314672470092773,
        27.70209312438965,
        25.85625648498535,
        16.800642013549805,
        19.712209701538086,
        18.11981201171875,
        16.655683517456055,
        17.79937744140625,
        18.296480178833008,
        18.603086471557617,
        20.82204818725586,
        23.879289627075195,
        17.560243606567383,
        20.087718963623047,
        24.216175079345703,
        18.317461013793945,
        24.10435676574707,
        28.827190399169922,
        16.987323760986328,
        20.56264877319336,
        21.32415771484375,
        18.399477005004883,
        23.725271224975586,
        22.8273868560791,
        17.85445213317871,
        17.969608306884766,
        18.339872360229492,
        19.08421516418457,
        18.108367919921875,
        19.806385040283203,
        18.370628356933594,
        20.519018173217773,
        16.966581344604492,
        22.83000946044922
    ]
}