{
    "wrong_pw_times_account1": [
        66.5123462677002,
        62.682390213012695,
        62.8809928894043,
        60.67061424255371,
        61.43331527709961,
        67.83676147460938,
        60.96339225769043,
        67.94047355651855,
        60.91928482055664,
        69.00978088378906,
        60.758352279663086,
        59.8149299621582,
        61.69915199279785,
        60.888051986694336,
        61.73872947692871,
        60.58645248413086,
        62.238454818725586,
        61.96737289428711,
        62.99233436584473,
        60.78815460205078,
        61.7060661315918,
        67.92902946472168,
        67.66724586486816,
        60.597896575927734,
        65.99307060241699,
        60.87017059326172,
        61.41805648803711,
        71.82788848876953,
        62.46614456176758,
        60.70375442504883,
        61.26737594604492,
        66.16497039794922,
        61.66195869445801,
        65.75441360473633,
        74.64909553527832,
        70.6174373626709,
        61.46693229675293,
        61.18273735046387,
        61.8438720703125,
        62.32953071594238,
        60.656070709228516,
        61.72752380371094,
        95.25847434997559,
        59.74841117858887,
        72.52621650695801,
        85.33024787902832,
        67.83127784729004,
        70.31440734863281,
        61.82456016540527,
        62.12615966796875
    ],
    "wrong_pw_times_account2": [
        64.32414054870605,
        71.0899829864502,
        60.60290336608887,
        63.11154365539551,
        61.08570098876953,
        68.55273246765137,
        61.374664306640625,
        62.55340576171875,
        60.59908866882324,
        62.07394599914551,
        69.16594505310059,
        61.4008903503418,
        64.82529640197754,
        63.69304656982422,
        62.79110908508301,
        68.74561309814453,
        64.2693042755127,
        66.15090370178223,
        60.767412185668945,
        61.51437759399414,
        62.209367752075195,
        63.05837631225586,
        72.99089431762695,
        61.16080284118652,
        61.049461364746094,
        62.51692771911621,
        70.28746604919434,
        62.22057342529297,
        65.30380249023438,
        65.00744819641113,
        82.61489868164062,
        67.50845909118652,
        66.15090370178223,
        67.68465042114258,
        61.269521713256836,
        61.4471435546875,
        65.47069549560547,
        73.25482368469238,
        63.315629959106445,
        60.72807312011719,
        70.25837898254395,
        65.98067283630371,
        60.72258949279785,
        65.09661674499512,
        70.40834426879883,
        60.504913330078125,
        70.73855400085449,
        61.704158782958984,
        68.91155242919922,
        60.98580360412598
    ],
    "wrong_email_times_account1": [
        17.126083374023438,
        24.65510368347168,
        22.406339645385742,
        23.842573165893555,
        17.14920997619629,
        23.123502731323242,
        16.29352569580078,
        17.188549041748047,
        23.816823959350586,
        17.310142517089844,
        20.18260955810547,
        18.124103546142578,
        18.082141876220703,
        21.553754806518555,
        17.024755477905273,
        17.245769500732422,
        19.21987533569336,
        26.645898818969727,
        20.305633544921875,
        17.904996871948242,
        17.61174201965332,
        17.915010452270508,
        17.632246017456055,
        18.33796501159668,
        17.09604263305664,
        17.050743103027344,
        17.770767211914062,
        25.61187744140625,
        17.79007911682129,
        18.175125122070312,
        17.26984977722168,
        18.17035675048828,
        17.053604125976562,
        21.13175392150879,
        17.294883728027344,
        17.49110221862793,
        22.794485092163086,
        16.862154006958008,
        20.984172821044922,
        25.281429290771484,
        18.53036880493164,
        17.38739013671875,
        22.246122360229492,
        53.804636001586914,
        17.545700073242188,
        25.969505310058594,
        17.15230941772461,
        16.857147216796875,
        39.79349136352539,
        27.79698371887207
    ],
    "wrong_email_times_account2": [
        26.277542114257812,
        23.73790740966797,
        17.460107803344727,
        17.01831817626953,
        16.639232635498047,
        20.55835723876953,
        17.014265060424805,
        17.829179763793945,
        18.246173858642578,
        16.867399215698242,
        17.091035842895508,
        29.1292667388916,
        17.51399040222168,
        21.454572677612305,
        17.90022850036621,
        18.010616302490234,
        25.989294052124023,
        23.529529571533203,
        17.198562622070312,
        18.7838077545166,
        17.5020694732666,
        18.65243911743164,
        16.911029815673828,
        17.24863052368164,
        16.598939895629883,
        25.313615798950195,
        22.428512573242188,
        17.813444137573242,
        17.234325408935547,
        24.666309356689453,
        17.25006103515625,
        20.192623138427734,
        18.07856559753418,
        17.63772964477539,
        16.803741455078125,
        23.06222915649414,
        18.98503303527832,
        17.886638641357422,
        18.655061721801758,
        17.460107803344727,
        16.909360885620117,
        21.017789840698242,
        17.436504364013672,
        17.296552658081055,
        18.174171447753906,
        21.920442581176758,
        17.722368240356445,
        26.12781524658203,
        18.033981323242188,
        17.55380630493164
    ]
}