{
    "wrong_pw_times_account1": [
        64.61715698242188,
        69.51618194580078,
        60.30464172363281,
        71.88749313354492,
        62.42108345031738,
        65.77134132385254,
        61.68174743652344,
        68.44115257263184,
        60.30130386352539,
        60.27793884277344,
        61.12241744995117,
        62.49403953552246,
        65.32597541809082,
        81.71749114990234,
        60.45722961425781,
        61.15126609802246,
        67.20972061157227,
        61.9349479675293,
        63.51280212402344,
        61.45668029785156,
        61.22112274169922,
        67.60358810424805,
        68.79425048828125,
        67.74711608886719,
        60.103654861450195,
        60.44793128967285,
        60.86158752441406,
        75.35839080810547,
        60.49013137817383,
        67.7635669708252,
        63.07172775268555,
        66.49470329284668,
        61.59257888793945,
        70.84441184997559,
        60.85610389709473,
        65.29664993286133,
        65.48714637756348,
        63.1868839263916,
        68.49050521850586,
        71.13981246948242,
        60.250043869018555,
        62.63852119445801,
        61.25354766845703,
        60.66393852233887,
        60.556650161743164,
        61.699867248535156,
        61.60569190979004,
        60.8363151550293,
        67.9926872253418,
        66.7412281036377
    ],
    "wrong_pw_times_account2": [
        60.48583984375,
        62.8046989440918,
        67.79980659484863,
        60.74237823486328,
        60.666799545288086,
        61.92278861999512,
        64.35775756835938,
        62.796831130981445,
        60.693979263305664,
        60.89949607849121,
        60.4093074798584,
        61.76018714904785,
        62.67118453979492,
        67.81649589538574,
        61.186790466308594,
        61.55967712402344,
        65.06514549255371,
        63.75694274902344,
        61.42711639404297,
        61.331987380981445,
        61.08498573303223,
        64.47339057922363,
        59.99493598937988,
        60.78052520751953,
        61.38348579406738,
        60.764312744140625,
        85.33787727355957,
        61.006784439086914,
        78.44853401184082,
        62.09063529968262,
        61.30647659301758,
        61.513662338256836,
        61.249494552612305,
        61.606645584106445,
        63.83109092712402,
        67.47198104858398,
        60.727596282958984,
        61.721086502075195,
        60.81223487854004,
        60.99820137023926,
        67.65103340148926,
        61.06162071228027,
        65.96612930297852,
        64.76140022277832,
        60.89186668395996,
        64.52465057373047,
        71.80476188659668,
        60.968637466430664,
        60.274362564086914,
        62.11042404174805
    ],
    "wrong_email_times_account1": [
        21.767616271972656,
        17.513751983642578,
        17.295122146606445,
        17.36927032470703,
        18.750429153442383,
        17.98415184020996,
        22.89557456970215,
        16.767024993896484,
        18.365859985351562,
        18.206357955932617,
        26.08180046081543,
        17.058610916137695,
        17.564058303833008,
        20.934104919433594,
        25.819778442382812,
        17.425537109375,
        17.7764892578125,
        18.126964569091797,
        16.955137252807617,
        17.2121524810791,
        17.567873001098633,
        17.178773880004883,
        21.572113037109375,
        17.19188690185547,
        17.220497131347656,
        28.368711471557617,
        18.192291259765625,
        17.012357711791992,
        25.62093734741211,
        22.83167839050293,
        17.857074737548828,
        17.798662185668945,
        28.675317764282227,
        20.322084426879883,
        17.570972442626953,
        18.115997314453125,
        17.198562622070312,
        16.974687576293945,
        22.64404296875,
        21.76070213317871,
        23.171424865722656,
        17.558813095092773,
        19.710302352905273,
        17.99607276916504,
        22.54033088684082,
        21.468400955200195,
        22.916555404663086,
        16.867637634277344,
        18.375158309936523,
        16.63970947265625
    ],
    "wrong_email_times_account2": [
        17.425537109375,
        20.937681198120117,
        17.567157745361328,
        17.500638961791992,
        17.458677291870117,
        17.75503158569336,
        38.05208206176758,
        52.04296112060547,
        16.52836799621582,
        17.427921295166016,
        18.146276473999023,
        26.355981826782227,
        38.19918632507324,
        26.44968032836914,
        18.2187557220459,
        17.567157745361328,
        18.454551696777344,
        26.226043701171875,
        17.976999282836914,
        17.712831497192383,
        29.373645782470703,
        17.49706268310547,
        17.207860946655273,
        17.811059951782227,
        22.236108779907227,
        19.182443618774414,
        23.127079010009766,
        17.92454719543457,
        18.047809600830078,
        17.107248306274414,
        22.99666404724121,
        17.389774322509766,
        16.70670509338379,
        17.13085174560547,
        23.808717727661133,
        17.700910568237305,
        17.290592193603516,
        38.02061080932617,
        17.09890365600586,
        18.67365837097168,
        19.226551055908203,
        20.334482192993164,
        18.861770629882812,
        17.489194869995117,
        21.770715713500977,
        21.254301071166992,
        22.28999137878418,
        17.88949966430664,
        19.707202911376953,
        25.75826644897461
    ]
}