{
    "wrong_pw_times_account1": [
        66.43009185791016,
        60.54353713989258,
        60.11700630187988,
        62.5917911529541,
        61.76471710205078,
        60.41526794433594,
        61.41924858093262,
        61.00058555603027,
        61.708927154541016,
        62.15524673461914,
        64.69106674194336,
        61.48982048034668,
        71.8691349029541,
        67.50893592834473,
        62.03126907348633,
        60.23907661437988,
        64.60785865783691,
        62.721967697143555,
        61.85722351074219,
        61.118125915527344,
        63.74359130859375,
        60.43744087219238,
        63.324928283691406,
        70.2047348022461,
        60.40334701538086,
        60.29653549194336,
        60.811758041381836,
        125.56886672973633,
        62.212228775024414,
        68.82476806640625,
        65.67049026489258,
        66.51997566223145,
        61.68532371520996,
        79.95176315307617,
        60.860395431518555,
        61.42783164978027,
        65.28115272521973,
        61.156272888183594,
        61.67316436767578,
        66.11871719360352,
        63.44032287597656,
        60.91666221618652,
        59.95512008666992,
        66.28274917602539,
        60.15896797180176,
        60.68849563598633,
        60.96458435058594,
        63.40217590332031,
        61.475515365600586,
        61.025142669677734
    ],
    "wrong_pw_times_account2": [
        66.01262092590332,
        61.79404258728027,
        65.67549705505371,
        60.36114692687988,
        62.36076354980469,
        61.6605281829834,
        60.47368049621582,
        60.84322929382324,
        60.98747253417969,
        60.93740463256836,
        61.10429763793945,
        66.61629676818848,
        67.30341911315918,
        93.40810775756836,
        61.9199275970459,
        66.66231155395508,
        60.64653396606445,
        61.12837791442871,
        61.67125701904297,
        73.83537292480469,
        62.88290023803711,
        60.23812294006348,
        63.09938430786133,
        61.997413635253906,
        67.21186637878418,
        61.12313270568848,
        67.92497634887695,
        60.576438903808594,
        74.89585876464844,
        66.3607120513916,
        60.84632873535156,
        69.21505928039551,
        76.34687423706055,
        60.434818267822266,
        64.67604637145996,
        60.6842041015625,
        60.98508834838867,
        61.38467788696289,
        70.13392448425293,
        60.285091400146484,
        62.05248832702637,
        60.31394004821777,
        61.77854537963867,
        79.98776435852051,
        64.22567367553711,
        61.61975860595703,
        60.98747253417969,
        60.21404266357422,
        68.16411018371582,
        72.40509986877441
    ],
    "wrong_email_times_account1": [
        21.31175994873047,
        22.4151611328125,
        17.418384552001953,
        16.45374298095703,
        17.83895492553711,
        18.443584442138672,
        18.3408260345459,
        50.096750259399414,
        23.187875747680664,
        18.774032592773438,
        16.89457893371582,
        18.180370330810547,
        21.8355655670166,
        17.052888870239258,
        20.86329460144043,
        19.040346145629883,
        19.863128662109375,
        24.189233779907227,
        17.56429672241211,
        17.37236976623535,
        16.877412796020508,
        77.32963562011719,
        17.531871795654297,
        17.44699478149414,
        17.690420150756836,
        21.326780319213867,
        17.569780349731445,
        26.662349700927734,
        16.892194747924805,
        18.54538917541504,
        18.132448196411133,
        17.470836639404297,
        18.82147789001465,
        17.545223236083984,
        17.381668090820312,
        17.441987991333008,
        20.090341567993164,
        24.892807006835938,
        16.71886444091797,
        21.47984504699707,
        17.13275909423828,
        24.911880493164062,
        32.60397911071777,
        18.738269805908203,
        27.094602584838867,
        17.195940017700195,
        17.71831512451172,
        17.04716682434082,
        19.614458084106445,
        20.467281341552734
    ],
    "wrong_email_times_account2": [
        17.465829849243164,
        22.982120513916016,
        24.989604949951172,
        23.33235740661621,
        17.592906951904297,
        17.164230346679688,
        31.455516815185547,
        17.5933837890625,
        17.18735694885254,
        28.70464324951172,
        16.932964324951172,
        18.632888793945312,
        19.909381866455078,
        31.550168991088867,
        17.19951629638672,
        17.11726188659668,
        17.14324951171875,
        17.365455627441406,
        17.66061782836914,
        16.918420791625977,
        18.249034881591797,
        17.850399017333984,
        21.802186965942383,
        17.358779907226562,
        17.86971092224121,
        17.016172409057617,
        18.3258056640625,
        16.883134841918945,
        20.28489112854004,
        29.790878295898438,
        28.393983840942383,
        17.698049545288086,
        21.51203155517578,
        23.92745018005371,
        17.124414443969727,
        18.459320068359375,
        17.040729522705078,
        16.821622848510742,
        26.336669921875,
        17.999887466430664,
        17.183542251586914,
        17.21024513244629,
        17.614364624023438,
        17.25625991821289,
        22.095680236816406,
        27.164936065673828,
        24.091720581054688,
        23.949384689331055,
        17.70472526550293,
        39.36576843261719
    ]
}