{
    "wrong_pw_times_account1": [
        64.52345848083496,
        60.35661697387695,
        64.96000289916992,
        61.602115631103516,
        60.578346252441406,
        61.21206283569336,
        63.65466117858887,
        60.17947196960449,
        71.22492790222168,
        61.08379364013672,
        61.44595146179199,
        70.05786895751953,
        62.41464614868164,
        61.86819076538086,
        61.279296875,
        61.72966957092285,
        60.99748611450195,
        60.845375061035156,
        61.86389923095703,
        60.55307388305664,
        59.96203422546387,
        61.792612075805664,
        61.51890754699707,
        72.99327850341797,
        65.4604434967041,
        68.30191612243652,
        61.18655204772949,
        69.25272941589355,
        60.33682823181152,
        61.00177764892578,
        60.460567474365234,
        60.526371002197266,
        60.64128875732422,
        61.298370361328125,
        70.91403007507324,
        65.34242630004883,
        62.856435775756836,
        61.34486198425293,
        61.779022216796875,
        60.84012985229492,
        69.18501853942871,
        61.84744834899902,
        61.37681007385254,
        62.727928161621094,
        83.2974910736084,
        59.7376823425293,
        62.37149238586426,
        63.234806060791016,
        60.81700325012207,
        61.412811279296875
    ],
    "wrong_pw_times_account2": [
        77.2252082824707,
        63.09223175048828,
        61.031341552734375,
        61.13767623901367,
        78.40228080749512,
        62.68882751464844,
        59.89956855773926,
        61.45024299621582,
        60.97674369812012,
        63.16113471984863,
        59.783935546875,
        65.33694267272949,
        66.59913063049316,
        60.35280227661133,
        68.29428672790527,
        60.94527244567871,
        69.89479064941406,
        71.61092758178711,
        60.9588623046875,
        69.49853897094727,
        73.58407974243164,
        60.57333946228027,
        68.94969940185547,
        64.09955024719238,
        61.25521659851074,
        61.856746673583984,
        61.89322471618652,
        63.44270706176758,
        64.02325630187988,
        61.274051666259766,
        62.67118453979492,
        65.2153491973877,
        65.05298614501953,
        61.86962127685547,
        62.72530555725098,
        71.36344909667969,
        64.3923282623291,
        62.13855743408203,
        61.45763397216797,
        61.47480010986328,
        60.799598693847656,
        77.63195037841797,
        63.95435333251953,
        60.38379669189453,
        61.31410598754883,
        71.67506217956543,
        65.34242630004883,
        60.75286865234375,
        62.191009521484375,
        62.157392501831055
    ],
    "wrong_email_times_account1": [
        18.197298049926758,
        23.021459579467773,
        18.5849666595459,
        45.86148262023926,
        17.12512969970703,
        17.180204391479492,
        24.739503860473633,
        18.052101135253906,
        19.78898048400879,
        16.883134841918945,
        17.269611358642578,
        21.236419677734375,
        51.22661590576172,
        18.4476375579834,
        17.603158950805664,
        22.698402404785156,
        17.17519760131836,
        17.52638816833496,
        17.356157302856445,
        24.397850036621094,
        17.948150634765625,
        20.587921142578125,
        17.44675636291504,
        17.74120330810547,
        17.744779586791992,
        46.47660255432129,
        17.118453979492188,
        19.118309020996094,
        20.266056060791016,
        17.87424087524414,
        16.958951950073242,
        17.632246017456055,
        17.10653305053711,
        23.802757263183594,
        18.589258193969727,
        23.74410629272461,
        43.524980545043945,
        44.14224624633789,
        17.50326156616211,
        18.462181091308594,
        17.934322357177734,
        31.77475929260254,
        16.779661178588867,
        17.32325553894043,
        17.74430274963379,
        21.5756893157959,
        20.260095596313477,
        19.48070526123047,
        17.26245880126953,
        18.068790435791016
    ],
    "wrong_email_times_account2": [
        17.83585548400879,
        30.02333641052246,
        17.304658889770508,
        17.546892166137695,
        17.59505271911621,
        22.62115478515625,
        16.984939575195312,
        17.179489135742188,
        31.078338623046875,
        19.579410552978516,
        24.7952938079834,
        16.920089721679688,
        22.53890037536621,
        17.688751220703125,
        22.28069305419922,
        19.53268051147461,
        37.48893737792969,
        16.980648040771484,
        18.788814544677734,
        19.95539665222168,
        17.269134521484375,
        25.08258819580078,
        25.64716339111328,
        18.427371978759766,
        18.402576446533203,
        17.002105712890625,
        23.83732795715332,
        17.89999008178711,
        20.655393600463867,
        19.176959991455078,
        18.146276473999023,
        17.570972442626953,
        20.953655242919922,
        45.144081115722656,
        22.083520889282227,
        17.845630645751953,
        21.484375,
        24.977684020996094,
        17.537593841552734,
        17.916440963745117,
        18.5391902923584,
        21.998167037963867,
        17.71259307861328,
        17.301321029663086,
        17.841339111328125,
        17.5168514251709,
        17.4715518951416,
        17.21501350402832,
        21.82626724243164,
        19.720077514648438
    ]
}