{
    "wrong_pw_times_account1": [
        60.9588623046875,
        65.32883644104004,
        61.47027015686035,
        78.13572883605957,
        71.26975059509277,
        61.484575271606445,
        60.99581718444824,
        61.46383285522461,
        61.07807159423828,
        59.94677543640137,
        61.15269660949707,
        67.05904006958008,
        61.789751052856445,
        61.074256896972656,
        62.12139129638672,
        61.293601989746094,
        61.263084411621094,
        60.12701988220215,
        60.96625328063965,
        65.5508041381836,
        60.90092658996582,
        61.849117279052734,
        59.953927993774414,
        62.73651123046875,
        60.93907356262207,
        61.914920806884766,
        61.84673309326172,
        60.346364974975586,
        61.769723892211914,
        64.56899642944336,
        68.14217567443848,
        61.867713928222656,
        71.08902931213379,
        61.13934516906738,
        60.60957908630371,
        73.01044464111328,
        61.80834770202637,
        60.15801429748535,
        61.69700622558594,
        62.23011016845703,
        61.0499382019043,
        60.662031173706055,
        60.12701988220215,
        60.39023399353027,
        86.13944053649902,
        60.29152870178223,
        61.80620193481445,
        61.21325492858887,
        60.645103454589844,
        67.32368469238281
    ],
    "wrong_pw_times_account2": [
        61.020612716674805,
        60.06336212158203,
        61.85102462768555,
        61.142921447753906,
        61.90085411071777,
        61.239004135131836,
        60.971975326538086,
        60.17804145812988,
        63.393592834472656,
        64.54038619995117,
        67.36564636230469,
        62.02292442321777,
        61.16080284118652,
        61.27572059631348,
        61.09333038330078,
        62.31498718261719,
        61.97500228881836,
        62.18671798706055,
        64.90063667297363,
        72.18027114868164,
        71.96307182312012,
        66.60842895507812,
        72.33285903930664,
        63.56382369995117,
        67.98410415649414,
        61.46550178527832,
        73.95482063293457,
        62.140703201293945,
        69.05770301818848,
        61.426639556884766,
        67.16656684875488,
        84.08761024475098,
        68.72177124023438,
        60.62936782836914,
        60.782670974731445,
        66.37167930603027,
        61.20800971984863,
        63.02928924560547,
        62.00456619262695,
        76.49350166320801,
        61.548471450805664,
        78.37939262390137,
        69.42582130432129,
        60.43291091918945,
        63.614606857299805,
        61.59043312072754,
        61.4168643951416,
        60.89472770690918,
        62.99161911010742,
        61.348915100097656
    ],
    "wrong_email_times_account1": [
        19.59824562072754,
        18.552303314208984,
        17.154932022094727,
        17.340898513793945,
        22.306203842163086,
        20.941495895385742,
        31.20279312133789,
        35.42447090148926,
        17.01974868774414,
        17.380714416503906,
        16.960859298706055,
        16.823291778564453,
        19.741058349609375,
        17.351627349853516,
        18.313169479370117,
        17.76885986328125,
        32.236576080322266,
        22.083044052124023,
        18.971681594848633,
        17.86327362060547,
        17.320632934570312,
        17.690181732177734,
        17.5473690032959,
        19.606351852416992,
        19.124507904052734,
        26.85999870300293,
        17.41647720336914,
        21.109342575073242,
        26.413440704345703,
        17.751216888427734,
        17.88473129272461,
        40.13967514038086,
        18.452167510986328,
        17.16327667236328,
        23.47087860107422,
        16.867876052856445,
        25.69127082824707,
        29.151439666748047,
        16.657352447509766,
        18.58353614807129,
        17.197370529174805,
        25.59971809387207,
        37.43243217468262,
        17.737627029418945,
        17.619848251342773,
        17.523527145385742,
        17.984390258789062,
        30.836105346679688,
        20.097017288208008,
        21.906137466430664
    ],
    "wrong_email_times_account2": [
        16.903400421142578,
        17.76123046875,
        18.102169036865234,
        25.196075439453125,
        16.817569732666016,
        17.48037338256836,
        18.766403198242188,
        20.56884765625,
        27.263164520263672,
        17.557382583618164,
        17.264604568481445,
        18.327713012695312,
        16.771554946899414,
        21.74687385559082,
        18.12744140625,
        17.598628997802734,
        25.93684196472168,
        16.531705856323242,
        32.799720764160156,
        16.831636428833008,
        18.091917037963867,
        42.59037971496582,
        29.249191284179688,
        24.906158447265625,
        17.17853546142578,
        16.95418357849121,
        16.61849021911621,
        19.028425216674805,
        18.053770065307617,
        43.62297058105469,
        21.034717559814453,
        17.603397369384766,
        28.942108154296875,
        25.781869888305664,
        17.771482467651367,
        17.470836639404297,
        19.48404312133789,
        18.25547218322754,
        17.250537872314453,
        19.61660385131836,
        17.638206481933594,
        17.447948455810547,
        18.36538314819336,
        17.290592193603516,
        17.85588264465332,
        18.86153221130371,
        17.609119415283203,
        18.240690231323242,
        23.599863052368164,
        18.15319061279297
    ]
}