{
    "wrong_pw_times_account1": [
        61.33246421813965,
        59.98992919921875,
        69.64564323425293,
        60.92333793640137,
        60.515642166137695,
        67.96884536743164,
        66.29157066345215,
        70.1754093170166,
        66.78485870361328,
        61.4619255065918,
        65.18054008483887,
        64.53776359558105,
        63.442230224609375,
        61.62428855895996,
        66.2236213684082,
        61.911582946777344,
        67.00396537780762,
        64.47768211364746,
        60.85968017578125,
        61.518192291259766,
        62.520503997802734,
        65.34409523010254,
        60.67967414855957,
        60.95576286315918,
        60.52374839782715,
        60.92381477355957,
        68.51911544799805,
        66.53475761413574,
        68.05729866027832,
        71.26283645629883,
        63.61126899719238,
        66.2381649017334,
        60.76836585998535,
        61.01250648498535,
        60.37259101867676,
        61.28954887390137,
        67.28053092956543,
        60.74190139770508,
        61.821699142456055,
        61.54751777648926,
        60.54973602294922,
        63.66610527038574,
        67.14749336242676,
        61.539649963378906,
        85.71171760559082,
        61.5229606628418,
        60.37735939025879,
        60.92357635498047,
        62.68644332885742,
        61.142683029174805
    ],
    "wrong_pw_times_account2": [
        77.77094841003418,
        64.87584114074707,
        60.86015701293945,
        66.39933586120605,
        65.48929214477539,
        68.07827949523926,
        66.53475761413574,
        61.62738800048828,
        70.83582878112793,
        67.35610961914062,
        61.1872673034668,
        59.899330139160156,
        59.96131896972656,
        60.75239181518555,
        61.602115631103516,
        61.28191947937012,
        61.70463562011719,
        61.667442321777344,
        73.09436798095703,
        78.96590232849121,
        60.616493225097656,
        62.53671646118164,
        68.64142417907715,
        82.51237869262695,
        61.56611442565918,
        65.29426574707031,
        72.15356826782227,
        61.121225357055664,
        66.59126281738281,
        62.46185302734375,
        62.15643882751465,
        60.61077117919922,
        61.70487403869629,
        62.133073806762695,
        61.78641319274902,
        76.03573799133301,
        60.828447341918945,
        63.3084774017334,
        61.11431121826172,
        62.22081184387207,
        68.43423843383789,
        60.791969299316406,
        77.73399353027344,
        61.380863189697266,
        82.12542533874512,
        69.10443305969238,
        61.338186264038086,
        70.13154029846191,
        68.18509101867676,
        62.03913688659668
    ],
    "wrong_email_times_account1": [
        20.665407180786133,
        17.46535301208496,
        18.677949905395508,
        28.295278549194336,
        17.672300338745117,
        24.082183837890625,
        18.38850975036621,
        18.010854721069336,
        17.35067367553711,
        17.101287841796875,
        22.39060401916504,
        17.094135284423828,
        41.93305969238281,
        26.143312454223633,
        25.789737701416016,
        22.89414405822754,
        18.311738967895508,
        19.372940063476562,
        25.851964950561523,
        17.02260971069336,
        17.59052276611328,
        17.58599281311035,
        24.663925170898438,
        17.203092575073242,
        20.57027816772461,
        26.924848556518555,
        48.93326759338379,
        17.827272415161133,
        22.471189498901367,
        21.779775619506836,
        23.113489151000977,
        17.02737808227539,
        30.92503547668457,
        17.163991928100586,
        50.05836486816406,
        17.246246337890625,
        16.833782196044922,
        17.473220825195312,
        17.382383346557617,
        21.65699005126953,
        18.106460571289062,
        17.297744750976562,
        17.192840576171875,
        17.833471298217773,
        23.927927017211914,
        25.446653366088867,
        25.040388107299805,
        17.333269119262695,
        23.589611053466797,
        19.883155822753906
    ],
    "wrong_email_times_account2": [
        18.05734634399414,
        25.702953338623047,
        30.600786209106445,
        17.2879695892334,
        21.451711654663086,
        17.519474029541016,
        18.08023452758789,
        17.320632934570312,
        18.94235610961914,
        17.483234405517578,
        44.188499450683594,
        17.285585403442383,
        17.612457275390625,
        22.864103317260742,
        17.418861389160156,
        17.47870445251465,
        22.597789764404297,
        18.722057342529297,
        28.956890106201172,
        21.864891052246094,
        24.57904815673828,
        19.228458404541016,
        22.914886474609375,
        17.200469970703125,
        16.41249656677246,
        17.864704132080078,
        17.345428466796875,
        19.99497413635254,
        16.385316848754883,
        19.835948944091797,
        17.544984817504883,
        17.93980598449707,
        17.477750778198242,
        27.433395385742188,
        22.32837677001953,
        17.729759216308594,
        16.58487319946289,
        51.66363716125488,
        16.555070877075195,
        22.695064544677734,
        23.71954917907715,
        17.05002784729004,
        17.209768295288086,
        18.7075138092041,
        16.684532165527344,
        17.379045486450195,
        17.292022705078125,
        17.055034637451172,
        26.806116104125977,
        24.504423141479492
    ]
}