{
    "wrong_email_times_account1": [
        18.196582794189453,
        33.12039375305176,
        39.835214614868164,
        17.35997200012207,
        16.950368881225586,
        17.597198486328125,
        17.18735694885254,
        32.010555267333984,
        17.417430877685547,
        17.27151870727539,
        19.545316696166992,
        34.12890434265137,
        17.756223678588867,
        32.75895118713379,
        32.62972831726074,
        16.736745834350586,
        19.09494400024414,
        34.75594520568848,
        18.41878890991211,
        16.916990280151367,
        32.99689292907715,
        31.723499298095703,
        16.593456268310547,
        17.60125160217285,
        32.67836570739746,
        31.389951705932617,
        33.28824043273926,
        34.39497947692871,
        18.229246139526367,
        16.6013240814209,
        34.819602966308594,
        32.45425224304199,
        17.157554626464844,
        32.437801361083984,
        17.078876495361328,
        25.617122650146484,
        17.375707626342773,
        18.231630325317383,
        33.25152397155762,
        34.91067886352539,
        17.06409454345703,
        16.851425170898438,
        28.128623962402344,
        34.2409610748291,
        18.94664764404297,
        31.109333038330078,
        31.698226928710938,
        33.76126289367676,
        16.547679901123047,
        17.54903793334961
    ],
    "wrong_pw_times_account1": [
        62.99233436584473,
        102.56195068359375,
        102.19645500183105,
        106.25076293945312,
        61.16747856140137,
        104.35032844543457,
        60.7142448425293,
        102.1566390991211,
        60.857534408569336,
        118.07441711425781,
        59.50427055358887,
        101.10998153686523,
        108.60919952392578,
        104.41279411315918,
        102.98585891723633,
        101.87244415283203,
        101.99856758117676,
        103.54018211364746,
        102.44560241699219,
        103.21784019470215,
        104.72369194030762,
        114.9284839630127,
        100.83842277526855,
        101.03011131286621,
        104.74824905395508,
        103.18589210510254,
        103.08146476745605,
        60.91046333312988,
        61.78903579711914,
        103.6069393157959,
        60.97674369812012,
        59.68785285949707,
        61.2030029296875,
        61.26880645751953,
        103.24907302856445,
        103.38640213012695,
        103.09863090515137,
        59.66496467590332,
        59.876441955566406,
        61.99288368225098,
        101.01461410522461,
        102.20003128051758,
        60.07790565490723,
        101.15528106689453,
        103.06644439697266,
        114.1059398651123,
        68.65835189819336,
        61.36441230773926,
        60.63055992126465,
        61.07521057128906
    ],
    "wrong_email_times_account2": [
        34.15536880493164,
        34.6379280090332,
        32.5319766998291,
        33.72669219970703,
        21.72398567199707,
        32.97257423400879,
        17.107009887695312,
        44.875144958496094,
        38.863182067871094,
        17.238616943359375,
        16.839265823364258,
        16.993045806884766,
        32.236337661743164,
        22.161245346069336,
        17.23456382751465,
        34.93165969848633,
        17.539262771606445,
        31.209230422973633,
        33.457040786743164,
        17.663002014160156,
        32.715797424316406,
        17.737627029418945,
        33.412933349609375,
        40.44175148010254,
        19.512414932250977,
        32.9890251159668,
        18.09239387512207,
        19.926786422729492,
        16.754865646362305,
        17.70758628845215,
        17.34447479248047,
        17.78578758239746,
        32.92274475097656,
        25.97498893737793,
        19.89579200744629,
        17.22121238708496,
        16.304731369018555,
        16.658306121826172,
        17.006397247314453,
        33.655643463134766,
        16.721725463867188,
        32.10091590881348,
        17.639636993408203,
        17.659902572631836,
        17.26245880126953,
        31.186819076538086,
        17.991304397583008,
        17.146587371826172,
        33.01882743835449,
        16.786813735961914
    ],
    "wrong_pw_times_account2": [
        101.66215896606445,
        61.52796745300293,
        102.34713554382324,
        101.01866722106934,
        60.58979034423828,
        60.694217681884766,
        102.71620750427246,
        61.94424629211426,
        108.89649391174316,
        61.745405197143555,
        100.09765625,
        61.58280372619629,
        103.65104675292969,
        125.1993179321289,
        106.75382614135742,
        103.77025604248047,
        60.2574348449707,
        61.388492584228516,
        112.7004623413086,
        68.24970245361328,
        59.50784683227539,
        60.693979263305664,
        61.313629150390625,
        59.93342399597168,
        60.35637855529785,
        60.364484786987305,
        63.75551223754883,
        59.53168869018555,
        60.36877632141113,
        103.45172882080078,
        61.63978576660156,
        60.167551040649414,
        101.28569602966309,
        114.04204368591309,
        101.64952278137207,
        102.65874862670898,
        59.90099906921387,
        103.18565368652344,
        65.7198429107666,
        101.96566581726074,
        102.28896141052246,
        102.9670238494873,
        131.83355331420898,
        103.58023643493652,
        61.09499931335449,
        59.514760971069336,
        101.92131996154785,
        102.48327255249023,
        60.59718132019043,
        101.70745849609375
    ]
}