{
    "wrong_email_times_account1": [
        32.14526176452637,
        23.255348205566406,
        33.81490707397461,
        16.85023307800293,
        31.617164611816406,
        17.53091812133789,
        17.002105712890625,
        30.779123306274414,
        22.281408309936523,
        33.506155014038086,
        33.97011756896973,
        17.515182495117188,
        16.617298126220703,
        34.68441963195801,
        32.55963325500488,
        17.884254455566406,
        16.75271987915039,
        17.40264892578125,
        18.33057403564453,
        17.841815948486328,
        35.291194915771484,
        33.033132553100586,
        17.874479293823242,
        33.16020965576172,
        18.18680763244629,
        17.731904983520508,
        17.127513885498047,
        31.634092330932617,
        17.536163330078125,
        32.83381462097168,
        33.84137153625488,
        33.6461067199707,
        35.933732986450195,
        17.169952392578125,
        40.7259464263916,
        17.497539520263672,
        16.91722869873047,
        38.115501403808594,
        21.012067794799805,
        34.00230407714844,
        19.766807556152344,
        42.8471565246582,
        33.39672088623047,
        18.653154373168945,
        18.240690231323242,
        33.10966491699219,
        49.806833267211914,
        34.806013107299805,
        33.03718566894531,
        32.94539451599121
    ],
    "wrong_pw_times_account1": [
        64.47768211364746,
        101.47809982299805,
        70.20425796508789,
        61.01822853088379,
        101.86600685119629,
        62.081336975097656,
        61.807870864868164,
        65.11712074279785,
        105.50379753112793,
        103.06572914123535,
        103.00135612487793,
        62.38389015197754,
        102.3552417755127,
        60.64271926879883,
        102.45895385742188,
        106.64725303649902,
        100.69751739501953,
        60.70518493652344,
        105.17621040344238,
        61.30385398864746,
        101.49860382080078,
        60.256004333496094,
        62.59346008300781,
        100.35991668701172,
        61.87272071838379,
        61.249732971191406,
        100.82769393920898,
        102.5533676147461,
        109.07125473022461,
        103.33585739135742,
        101.80211067199707,
        61.15412712097168,
        102.3404598236084,
        60.836076736450195,
        60.55045127868652,
        63.51351737976074,
        102.86140441894531,
        60.69493293762207,
        102.53500938415527,
        61.90347671508789,
        101.59826278686523,
        101.21655464172363,
        70.87922096252441,
        102.19264030456543,
        61.22922897338867,
        60.71829795837402,
        102.7674674987793,
        64.16535377502441,
        60.45269966125488,
        101.78995132446289
    ],
    "wrong_email_times_account2": [
        16.876697540283203,
        17.335176467895508,
        32.31525421142578,
        44.33107376098633,
        33.06937217712402,
        17.383337020874023,
        17.87590980529785,
        17.7309513092041,
        33.61821174621582,
        16.595125198364258,
        31.89539909362793,
        34.07430648803711,
        34.63315963745117,
        25.221586227416992,
        34.47270393371582,
        33.42747688293457,
        34.25145149230957,
        17.131328582763672,
        34.26313400268555,
        23.848295211791992,
        31.11720085144043,
        32.27400779724121,
        23.554563522338867,
        32.89985656738281,
        34.76881980895996,
        18.91779899597168,
        17.768383026123047,
        17.255306243896484,
        31.647443771362305,
        17.116069793701172,
        33.132314682006836,
        17.431020736694336,
        18.45526695251465,
        17.76719093322754,
        22.637605667114258,
        18.146753311157227,
        33.52832794189453,
        17.76123046875,
        25.21514892578125,
        33.461809158325195,
        34.668922424316406,
        17.66681671142578,
        18.02849769592285,
        33.86116027832031,
        32.49979019165039,
        32.44471549987793,
        17.18926429748535,
        44.342756271362305,
        35.100460052490234,
        18.549442291259766
    ],
    "wrong_pw_times_account2": [
        102.41436958312988,
        105.46278953552246,
        103.77931594848633,
        60.87827682495117,
        60.60504913330078,
        61.37514114379883,
        101.63354873657227,
        60.461997985839844,
        60.22453308105469,
        103.47652435302734,
        102.53715515136719,
        65.27256965637207,
        60.582637786865234,
        63.179969787597656,
        101.90677642822266,
        61.41543388366699,
        61.837196350097656,
        60.19020080566406,
        102.63347625732422,
        60.929298400878906,
        105.33356666564941,
        101.82976722717285,
        64.56708908081055,
        122.11394309997559,
        104.1417121887207,
        61.47408485412598,
        102.82659530639648,
        103.60598564147949,
        102.82135009765625,
        99.75743293762207,
        103.26290130615234,
        102.38194465637207,
        101.86004638671875,
        64.99242782592773,
        61.57374382019043,
        101.9291877746582,
        59.70287322998047,
        60.96482276916504,
        60.482025146484375,
        119.16875839233398,
        63.24195861816406,
        60.21714210510254,
        103.7759780883789,
        60.839176177978516,
        102.04648971557617,
        61.58280372619629,
        61.838388442993164,
        60.418128967285156,
        103.38091850280762,
        104.11930084228516
    ]
}