{
    "wrong_email_times_account1": [
        17.114639282226562,
        33.059120178222656,
        32.84645080566406,
        34.68751907348633,
        17.100095748901367,
        33.83231163024902,
        17.455577850341797,
        17.783403396606445,
        17.47298240661621,
        17.164945602416992,
        34.02137756347656,
        17.38429069519043,
        19.24443244934082,
        34.65580940246582,
        17.30513572692871,
        17.06075668334961,
        17.5628662109375,
        17.23003387451172,
        16.91436767578125,
        31.934499740600586,
        17.32015609741211,
        34.68775749206543,
        33.54620933532715,
        17.189502716064453,
        36.401987075805664,
        20.87855339050293,
        33.48731994628906,
        34.400224685668945,
        45.01986503601074,
        17.48061180114746,
        46.3407039642334,
        36.04865074157715,
        39.19839859008789,
        23.38099479675293,
        17.409801483154297,
        33.27798843383789,
        33.704519271850586,
        16.764402389526367,
        17.38119125366211,
        32.271623611450195,
        33.078908920288086,
        33.28537940979004,
        17.76409149169922,
        46.98944091796875,
        31.12649917602539,
        32.38534927368164,
        32.975196838378906,
        16.973257064819336,
        31.67247772216797,
        20.166397094726562
    ],
    "wrong_pw_times_account1": [
        61.64741516113281,
        102.01811790466309,
        61.25330924987793,
        103.2869815826416,
        109.2221736907959,
        59.97514724731445,
        101.80425643920898,
        61.42592430114746,
        103.58977317810059,
        102.59103775024414,
        101.23801231384277,
        62.46232986450195,
        60.720205307006836,
        101.72319412231445,
        102.72741317749023,
        114.91107940673828,
        102.72955894470215,
        61.88011169433594,
        103.0576229095459,
        105.6828498840332,
        62.22844123840332,
        60.96601486206055,
        60.462236404418945,
        62.38865852355957,
        61.45930290222168,
        61.83576583862305,
        104.61854934692383,
        99.82013702392578,
        66.68448448181152,
        60.67609786987305,
        59.293508529663086,
        101.61805152893066,
        103.29937934875488,
        114.71772193908691,
        60.42289733886719,
        100.98838806152344,
        61.08999252319336,
        62.25919723510742,
        61.67268753051758,
        102.60629653930664,
        68.88461112976074,
        104.19368743896484,
        60.50467491149902,
        104.44498062133789,
        123.40378761291504,
        61.905622482299805,
        60.19926071166992,
        102.74767875671387,
        61.10024452209473,
        62.04938888549805
    ],
    "wrong_email_times_account2": [
        16.9064998626709,
        18.2492733001709,
        33.26010704040527,
        32.87792205810547,
        31.65602684020996,
        44.283151626586914,
        41.67795181274414,
        33.09965133666992,
        17.215967178344727,
        19.96469497680664,
        32.88388252258301,
        17.886877059936523,
        17.664194107055664,
        16.88218116760254,
        34.50655937194824,
        17.78388023376465,
        33.04100036621094,
        19.447803497314453,
        41.45407676696777,
        39.62826728820801,
        19.604206085205078,
        32.73463249206543,
        18.106937408447266,
        18.153905868530273,
        17.543792724609375,
        18.769502639770508,
        17.014503479003906,
        17.54617691040039,
        31.261205673217773,
        32.68122673034668,
        39.11304473876953,
        17.40288734436035,
        17.510175704956055,
        17.403125762939453,
        35.066843032836914,
        33.84208679199219,
        32.69600868225098,
        34.236907958984375,
        16.806364059448242,
        23.165464401245117,
        17.499446868896484,
        17.92764663696289,
        17.085790634155273,
        33.15997123718262,
        33.002376556396484,
        32.64570236206055,
        17.864465713500977,
        31.856060028076172,
        16.853809356689453,
        17.468929290771484
    ],
    "wrong_pw_times_account2": [
        59.91625785827637,
        60.988426208496094,
        102.66494750976562,
        103.35588455200195,
        62.29400634765625,
        102.0345687866211,
        102.71620750427246,
        112.28060722351074,
        108.13713073730469,
        100.62336921691895,
        61.356306076049805,
        104.68316078186035,
        60.4252815246582,
        103.01470756530762,
        102.38337516784668,
        60.61410903930664,
        60.333251953125,
        103.44099998474121,
        64.40186500549316,
        60.979366302490234,
        103.03902626037598,
        114.97330665588379,
        104.52961921691895,
        104.13002967834473,
        66.32661819458008,
        60.98151206970215,
        61.067819595336914,
        102.34212875366211,
        60.68992614746094,
        101.4869213104248,
        101.32622718811035,
        60.943603515625,
        102.92315483093262,
        60.881614685058594,
        103.38473320007324,
        103.61599922180176,
        102.15258598327637,
        101.8381118774414,
        102.75959968566895,
        104.91633415222168,
        104.14958000183105,
        60.448408126831055,
        59.902191162109375,
        105.03029823303223,
        60.43696403503418,
        61.617374420166016,
        59.84139442443848,
        102.29063034057617,
        103.38568687438965,
        103.60908508300781
    ]
}