{
    "wrong_email_times_account1": [
        17.429828643798828,
        33.1265926361084,
        19.17290687561035,
        32.56940841674805,
        34.40427780151367,
        18.842220306396484,
        34.185171127319336,
        32.271385192871094,
        35.332679748535156,
        20.106077194213867,
        32.2723388671875,
        34.773826599121094,
        33.08916091918945,
        35.94803810119629,
        16.585111618041992,
        33.40864181518555,
        16.777515411376953,
        33.7834358215332,
        26.31688117980957,
        17.26508140563965,
        37.047386169433594,
        32.81545639038086,
        34.04045104980469,
        16.56627655029297,
        17.558813095092773,
        17.552852630615234,
        18.152475357055664,
        34.285783767700195,
        48.157453536987305,
        47.33395576477051,
        19.10114288330078,
        17.638683319091797,
        34.757137298583984,
        18.17154884338379,
        46.89311981201172,
        36.85569763183594,
        17.673969268798828,
        30.78293800354004,
        33.045291900634766,
        18.225908279418945,
        36.80872917175293,
        20.424604415893555,
        35.05516052246094,
        18.004894256591797,
        37.349700927734375,
        18.83840560913086,
        16.508817672729492,
        17.342090606689453,
        18.374919891357422,
        18.111705780029297
    ],
    "wrong_pw_times_account1": [
        103.61337661743164,
        61.17081642150879,
        102.96344757080078,
        104.4771671295166,
        68.97211074829102,
        60.51445007324219,
        62.13831901550293,
        60.62769889831543,
        59.920310974121094,
        103.3015251159668,
        60.5158805847168,
        59.393882751464844,
        102.45680809020996,
        121.22750282287598,
        62.966346740722656,
        68.68982315063477,
        102.55146026611328,
        106.71877861022949,
        104.66814041137695,
        109.81512069702148,
        65.51504135131836,
        103.58333587646484,
        103.57475280761719,
        102.88882255554199,
        86.94791793823242,
        120.28646469116211,
        60.776472091674805,
        60.286760330200195,
        59.92245674133301,
        59.970855712890625,
        60.123443603515625,
        66.0703182220459,
        104.31957244873047,
        70.27530670166016,
        62.177419662475586,
        104.0949821472168,
        63.52114677429199,
        62.623023986816406,
        60.26649475097656,
        63.39859962463379,
        60.08291244506836,
        103.27601432800293,
        60.41240692138672,
        105.40986061096191,
        61.113834381103516,
        64.56470489501953,
        60.60624122619629,
        61.48838996887207,
        115.24367332458496,
        103.6520004272461
    ],
    "wrong_email_times_account2": [
        35.11214256286621,
        17.30513572692871,
        16.89600944519043,
        35.80427169799805,
        35.050153732299805,
        33.01835060119629,
        33.438920974731445,
        16.619205474853516,
        26.149272918701172,
        17.799854278564453,
        34.265756607055664,
        16.790151596069336,
        33.19907188415527,
        17.3337459564209,
        33.63680839538574,
        26.007890701293945,
        33.46967697143555,
        33.1568717956543,
        17.584562301635742,
        16.305208206176758,
        17.446517944335938,
        32.746315002441406,
        17.429351806640625,
        33.95366668701172,
        32.912254333496094,
        17.9290771484375,
        28.363943099975586,
        17.72785186767578,
        17.080307006835938,
        18.3408260345459,
        35.71796417236328,
        35.50219535827637,
        17.987966537475586,
        17.579078674316406,
        17.319440841674805,
        17.23003387451172,
        32.73367881774902,
        36.03243827819824,
        53.75313758850098,
        34.50632095336914,
        31.89539909362793,
        17.771005630493164,
        17.344951629638672,
        17.11583137512207,
        37.58883476257324,
        17.028093338012695,
        32.697439193725586,
        17.6088809967041,
        16.919612884521484,
        19.518613815307617
    ],
    "wrong_pw_times_account2": [
        60.14204025268555,
        107.95855522155762,
        60.52994728088379,
        101.61733627319336,
        101.34768486022949,
        103.81054878234863,
        59.603214263916016,
        102.6763916015625,
        104.74157333374023,
        61.21516227722168,
        102.60128974914551,
        101.9430160522461,
        60.57333946228027,
        105.1931381225586,
        61.24615669250488,
        104.38132286071777,
        103.33800315856934,
        102.55670547485352,
        119.10724639892578,
        102.6310920715332,
        69.1831111907959,
        102.41389274597168,
        102.27274894714355,
        103.67751121520996,
        62.42513656616211,
        103.50942611694336,
        118.4840202331543,
        101.45401954650879,
        105.04436492919922,
        102.20146179199219,
        61.67101860046387,
        105.34286499023438,
        102.97131538391113,
        61.83648109436035,
        103.00016403198242,
        102.59628295898438,
        104.61044311523438,
        102.15330123901367,
        103.72281074523926,
        108.19792747497559,
        114.77303504943848,
        100.64435005187988,
        60.59384346008301,
        65.42062759399414,
        78.9785385131836,
        102.36930847167969,
        102.76556015014648,
        66.90859794616699,
        60.622453689575195,
        103.9741039276123
    ]
}