{
    "wrong_email_times_account1": [
        51.59711837768555,
        50.815582275390625,
        31.050682067871094,
        17.27128028869629,
        17.14301109313965,
        32.09352493286133,
        32.91463851928711,
        33.539533615112305,
        18.27239990234375,
        34.20305252075195,
        32.02962875366211,
        33.098459243774414,
        32.09972381591797,
        36.251068115234375,
        33.41317176818848,
        26.411771774291992,
        34.23571586608887,
        16.301631927490234,
        16.812562942504883,
        17.802715301513672,
        19.24920082092285,
        48.91610145568848,
        16.928911209106445,
        16.848087310791016,
        33.399343490600586,
        33.1425666809082,
        32.190799713134766,
        32.44352340698242,
        17.34018325805664,
        33.35380554199219,
        33.29968452453613,
        19.05369758605957,
        32.38868713378906,
        35.24518013000488,
        32.01127052307129,
        34.173011779785156,
        34.12675857543945,
        46.94676399230957,
        32.36818313598633,
        26.66759490966797,
        34.12008285522461,
        17.21978187561035,
        32.43732452392578,
        24.038314819335938,
        17.12632179260254,
        18.234968185424805,
        17.432689666748047,
        18.054962158203125,
        18.139362335205078,
        32.20224380493164
    ],
    "wrong_pw_times_account1": [
        62.103271484375,
        114.08066749572754,
        102.80418395996094,
        61.40303611755371,
        59.88144874572754,
        104.62522506713867,
        61.737060546875,
        60.901641845703125,
        103.20377349853516,
        105.10492324829102,
        60.30631065368652,
        60.67323684692383,
        60.80341339111328,
        60.36710739135742,
        104.60686683654785,
        104.63237762451172,
        60.00351905822754,
        60.5466365814209,
        61.57517433166504,
        102.58769989013672,
        102.1585464477539,
        59.23199653625488,
        103.4703254699707,
        103.82270812988281,
        101.79853439331055,
        60.23859977722168,
        60.181379318237305,
        122.8792667388916,
        65.75989723205566,
        60.98175048828125,
        60.28890609741211,
        61.2032413482666,
        70.71566581726074,
        67.75188446044922,
        103.80315780639648,
        74.10240173339844,
        59.6311092376709,
        66.62225723266602,
        110.61596870422363,
        60.30988693237305,
        100.48794746398926,
        102.84781455993652,
        60.50372123718262,
        101.26233100891113,
        61.566829681396484,
        62.38508224487305,
        115.46802520751953,
        103.72328758239746,
        60.53638458251953,
        60.32681465148926
    ],
    "wrong_email_times_account2": [
        18.316984176635742,
        32.51171112060547,
        33.644676208496094,
        17.17066764831543,
        19.290447235107422,
        17.822742462158203,
        24.173974990844727,
        53.94792556762695,
        32.92560577392578,
        34.98673439025879,
        34.38997268676758,
        32.85098075866699,
        17.51875877380371,
        17.072677612304688,
        17.79031753540039,
        17.050981521606445,
        19.231081008911133,
        34.096717834472656,
        17.07768440246582,
        16.231536865234375,
        18.772363662719727,
        17.53973960876465,
        37.20259666442871,
        33.59031677246094,
        36.466121673583984,
        17.36736297607422,
        36.77225112915039,
        35.42470932006836,
        33.568382263183594,
        33.664703369140625,
        31.2502384185791,
        33.852338790893555,
        16.843557357788086,
        32.300710678100586,
        16.81375503540039,
        33.62679481506348,
        36.65757179260254,
        33.67733955383301,
        17.726898193359375,
        17.141342163085938,
        32.68265724182129,
        32.17959403991699,
        47.635793685913086,
        34.628868103027344,
        32.21011161804199,
        17.254352569580078,
        35.66598892211914,
        32.96041488647461,
        32.29475021362305,
        33.39052200317383
    ],
    "wrong_pw_times_account2": [
        63.91119956970215,
        101.5782356262207,
        101.4552116394043,
        60.204505920410156,
        60.90497970581055,
        107.32841491699219,
        64.4981861114502,
        102.79035568237305,
        101.6075611114502,
        60.09793281555176,
        68.99642944335938,
        61.02252006530762,
        107.1481704711914,
        58.974266052246094,
        60.54067611694336,
        60.89162826538086,
        62.213897705078125,
        104.70223426818848,
        103.75094413757324,
        60.19759178161621,
        100.41141510009766,
        102.4482250213623,
        103.71136665344238,
        60.45079231262207,
        60.797929763793945,
        102.57363319396973,
        69.47135925292969,
        100.88205337524414,
        71.63143157958984,
        60.00709533691406,
        63.37261199951172,
        101.80068016052246,
        103.35564613342285,
        103.14679145812988,
        102.1280288696289,
        100.82459449768066,
        110.96501350402832,
        102.93436050415039,
        126.99770927429199,
        102.60677337646484,
        60.324668884277344,
        59.571266174316406,
        68.64666938781738,
        104.42709922790527,
        102.28109359741211,
        105.81350326538086,
        103.93500328063965,
        103.12318801879883,
        59.41915512084961,
        64.53752517700195
    ]
}