{
    "wrong_email_times_account1": [
        31.020641326904297,
        19.04463768005371,
        35.78972816467285,
        19.31595802307129,
        34.238338470458984,
        17.605066299438477,
        19.696712493896484,
        36.61632537841797,
        17.517566680908203,
        33.698081970214844,
        33.727407455444336,
        17.893552780151367,
        16.500473022460938,
        18.001556396484375,
        31.965255737304688,
        17.952442169189453,
        18.459081649780273,
        24.57261085510254,
        32.073974609375,
        17.00901985168457,
        34.760475158691406,
        32.215118408203125,
        17.861604690551758,
        18.01323890686035,
        34.01041030883789,
        17.0896053314209,
        17.077207565307617,
        33.94818305969238,
        17.797470092773438,
        19.2413330078125,
        17.06218719482422,
        33.30564498901367,
        33.61034393310547,
        17.812728881835938,
        17.8525447845459,
        34.64651107788086,
        31.672000885009766,
        34.1031551361084,
        17.576217651367188,
        18.062114715576172,
        32.35292434692383,
        34.010887145996094,
        17.658710479736328,
        16.2050724029541,
        16.689062118530273,
        34.28530693054199,
        33.199310302734375,
        31.822681427001953,
        17.16327667236328,
        35.147905349731445
    ],
    "wrong_pw_times_account1": [
        102.16808319091797,
        99.60246086120605,
        60.50586700439453,
        103.46269607543945,
        103.43694686889648,
        105.60464859008789,
        62.772512435913086,
        102.52547264099121,
        102.14543342590332,
        101.39346122741699,
        61.805009841918945,
        104.02417182922363,
        60.76765060424805,
        61.19704246520996,
        62.127113342285156,
        59.929847717285156,
        60.27507781982422,
        116.5921688079834,
        105.69000244140625,
        115.22388458251953,
        63.954830169677734,
        103.0282974243164,
        102.66947746276855,
        101.28188133239746,
        60.69493293762207,
        125.22411346435547,
        104.49934005737305,
        60.72998046875,
        104.10594940185547,
        103.00588607788086,
        101.39894485473633,
        61.10668182373047,
        60.956478118896484,
        61.82575225830078,
        60.045719146728516,
        65.14334678649902,
        105.61513900756836,
        61.56277656555176,
        61.81192398071289,
        104.62498664855957,
        102.79035568237305,
        64.85891342163086,
        103.29961776733398,
        103.16967964172363,
        63.77911567687988,
        60.76335906982422,
        64.02277946472168,
        60.66560745239258,
        117.51198768615723,
        60.28008460998535
    ],
    "wrong_email_times_account2": [
        18.78213882446289,
        18.784761428833008,
        17.406940460205078,
        33.895015716552734,
        46.44298553466797,
        33.56361389160156,
        17.37070083618164,
        34.67059135437012,
        22.377967834472656,
        19.792795181274414,
        17.10343360900879,
        38.010597229003906,
        33.99085998535156,
        32.77134895324707,
        33.258676528930664,
        43.95890235900879,
        34.0578556060791,
        17.055273056030273,
        33.47349166870117,
        37.149906158447266,
        32.71365165710449,
        33.86688232421875,
        48.57325553894043,
        34.73782539367676,
        30.893564224243164,
        34.677982330322266,
        34.46149826049805,
        34.96861457824707,
        18.100500106811523,
        32.849788665771484,
        33.98323059082031,
        18.634796142578125,
        31.85248374938965,
        36.2851619720459,
        18.217802047729492,
        33.46729278564453,
        19.434690475463867,
        33.72001647949219,
        17.570018768310547,
        16.93272590637207,
        17.543554306030273,
        34.71970558166504,
        20.328760147094727,
        33.74528884887695,
        34.197092056274414,
        20.83110809326172,
        26.346206665039062,
        17.610788345336914,
        37.06645965576172,
        32.831430435180664
    ],
    "wrong_pw_times_account2": [
        64.11194801330566,
        59.89503860473633,
        61.380624771118164,
        60.05072593688965,
        69.4589614868164,
        101.93920135498047,
        102.6601791381836,
        64.76831436157227,
        60.866355895996094,
        103.68776321411133,
        60.92643737792969,
        60.990095138549805,
        102.51474380493164,
        59.509992599487305,
        61.24687194824219,
        61.08832359313965,
        103.01351547241211,
        102.61416435241699,
        61.70225143432617,
        63.07053565979004,
        102.30755805969238,
        60.35757064819336,
        102.8904914855957,
        104.64835166931152,
        104.30669784545898,
        126.08861923217773,
        61.16080284118652,
        103.62792015075684,
        63.770294189453125,
        99.17521476745605,
        100.47030448913574,
        67.18707084655762,
        60.60004234313965,
        102.86617279052734,
        60.14418601989746,
        59.62014198303223,
        69.65112686157227,
        103.85370254516602,
        60.053348541259766,
        102.88310050964355,
        102.84662246704102,
        59.64541435241699,
        103.0733585357666,
        103.13582420349121,
        61.542510986328125,
        104.41374778747559,
        69.36931610107422,
        61.15078926086426,
        101.7601490020752,
        102.80990600585938
    ]
}