{
    "wrong_email_times_account1": [
        34.75379943847656,
        31.767606735229492,
        34.299612045288086,
        32.561302185058594,
        18.968820571899414,
        17.247915267944336,
        33.27345848083496,
        33.73861312866211,
        21.91019058227539,
        36.267757415771484,
        35.79878807067871,
        33.724308013916016,
        40.445566177368164,
        18.301725387573242,
        34.12771224975586,
        31.901121139526367,
        17.37833023071289,
        25.90346336364746,
        32.195091247558594,
        17.00735092163086,
        34.02876853942871,
        34.22665596008301,
        36.79060935974121,
        23.452043533325195,
        17.55380630493164,
        23.863554000854492,
        32.75728225708008,
        28.258800506591797,
        34.4691276550293,
        33.53714942932129,
        28.54132652282715,
        34.11245346069336,
        20.6756591796875,
        33.58602523803711,
        26.600360870361328,
        32.29236602783203,
        16.604185104370117,
        17.313480377197266,
        17.58098602294922,
        34.22093391418457,
        17.568588256835938,
        17.25029945373535,
        18.494129180908203,
        34.01684761047363,
        18.910884857177734,
        33.75601768493652,
        16.66879653930664,
        51.06353759765625,
        31.68511390686035,
        34.81268882751465
    ],
    "wrong_pw_times_account1": [
        104.2032241821289,
        61.32388114929199,
        60.504913330078125,
        60.617685317993164,
        101.90629959106445,
        60.1198673248291,
        60.32824516296387,
        103.57117652893066,
        111.17792129516602,
        103.61766815185547,
        62.05868721008301,
        60.29844284057617,
        103.46555709838867,
        102.38218307495117,
        103.27029228210449,
        103.61766815185547,
        60.59432029724121,
        101.96232795715332,
        111.07015609741211,
        102.63633728027344,
        102.61845588684082,
        60.593366622924805,
        68.76349449157715,
        99.9290943145752,
        102.21433639526367,
        109.7404956817627,
        81.69770240783691,
        101.43637657165527,
        105.20720481872559,
        60.01734733581543,
        103.72424125671387,
        104.08735275268555,
        103.78456115722656,
        121.31094932556152,
        61.1264705657959,
        118.79158020019531,
        104.45690155029297,
        61.81526184082031,
        109.19475555419922,
        102.1273136138916,
        60.24456024169922,
        103.96099090576172,
        59.969186782836914,
        60.62006950378418,
        103.59907150268555,
        62.61730194091797,
        101.3784408569336,
        60.392141342163086,
        61.728477478027344,
        60.613393783569336
    ],
    "wrong_email_times_account2": [
        37.54782676696777,
        17.992258071899414,
        17.20261573791504,
        19.30975914001465,
        33.0204963684082,
        32.822608947753906,
        27.852296829223633,
        32.9890251159668,
        48.36845397949219,
        18.190622329711914,
        16.663074493408203,
        17.592906951904297,
        34.89089012145996,
        35.704851150512695,
        20.15399932861328,
        17.81606674194336,
        17.185449600219727,
        17.632722854614258,
        34.25168991088867,
        33.99491310119629,
        16.62278175354004,
        32.77301788330078,
        33.591270446777344,
        17.627239227294922,
        35.10594367980957,
        31.90779685974121,
        17.200708389282227,
        37.19186782836914,
        35.4769229888916,
        32.12690353393555,
        34.174203872680664,
        19.252538681030273,
        37.71805763244629,
        18.63861083984375,
        17.231464385986328,
        34.82937812805176,
        18.932104110717773,
        32.39774703979492,
        20.267486572265625,
        47.4698543548584,
        17.348051071166992,
        34.070730209350586,
        22.054433822631836,
        36.55433654785156,
        35.35151481628418,
        33.3709716796875,
        17.486095428466797,
        32.23156929016113,
        32.55724906921387,
        16.668319702148438
    ],
    "wrong_pw_times_account2": [
        102.35190391540527,
        60.99820137023926,
        60.65988540649414,
        60.411930084228516,
        100.97360610961914,
        59.340476989746094,
        103.56807708740234,
        60.85562705993652,
        103.8506031036377,
        105.51929473876953,
        104.70223426818848,
        61.05685234069824,
        61.64860725402832,
        59.389591217041016,
        102.21552848815918,
        60.699462890625,
        61.153411865234375,
        69.89669799804688,
        59.89217758178711,
        60.34207344055176,
        103.26123237609863,
        62.81590461730957,
        60.60028076171875,
        104.64096069335938,
        103.59501838684082,
        104.38251495361328,
        61.19132041931152,
        60.46128273010254,
        119.39454078674316,
        67.25907325744629,
        60.111284255981445,
        104.77042198181152,
        60.54997444152832,
        66.69807434082031,
        64.31913375854492,
        60.324907302856445,
        103.76501083374023,
        59.55314636230469,
        59.493064880371094,
        102.45275497436523,
        104.35938835144043,
        60.49084663391113,
        60.21428108215332,
        104.34556007385254,
        100.92329978942871,
        71.3958740234375,
        104.98666763305664,
        60.41073799133301,
        101.88865661621094,
        102.36740112304688
    ]
}