{
    "wrong_email_times_account1": [
        17.5933837890625,
        17.30060577392578,
        18.50581169128418,
        17.79460906982422,
        33.07056427001953,
        34.68918800354004,
        17.264127731323242,
        32.77707099914551,
        17.095088958740234,
        32.67192840576172,
        31.412124633789062,
        17.20571517944336,
        33.2794189453125,
        17.298221588134766,
        31.80861473083496,
        32.68122673034668,
        33.49423408508301,
        16.945838928222656,
        36.470890045166016,
        43.114662170410156,
        32.7000617980957,
        16.9985294342041,
        34.07478332519531,
        33.49614143371582,
        33.289432525634766,
        34.81769561767578,
        34.76119041442871,
        16.931772232055664,
        32.883405685424805,
        32.633304595947266,
        33.35857391357422,
        17.5783634185791,
        33.47659111022949,
        33.860206604003906,
        19.225597381591797,
        17.26055145263672,
        18.59903335571289,
        33.394813537597656,
        31.807661056518555,
        33.81848335266113,
        16.695261001586914,
        17.889738082885742,
        32.63711929321289,
        27.72378921508789,
        17.449378967285156,
        17.37499237060547,
        21.46315574645996,
        16.665220260620117,
        16.940832138061523,
        31.961679458618164
    ],
    "wrong_pw_times_account1": [
        59.36861038208008,
        60.22047996520996,
        61.079978942871094,
        116.63007736206055,
        101.58586502075195,
        103.1193733215332,
        60.8522891998291,
        60.581207275390625,
        102.06437110900879,
        60.70065498352051,
        64.8646354675293,
        101.82976722717285,
        60.56642532348633,
        102.5993824005127,
        60.54520606994629,
        60.91642379760742,
        61.641693115234375,
        103.11174392700195,
        102.67329216003418,
        112.43367195129395,
        60.895681381225586,
        61.19394302368164,
        100.66866874694824,
        103.04689407348633,
        114.06159400939941,
        60.393571853637695,
        59.62371826171875,
        102.56624221801758,
        60.31632423400879,
        101.16934776306152,
        61.8128776550293,
        59.8452091217041,
        104.15244102478027,
        60.46414375305176,
        60.194969177246094,
        101.89461708068848,
        60.30082702636719,
        69.6556568145752,
        103.35230827331543,
        102.10490226745605,
        60.14680862426758,
        59.51046943664551,
        65.99545478820801,
        100.80671310424805,
        65.89579582214355,
        102.91671752929688,
        60.294389724731445,
        77.53300666809082,
        104.14338111877441,
        61.99979782104492
    ],
    "wrong_email_times_account2": [
        17.572879791259766,
        17.51232147216797,
        32.91130065917969,
        33.90669822692871,
        32.81664848327637,
        32.308101654052734,
        16.957998275756836,
        17.034530639648438,
        38.542985916137695,
        41.91446304321289,
        16.81232452392578,
        17.411470413208008,
        30.907154083251953,
        16.860485076904297,
        16.829967498779297,
        42.35529899597168,
        17.435073852539062,
        32.77730941772461,
        17.02880859375,
        31.894683837890625,
        17.663240432739258,
        17.234086990356445,
        32.491207122802734,
        31.259536743164062,
        32.99689292907715,
        17.681598663330078,
        18.38397979736328,
        17.360210418701172,
        18.281936645507812,
        20.923614501953125,
        39.763689041137695,
        39.49594497680664,
        24.02949333190918,
        16.885995864868164,
        17.165660858154297,
        33.70952606201172,
        32.909393310546875,
        31.381845474243164,
        33.27059745788574,
        33.38766098022461,
        34.10458564758301,
        17.246246337890625,
        33.719778060913086,
        48.650503158569336,
        31.847238540649414,
        16.661405563354492,
        18.111228942871094,
        33.30397605895996,
        41.29767417907715,
        32.89437294006348
    ],
    "wrong_pw_times_account2": [
        59.63897705078125,
        103.33657264709473,
        62.74580955505371,
        66.90859794616699,
        59.98563766479492,
        60.076236724853516,
        61.16628646850586,
        100.47268867492676,
        59.960126876831055,
        100.14510154724121,
        66.67876243591309,
        104.84099388122559,
        102.67376899719238,
        60.8212947845459,
        99.21789169311523,
        60.933589935302734,
        59.73410606384277,
        63.1258487701416,
        59.79728698730469,
        101.9744873046875,
        61.57064437866211,
        60.251474380493164,
        103.6994457244873,
        61.78092956542969,
        60.93645095825195,
        61.06829643249512,
        102.63442993164062,
        60.42742729187012,
        101.06086730957031,
        63.147783279418945,
        65.77110290527344,
        60.07742881774902,
        60.347795486450195,
        103.91426086425781,
        102.07772254943848,
        100.84199905395508,
        59.661865234375,
        102.76556015014648,
        71.72322273254395,
        60.250043869018555,
        59.47470664978027,
        102.63705253601074,
        100.1131534576416,
        60.05549430847168,
        103.08194160461426,
        100.17561912536621,
        60.36686897277832,
        59.51213836669922,
        60.47630310058594,
        61.00654602050781
    ]
}