{
    "wrong_email_times_account1": [
        33.91718864440918,
        45.615196228027344,
        33.37812423706055,
        17.837047576904297,
        19.479036331176758,
        33.751726150512695,
        18.885374069213867,
        27.667760848999023,
        17.01951026916504,
        17.864227294921875,
        16.68262481689453,
        33.10537338256836,
        16.89457893371582,
        17.726898193359375,
        25.613069534301758,
        34.29603576660156,
        33.35118293762207,
        33.20479393005371,
        34.143686294555664,
        17.304420471191406,
        31.130313873291016,
        32.26327896118164,
        17.210721969604492,
        33.37454795837402,
        32.40227699279785,
        32.80472755432129,
        33.4467887878418,
        16.92676544189453,
        17.56119728088379,
        19.55890655517578,
        18.413782119750977,
        17.165422439575195,
        17.070770263671875,
        17.304182052612305,
        32.555341720581055,
        20.615577697753906,
        17.899513244628906,
        17.087936401367188,
        33.4324836730957,
        32.707929611206055,
        17.46845245361328,
        18.220186233520508,
        32.56344795227051,
        33.37430953979492,
        17.348527908325195,
        17.642736434936523,
        33.42080116271973,
        16.744136810302734,
        16.274452209472656,
        16.873836517333984
    ],
    "wrong_pw_times_account1": [
        101.64308547973633,
        101.43470764160156,
        61.940670013427734,
        61.18488311767578,
        124.82047080993652,
        102.70309448242188,
        60.91499328613281,
        60.81128120422363,
        62.281131744384766,
        60.56475639343262,
        106.83226585388184,
        60.42814254760742,
        102.70476341247559,
        103.61862182617188,
        62.180280685424805,
        107.64217376708984,
        104.05755043029785,
        103.02877426147461,
        59.8452091217041,
        61.3558292388916,
        62.53671646118164,
        102.2946834564209,
        64.00036811828613,
        61.45596504211426,
        103.0728816986084,
        100.83627700805664,
        60.99367141723633,
        62.21604347229004,
        102.89263725280762,
        61.27667427062988,
        104.3844223022461,
        61.6147518157959,
        100.97813606262207,
        59.8907470703125,
        102.02598571777344,
        102.68735885620117,
        116.26720428466797,
        61.64836883544922,
        103.74593734741211,
        102.35428810119629,
        101.2575626373291,
        110.80431938171387,
        102.98943519592285,
        101.96375846862793,
        61.71083450317383,
        61.080217361450195,
        101.56989097595215,
        60.45866012573242,
        72.3872184753418,
        106.35805130004883
    ],
    "wrong_email_times_account2": [
        45.62973976135254,
        34.9581241607666,
        31.666278839111328,
        33.50400924682617,
        49.31449890136719,
        17.30966567993164,
        17.621994018554688,
        33.104658126831055,
        33.237457275390625,
        31.479835510253906,
        33.98394584655762,
        31.8300724029541,
        33.638954162597656,
        17.024993896484375,
        38.16676139831543,
        33.31756591796875,
        16.54982566833496,
        18.0208683013916,
        34.681081771850586,
        32.967329025268555,
        31.524658203125,
        18.593788146972656,
        17.39501953125,
        31.48651123046875,
        16.262531280517578,
        32.714128494262695,
        16.574382781982422,
        31.798601150512695,
        16.699790954589844,
        22.695541381835938,
        26.00264549255371,
        16.850948333740234,
        36.104440689086914,
        33.03122520446777,
        16.602039337158203,
        34.735918045043945,
        34.247636795043945,
        17.311573028564453,
        17.650604248046875,
        35.72392463684082,
        17.002344131469727,
        32.82332420349121,
        33.895015716552734,
        17.3795223236084,
        16.38960838317871,
        17.292261123657227,
        17.21644401550293,
        17.49873161315918,
        16.833066940307617,
        16.796112060546875
    ],
    "wrong_pw_times_account2": [
        101.2117862701416,
        61.21110916137695,
        60.85705757141113,
        100.53062438964844,
        61.31148338317871,
        60.06503105163574,
        61.318397521972656,
        60.20784378051758,
        103.79433631896973,
        60.417890548706055,
        103.84988784790039,
        60.61840057373047,
        104.66790199279785,
        82.31115341186523,
        60.4557991027832,
        63.42744827270508,
        61.208248138427734,
        60.7759952545166,
        63.14206123352051,
        103.45983505249023,
        61.65003776550293,
        102.90217399597168,
        102.57363319396973,
        102.50163078308105,
        69.33951377868652,
        102.21052169799805,
        103.26385498046875,
        102.89978981018066,
        60.66179275512695,
        59.98086929321289,
        65.76251983642578,
        64.03994560241699,
        101.84931755065918,
        115.35286903381348,
        102.3857593536377,
        99.31564331054688,
        105.34787178039551,
        117.06137657165527,
        61.353445053100586,
        62.39008903503418,
        61.53678894042969,
        66.81680679321289,
        61.13553047180176,
        103.29318046569824,
        62.033653259277344,
        60.87636947631836,
        60.01996994018555,
        61.051368713378906,
        103.56712341308594,
        60.00781059265137
    ]
}