{
    "wrong_email_times_account1": [
        17.6849365234375,
        34.66510772705078,
        34.208059310913086,
        32.57155418395996,
        33.9207649230957,
        33.464670181274414,
        51.92422866821289,
        33.86974334716797,
        37.549495697021484,
        17.252445220947266,
        32.95421600341797,
        17.58742332458496,
        32.83286094665527,
        17.091989517211914,
        16.784191131591797,
        27.48417854309082,
        33.380985260009766,
        34.015655517578125,
        33.87856483459473,
        16.700029373168945,
        17.15683937072754,
        16.809463500976562,
        18.301010131835938,
        17.416954040527344,
        32.33003616333008,
        17.133235931396484,
        34.32106971740723,
        19.880056381225586,
        31.940221786499023,
        17.55666732788086,
        32.90843963623047,
        17.429828643798828,
        17.607688903808594,
        24.963855743408203,
        17.876863479614258,
        17.682790756225586,
        18.376588821411133,
        33.12277793884277,
        18.13054084777832,
        21.085262298583984,
        17.752647399902344,
        32.189130783081055,
        18.181800842285156,
        19.09017562866211,
        18.000125885009766,
        18.09859275817871,
        16.726255416870117,
        16.635656356811523,
        17.626047134399414,
        24.67799186706543
    ],
    "wrong_pw_times_account1": [
        107.46312141418457,
        120.09024620056152,
        103.44910621643066,
        66.9405460357666,
        101.36771202087402,
        60.579538345336914,
        102.66971588134766,
        60.05120277404785,
        101.07541084289551,
        103.07002067565918,
        103.22713851928711,
        61.097145080566406,
        60.6231689453125,
        68.12429428100586,
        59.595346450805664,
        61.08522415161133,
        61.7368221282959,
        60.14585494995117,
        106.63104057312012,
        59.564828872680664,
        61.00058555603027,
        60.08601188659668,
        73.73762130737305,
        104.06756401062012,
        101.6530990600586,
        61.054229736328125,
        60.88876724243164,
        60.64200401306152,
        72.83854484558105,
        101.44424438476562,
        62.06679344177246,
        102.16641426086426,
        101.18770599365234,
        62.9115104675293,
        103.18636894226074,
        103.52325439453125,
        60.04524230957031,
        101.09472274780273,
        103.09934616088867,
        60.04190444946289,
        111.49334907531738,
        104.02202606201172,
        64.85342979431152,
        103.66463661193848,
        59.93938446044922,
        61.73443794250488,
        100.77261924743652,
        63.436031341552734,
        62.75486946105957,
        63.06815147399902
    ],
    "wrong_email_times_account2": [
        17.44532585144043,
        34.050703048706055,
        32.29331970214844,
        17.482280731201172,
        32.965898513793945,
        33.1416130065918,
        19.05536651611328,
        17.03476905822754,
        38.446664810180664,
        32.92059898376465,
        18.549203872680664,
        33.208370208740234,
        30.978679656982422,
        29.736995697021484,
        34.90614891052246,
        32.17434883117676,
        18.124818801879883,
        34.90900993347168,
        34.488677978515625,
        32.97686576843262,
        31.817913055419922,
        17.960786819458008,
        22.87745475769043,
        17.296314239501953,
        32.69696235656738,
        17.969369888305664,
        31.460285186767578,
        18.71204376220703,
        34.33513641357422,
        17.730712890625,
        19.246339797973633,
        34.430503845214844,
        27.02808380126953,
        47.69325256347656,
        17.35377311706543,
        32.92512893676758,
        34.68036651611328,
        32.48023986816406,
        17.420530319213867,
        32.32240676879883,
        17.678260803222656,
        34.770965576171875,
        18.337011337280273,
        16.742467880249023,
        17.104387283325195,
        33.88547897338867,
        18.31841468811035,
        17.36140251159668,
        41.880130767822266,
        32.829999923706055
    ],
    "wrong_pw_times_account2": [
        116.38641357421875,
        61.11717224121094,
        103.12938690185547,
        101.90343856811523,
        103.76763343811035,
        102.1432876586914,
        103.18565368652344,
        60.805320739746094,
        66.2086009979248,
        61.05494499206543,
        103.80792617797852,
        101.39131546020508,
        102.06270217895508,
        102.71763801574707,
        60.85491180419922,
        61.005353927612305,
        101.47738456726074,
        115.65542221069336,
        60.3485107421875,
        62.72625923156738,
        61.48934364318848,
        61.01655960083008,
        102.0815372467041,
        60.49084663391113,
        102.35166549682617,
        60.90593338012695,
        65.01531600952148,
        100.94118118286133,
        60.656070709228516,
        104.52151298522949,
        103.65605354309082,
        102.64301300048828,
        61.13553047180176,
        59.78822708129883,
        101.77326202392578,
        102.25510597229004,
        104.06136512756348,
        60.92333793640137,
        105.71098327636719,
        60.800790786743164,
        59.36026573181152,
        102.42795944213867,
        72.49832153320312,
        60.40048599243164,
        103.2559871673584,
        101.24444961547852,
        104.07638549804688,
        62.30878829956055,
        62.42012977600098,
        71.41757011413574
    ]
}