{
    "wrong_pw_times_account1": [
        59.348106384277344,
        58.63618850708008,
        59.33403968811035,
        59.129953384399414,
        59.656620025634766,
        58.44306945800781,
        59.31210517883301,
        58.75086784362793,
        59.435129165649414,
        59.4785213470459,
        59.027910232543945,
        59.49974060058594,
        58.782100677490234,
        59.68666076660156,
        59.23056602478027,
        59.118032455444336,
        59.052228927612305,
        59.461355209350586,
        59.45014953613281,
        59.29994583129883,
        60.09650230407715,
        58.69793891906738,
        59.454917907714844,
        59.59510803222656,
        58.737993240356445,
        59.179067611694336,
        58.52937698364258,
        60.545921325683594,
        59.18765068054199,
        59.34429168701172,
        58.41326713562012,
        58.78138542175293,
        60.140132904052734,
        59.062957763671875,
        59.396982192993164,
        59.29732322692871,
        58.62712860107422,
        59.10015106201172,
        58.875083923339844,
        58.968544006347656,
        59.210777282714844,
        58.90607833862305,
        59.93771553039551,
        59.08513069152832,
        59.87739562988281,
        59.6158504486084,
        59.31806564331055,
        59.32331085205078,
        58.90941619873047,
        59.38410758972168
    ],
    "wrong_pw_times_account2": [
        59.3264102935791,
        59.02242660522461,
        59.70358848571777,
        59.58294868469238,
        59.39078330993652,
        58.5329532623291,
        59.819698333740234,
        58.92157554626465,
        59.093475341796875,
        59.235572814941406,
        59.94868278503418,
        58.974504470825195,
        59.19337272644043,
        59.47399139404297,
        58.896780014038086,
        60.234785079956055,
        58.942317962646484,
        59.5698356628418,
        59.05628204345703,
        59.01598930358887,
        59.168100357055664,
        59.22269821166992,
        59.314727783203125,
        59.17501449584961,
        59.758663177490234,
        58.70556831359863,
        58.67815017700195,
        59.183359146118164,
        58.94804000854492,
        59.340715408325195,
        60.462236404418945,
        59.3564510345459,
        58.740854263305664,
        59.04817581176758,
        59.404611587524414,
        59.56697463989258,
        59.42177772521973,
        59.21149253845215,
        59.973716735839844,
        58.94899368286133,
        59.53574180603027,
        58.84218215942383,
        59.19814109802246,
        59.66687202453613,
        60.0736141204834,
        59.654951095581055,
        60.04953384399414,
        59.05961990356445,
        59.29732322692871,
        59.4174861907959
    ],
    "wrong_email_times_account1": [
        17.182588577270508,
        17.22121238708496,
        16.472578048706055,
        17.595529556274414,
        17.64392852783203,
        17.398357391357422,
        17.5015926361084,
        16.828298568725586,
        17.291545867919922,
        16.657352447509766,
        17.931461334228516,
        17.27604866027832,
        16.554594039916992,
        16.810178756713867,
        17.17829704284668,
        16.832828521728516,
        17.023086547851562,
        17.27581024169922,
        17.606735229492188,
        17.061710357666016,
        16.937255859375,
        17.812013626098633,
        16.823291778564453,
        17.821550369262695,
        17.76742935180664,
        16.938209533691406,
        16.433238983154297,
        17.796993255615234,
        16.717195510864258,
        16.968965530395508,
        17.688274383544922,
        17.075538635253906,
        17.371177673339844,
        17.004728317260742,
        17.632246017456055,
        18.033742904663086,
        17.98534393310547,
        18.46790313720703,
        17.056703567504883,
        17.2426700592041,
        17.40574836730957,
        17.946958541870117,
        72.87955284118652,
        17.742395401000977,
        18.54705810546875,
        16.97707176208496,
        17.433643341064453,
        17.194747924804688,
        17.0443058013916,
        16.744375228881836
    ],
    "wrong_email_times_account2": [
        16.971349716186523,
        16.7238712310791,
        17.575979232788086,
        17.13275909423828,
        16.513586044311523,
        17.055511474609375,
        16.992568969726562,
        17.191410064697266,
        17.36140251159668,
        17.221450805664062,
        17.282962799072266,
        17.155885696411133,
        16.61205291748047,
        16.372203826904297,
        17.433881759643555,
        18.554210662841797,
        17.189502716064453,
        17.325401306152344,
        17.63606071472168,
        17.283201217651367,
        17.133474349975586,
        16.51144027709961,
        17.26675033569336,
        17.46082305908203,
        18.090248107910156,
        16.516923904418945,
        17.2879695892334,
        17.293691635131836,
        16.97540283203125,
        16.849040985107422,
        17.23623275756836,
        16.984224319458008,
        17.556428909301758,
        17.14348793029785,
        16.89314842224121,
        18.729209899902344,
        17.28510856628418,
        17.045259475708008,
        17.31252670288086,
        16.632080078125,
        17.905473709106445,
        17.479419708251953,
        18.051624298095703,
        16.985177993774414,
        16.968727111816406,
        17.04263687133789,
        17.017126083374023,
        17.206668853759766,
        17.119884490966797,
        16.71147346496582
    ]
}