{
    "wrong_pw_times_account1": [
        59.1888427734375,
        60.35661697387695,
        60.09221076965332,
        58.98737907409668,
        59.20243263244629,
        59.33022499084473,
        59.10682678222656,
        59.28468704223633,
        59.1731071472168,
        59.63706970214844,
        59.68165397644043,
        58.835744857788086,
        58.72225761413574,
        64.1169548034668,
        59.853315353393555,
        58.971405029296875,
        59.26966667175293,
        59.615135192871094,
        59.15689468383789,
        59.19384956359863,
        59.15212631225586,
        59.95631217956543,
        59.227705001831055,
        59.44108963012695,
        59.87977981567383,
        58.710575103759766,
        59.14449691772461,
        59.01169776916504,
        59.62944030761719,
        59.47685241699219,
        59.0364933013916,
        59.056997299194336,
        59.72886085510254,
        59.74888801574707,
        59.02290344238281,
        59.2646598815918,
        58.997154235839844,
        59.16762351989746,
        59.0815544128418,
        59.29923057556152,
        59.148550033569336,
        59.148311614990234,
        58.88628959655762,
        59.11064147949219,
        58.98857116699219,
        59.27324295043945,
        59.03267860412598,
        58.81810188293457,
        58.55965614318848,
        60.06646156311035
    ],
    "wrong_pw_times_account2": [
        59.21292304992676,
        59.61322784423828,
        59.331655502319336,
        58.77113342285156,
        59.02886390686035,
        59.162139892578125,
        59.75174903869629,
        59.54909324645996,
        59.20052528381348,
        59.288978576660156,
        58.74776840209961,
        59.30638313293457,
        59.52048301696777,
        59.546470642089844,
        59.0360164642334,
        58.63761901855469,
        59.43012237548828,
        59.024810791015625,
        59.16476249694824,
        58.9146614074707,
        59.79561805725098,
        58.97068977355957,
        59.15021896362305,
        59.36694145202637,
        59.03124809265137,
        59.0512752532959,
        59.23724174499512,
        58.915138244628906,
        59.72576141357422,
        59.5090389251709,
        59.336185455322266,
        59.38982963562012,
        59.249162673950195,
        60.584068298339844,
        59.01622772216797,
        58.99763107299805,
        58.96902084350586,
        59.5855712890625,
        59.65614318847656,
        60.30440330505371,
        59.63850021362305,
        59.46183204650879,
        59.48328971862793,
        59.59367752075195,
        58.96568298339844,
        58.74133110046387,
        58.8381290435791,
        59.012651443481445,
        58.70795249938965,
        58.585405349731445
    ],
    "wrong_email_times_account1": [
        17.96579360961914,
        17.979145050048828,
        17.4257755279541,
        16.51597023010254,
        16.76774024963379,
        18.297195434570312,
        17.484426498413086,
        17.235517501831055,
        17.419815063476562,
        17.211437225341797,
        17.02404022216797,
        16.737937927246094,
        17.168045043945312,
        17.10677146911621,
        17.529726028442383,
        17.51875877380371,
        18.550395965576172,
        17.075777053833008,
        17.7309513092041,
        18.170833587646484,
        17.27581024169922,
        17.87090301513672,
        17.684221267700195,
        17.519235610961914,
        17.168045043945312,
        16.933441162109375,
        17.29726791381836,
        16.8609619140625,
        16.787290573120117,
        17.23313331604004,
        17.06099510192871,
        17.475366592407227,
        17.5778865814209,
        16.70527458190918,
        17.477989196777344,
        17.28343963623047,
        16.2811279296875,
        16.824960708618164,
        17.31562614440918,
        17.224550247192383,
        69.54097747802734,
        17.05193519592285,
        16.916990280151367,
        16.3576602935791,
        16.74652099609375,
        16.94321632385254,
        16.566038131713867,
        16.889095306396484,
        17.10033416748047,
        16.499042510986328
    ],
    "wrong_email_times_account2": [
        16.80731773376465,
        16.90983772277832,
        17.676353454589844,
        16.998767852783203,
        16.933679580688477,
        16.524553298950195,
        17.132997512817383,
        16.567707061767578,
        17.273664474487305,
        17.69399642944336,
        17.157554626464844,
        17.20738410949707,
        17.63629913330078,
        17.235279083251953,
        18.485069274902344,
        17.20404624938965,
        17.50493049621582,
        16.80159568786621,
        17.06981658935547,
        16.986608505249023,
        17.040491104125977,
        18.418312072753906,
        16.957998275756836,
        16.874313354492188,
        16.850709915161133,
        16.889572143554688,
        69.46516036987305,
        16.801834106445312,
        17.007112503051758,
        16.971349716186523,
        17.10033416748047,
        17.220735549926758,
        17.2576904296875,
        17.058610916137695,
        17.757415771484375,
        16.8912410736084,
        16.46280288696289,
        17.255067825317383,
        23.24390411376953,
        17.358779907226562,
        17.22240447998047,
        17.228364944458008,
        17.558813095092773,
        17.035484313964844,
        16.77250862121582,
        17.644882202148438,
        16.791582107543945,
        16.622304916381836,
        17.28034019470215,
        17.40550994873047
    ]
}