{
    "wrong_pw_times_account1": [
        60.144901275634766,
        58.80117416381836,
        110.7492446899414,
        59.236764907836914,
        59.14640426635742,
        58.88772010803223,
        58.9296817779541,
        59.783220291137695,
        59.262752532958984,
        58.64858627319336,
        59.296369552612305,
        59.06510353088379,
        59.89503860473633,
        58.919668197631836,
        58.92181396484375,
        58.64071846008301,
        58.74276161193848,
        59.316158294677734,
        59.15355682373047,
        110.34226417541504,
        58.5329532623291,
        58.86983871459961,
        59.22842025756836,
        59.9057674407959,
        60.0283145904541,
        59.19766426086426,
        59.10038948059082,
        59.01074409484863,
        59.113502502441406,
        58.68721008300781,
        59.69738960266113,
        59.44323539733887,
        59.70144271850586,
        59.39936637878418,
        59.603214263916016,
        60.448646545410156,
        59.32760238647461,
        59.036970138549805,
        59.28945541381836,
        59.14759635925293,
        59.398651123046875,
        59.101104736328125,
        62.551021575927734,
        59.56149101257324,
        58.95876884460449,
        59.572696685791016,
        58.982133865356445,
        59.48233604431152,
        59.42130088806152,
        59.33356285095215
    ],
    "wrong_pw_times_account2": [
        59.861183166503906,
        58.50529670715332,
        59.545040130615234,
        59.087514877319336,
        59.24367904663086,
        59.51857566833496,
        59.00001525878906,
        59.18145179748535,
        59.09991264343262,
        58.997154235839844,
        59.67593193054199,
        59.273481369018555,
        59.155941009521484,
        59.06414985656738,
        59.174537658691406,
        59.27300453186035,
        58.75754356384277,
        59.66305732727051,
        59.2801570892334,
        58.95233154296875,
        59.50188636779785,
        58.99405479431152,
        59.554338455200195,
        58.83598327636719,
        58.90941619873047,
        59.48758125305176,
        59.499263763427734,
        59.32116508483887,
        60.141563415527344,
        58.87293815612793,
        59.30328369140625,
        59.20100212097168,
        58.99858474731445,
        59.134483337402344,
        59.01527404785156,
        59.049129486083984,
        59.2503547668457,
        58.87484550476074,
        59.15260314941406,
        59.37910079956055,
        59.133291244506836,
        59.140682220458984,
        59.0662956237793,
        59.29756164550781,
        59.70120429992676,
        60.194969177246094,
        59.35502052307129,
        58.7000846862793,
        59.39602851867676,
        58.87579917907715
    ],
    "wrong_email_times_account1": [
        17.462730407714844,
        16.77989959716797,
        17.18449592590332,
        17.397642135620117,
        17.319917678833008,
        17.455101013183594,
        17.30513572692871,
        17.246246337890625,
        17.174720764160156,
        17.51089096069336,
        17.398595809936523,
        17.35091209411621,
        16.491174697875977,
        17.072439193725586,
        16.8607234954834,
        17.264366149902344,
        16.713857650756836,
        16.953706741333008,
        16.87932014465332,
        17.856121063232422,
        17.17829704284668,
        16.561269760131836,
        17.359256744384766,
        17.48037338256836,
        16.875267028808594,
        17.268896102905273,
        17.46535301208496,
        16.986370086669922,
        17.135143280029297,
        16.848087310791016,
        17.4252986907959,
        17.04859733581543,
        16.954421997070312,
        16.91603660583496,
        17.185688018798828,
        17.044782638549805,
        17.757415771484375,
        18.050670623779297,
        16.70694351196289,
        17.490148544311523,
        16.9827938079834,
        17.45748519897461,
        16.700029373168945,
        16.845226287841797,
        17.190217971801758,
        17.2576904296875,
        16.917943954467773,
        17.222166061401367,
        17.44365692138672,
        17.205238342285156
    ],
    "wrong_email_times_account2": [
        17.214536666870117,
        16.7999267578125,
        16.860485076904297,
        16.838788986206055,
        16.626834869384766,
        16.9527530670166,
        16.917943954467773,
        17.5168514251709,
        16.811609268188477,
        17.506837844848633,
        17.24982261657715,
        17.502307891845703,
        17.578125,
        17.037153244018555,
        17.435073852539062,
        17.143964767456055,
        17.430782318115234,
        17.311811447143555,
        17.199277877807617,
        16.25347137451172,
        16.93868637084961,
        17.328500747680664,
        16.90816879272461,
        17.719030380249023,
        17.063140869140625,
        17.271757125854492,
        17.142772674560547,
        17.216920852661133,
        16.644001007080078,
        16.666412353515625,
        16.798019409179688,
        16.932964324951172,
        17.31705665588379,
        17.185688018798828,
        17.036914825439453,
        17.414569854736328,
        17.33088493347168,
        17.68636703491211,
        67.64483451843262,
        17.476320266723633,
        17.11893081665039,
        16.79539680480957,
        16.545772552490234,
        17.106056213378906,
        17.297029495239258,
        17.01188087463379,
        17.117023468017578,
        16.945838928222656,
        16.978025436401367,
        17.00615882873535
    ]
}