{
    "wrong_pw_times_account1": [
        59.844970703125,
        59.758901596069336,
        59.23175811767578,
        59.51189994812012,
        59.36264991760254,
        59.48328971862793,
        58.80093574523926,
        60.33730506896973,
        59.549808502197266,
        58.982133865356445,
        59.145450592041016,
        59.23104286193848,
        59.95535850524902,
        59.154510498046875,
        59.75604057312012,
        59.8292350769043,
        60.028076171875,
        59.2503547668457,
        59.40699577331543,
        59.67998504638672,
        60.10890007019043,
        59.39745903015137,
        59.67378616333008,
        59.1433048248291,
        59.8604679107666,
        59.4179630279541,
        58.81547927856445,
        59.320926666259766,
        59.287071228027344,
        59.149742126464844,
        59.392690658569336,
        60.44602394104004,
        58.69293212890625,
        59.2348575592041,
        59.13972854614258,
        59.12327766418457,
        58.66551399230957,
        59.919118881225586,
        59.83328819274902,
        59.082984924316406,
        59.418439865112305,
        59.39960479736328,
        59.33880805969238,
        59.050559997558594,
        58.81142616271973,
        59.499502182006836,
        58.88772010803223,
        59.53717231750488,
        58.7916374206543,
        59.65924263000488
    ],
    "wrong_pw_times_account2": [
        59.39340591430664,
        59.29994583129883,
        58.96782875061035,
        59.06224250793457,
        59.183359146118164,
        60.06431579589844,
        58.75110626220703,
        59.39054489135742,
        59.48829650878906,
        60.01901626586914,
        58.67910385131836,
        59.92484092712402,
        59.54098701477051,
        59.45396423339844,
        59.30638313293457,
        59.728384017944336,
        59.58247184753418,
        59.604644775390625,
        59.65065956115723,
        59.14807319641113,
        60.76478958129883,
        59.51523780822754,
        58.72011184692383,
        59.37075614929199,
        59.41295623779297,
        58.90679359436035,
        59.46946144104004,
        59.21578407287598,
        58.809518814086914,
        59.46993827819824,
        59.17716026306152,
        59.58914756774902,
        58.90464782714844,
        60.37139892578125,
        58.699607849121094,
        58.57419967651367,
        59.384822845458984,
        59.386491775512695,
        59.781551361083984,
        59.2350959777832,
        60.06908416748047,
        58.96615982055664,
        59.68904495239258,
        59.45253372192383,
        61.115264892578125,
        60.576677322387695,
        59.20052528381348,
        59.17692184448242,
        59.62824821472168,
        59.41939353942871
    ],
    "wrong_email_times_account1": [
        16.935110092163086,
        16.878366470336914,
        17.385244369506836,
        17.128467559814453,
        17.218589782714844,
        17.43769645690918,
        16.741514205932617,
        17.327547073364258,
        17.413616180419922,
        17.009258270263672,
        16.745805740356445,
        17.53091812133789,
        17.637968063354492,
        17.171144485473633,
        16.921520233154297,
        17.475128173828125,
        17.30942726135254,
        17.65894889831543,
        17.068862915039062,
        16.97063446044922,
        71.37727737426758,
        16.977310180664062,
        16.865253448486328,
        17.438888549804688,
        17.163991928100586,
        16.955852508544922,
        17.03953742980957,
        17.362594604492188,
        17.625808715820312,
        17.361879348754883,
        16.85357093811035,
        17.1506404876709,
        17.34137535095215,
        17.69709587097168,
        16.524791717529297,
        17.83132553100586,
        16.495943069458008,
        16.581058502197266,
        17.369508743286133,
        16.32094383239746,
        17.92597770690918,
        16.99090003967285,
        16.386747360229492,
        18.089771270751953,
        16.86692237854004,
        16.832590103149414,
        17.21668243408203,
        17.412900924682617,
        17.28034019470215,
        17.394304275512695
    ],
    "wrong_email_times_account2": [
        17.555952072143555,
        17.377376556396484,
        16.992568969726562,
        17.20118522644043,
        17.357826232910156,
        16.752958297729492,
        16.885757446289062,
        17.071247100830078,
        16.744613647460938,
        17.65894889831543,
        16.823291778564453,
        17.397642135620117,
        17.19379425048828,
        17.520904541015625,
        17.162322998046875,
        17.4713134765625,
        16.56627655029297,
        19.337892532348633,
        17.612695693969727,
        17.61150360107422,
        16.8459415435791,
        17.294883728027344,
        17.43602752685547,
        17.163753509521484,
        18.178701400756836,
        17.57359504699707,
        17.114639282226562,
        17.446279525756836,
        17.461538314819336,
        18.08786392211914,
        17.15397834777832,
        17.458438873291016,
        17.521142959594727,
        16.88098907470703,
        17.193317413330078,
        17.81177520751953,
        17.231464385986328,
        16.79849624633789,
        17.01211929321289,
        18.002986907958984,
        16.626358032226562,
        17.53067970275879,
        17.105579376220703,
        17.087936401367188,
        17.345905303955078,
        16.48569107055664,
        16.9222354888916,
        17.731189727783203,
        17.343521118164062,
        16.77680015563965
    ]
}