{
    "wrong_pw_times_account1": [
        59.61918830871582,
        58.89439582824707,
        59.30733680725098,
        58.6090087890625,
        59.53860282897949,
        59.36908721923828,
        59.18097496032715,
        58.96568298339844,
        58.8068962097168,
        58.79807472229004,
        110.46552658081055,
        59.15999412536621,
        57.81102180480957,
        59.13662910461426,
        58.88962745666504,
        59.53073501586914,
        59.25440788269043,
        59.072017669677734,
        59.15045738220215,
        59.34309959411621,
        59.035539627075195,
        59.24105644226074,
        59.4637393951416,
        58.8231086730957,
        59.20600891113281,
        58.850765228271484,
        58.80618095397949,
        58.75515937805176,
        59.25464630126953,
        58.713436126708984,
        58.86411666870117,
        59.206485748291016,
        59.83614921569824,
        58.94804000854492,
        58.72774124145508,
        59.24534797668457,
        59.294939041137695,
        59.01050567626953,
        60.265541076660156,
        58.92610549926758,
        59.290409088134766,
        58.4409236907959,
        59.622764587402344,
        59.29064750671387,
        59.43012237548828,
        59.04364585876465,
        58.98547172546387,
        58.464765548706055,
        59.691667556762695,
        59.49831008911133
    ],
    "wrong_pw_times_account2": [
        58.81905555725098,
        59.00073051452637,
        58.90774726867676,
        59.74888801574707,
        59.42368507385254,
        58.7160587310791,
        59.30805206298828,
        59.03196334838867,
        59.14497375488281,
        58.93874168395996,
        59.08370018005371,
        59.64016914367676,
        58.327674865722656,
        59.015512466430664,
        58.75968933105469,
        59.48162078857422,
        59.27085876464844,
        59.28158760070801,
        59.525251388549805,
        59.15641784667969,
        59.89527702331543,
        59.49902534484863,
        60.8065128326416,
        59.287071228027344,
        59.836387634277344,
        58.486223220825195,
        59.12375450134277,
        58.87103080749512,
        58.23063850402832,
        58.98284912109375,
        59.741973876953125,
        59.232473373413086,
        58.690786361694336,
        59.084415435791016,
        59.48138236999512,
        59.27848815917969,
        59.26632881164551,
        60.475826263427734,
        58.96806716918945,
        59.25798416137695,
        59.02504920959473,
        59.674978256225586,
        59.64183807373047,
        59.13591384887695,
        58.80999565124512,
        59.37361717224121,
        59.195518493652344,
        61.73276901245117,
        58.75396728515625,
        59.053897857666016
    ],
    "wrong_email_times_account1": [
        16.69478416442871,
        16.965150833129883,
        16.53909683227539,
        16.568660736083984,
        16.63994789123535,
        17.021894454956055,
        17.07005500793457,
        17.30656623840332,
        17.479896545410156,
        17.118215560913086,
        17.70329475402832,
        17.474651336669922,
        17.040252685546875,
        17.241954803466797,
        17.341136932373047,
        16.430377960205078,
        16.87932014465332,
        17.59195327758789,
        18.290996551513672,
        17.705678939819336,
        17.605066299438477,
        16.99352264404297,
        16.78180694580078,
        16.508102416992188,
        17.665624618530273,
        16.791343688964844,
        17.020702362060547,
        16.56198501586914,
        17.253398895263672,
        17.122268676757812,
        16.676664352416992,
        16.925811767578125,
        16.79515838623047,
        16.249656677246094,
        16.630172729492188,
        17.166852951049805,
        16.737937927246094,
        17.412662506103516,
        17.8225040435791,
        17.096281051635742,
        17.099380493164062,
        17.774105072021484,
        17.021656036376953,
        17.2882080078125,
        17.019987106323242,
        17.034053802490234,
        16.986608505249023,
        16.85357093811035,
        17.21811294555664,
        16.3877010345459
    ],
    "wrong_email_times_account2": [
        17.578601837158203,
        17.719507217407227,
        16.375303268432617,
        17.23456382751465,
        17.2576904296875,
        17.59052276611328,
        16.429662704467773,
        17.43912696838379,
        16.559600830078125,
        17.319917678833008,
        18.3408260345459,
        17.534494400024414,
        17.47918128967285,
        16.29805564880371,
        16.536474227905273,
        17.436742782592773,
        17.79341697692871,
        16.74485206604004,
        16.35122299194336,
        16.683578491210938,
        16.52979850769043,
        16.884565353393555,
        17.73214340209961,
        17.572402954101562,
        16.99686050415039,
        17.433643341064453,
        16.527652740478516,
        16.480445861816406,
        17.470598220825195,
        16.708850860595703,
        17.162799835205078,
        17.037391662597656,
        18.54085922241211,
        18.11504364013672,
        17.5473690032959,
        17.384052276611328,
        17.36307144165039,
        16.883134841918945,
        17.21477508544922,
        17.25912094116211,
        16.759872436523438,
        17.991065979003906,
        16.851425170898438,
        17.016172409057617,
        17.12512969970703,
        16.81685447692871,
        17.278194427490234,
        16.463041305541992,
        16.997575759887695,
        17.29583740234375
    ]
}