{
    "wrong_pw_times_account1": [
        59.22508239746094,
        59.31878089904785,
        58.920860290527344,
        59.46087837219238,
        59.255361557006836,
        59.62228775024414,
        59.33189392089844,
        59.804677963256836,
        59.78202819824219,
        58.977603912353516,
        59.12661552429199,
        59.96298789978027,
        58.89272689819336,
        59.388160705566406,
        59.241294860839844,
        59.53407287597656,
        59.50427055358887,
        59.81922149658203,
        59.44323539733887,
        59.08942222595215,
        58.84575843811035,
        59.44013595581055,
        60.071468353271484,
        59.163808822631836,
        58.8228702545166,
        58.72201919555664,
        59.35931205749512,
        58.50982666015625,
        59.22961235046387,
        59.81874465942383,
        59.08203125,
        59.069156646728516,
        59.61942672729492,
        59.63945388793945,
        58.916330337524414,
        59.42988395690918,
        59.584617614746094,
        59.430599212646484,
        58.90798568725586,
        59.609413146972656,
        59.33117866516113,
        59.23867225646973,
        59.65399742126465,
        59.686899185180664,
        59.38148498535156,
        59.48686599731445,
        58.934688568115234,
        58.757781982421875,
        59.43655967712402,
        60.56571006774902
    ],
    "wrong_pw_times_account2": [
        59.42726135253906,
        59.42249298095703,
        59.044599533081055,
        59.69810485839844,
        58.599233627319336,
        59.42177772521973,
        59.03458595275879,
        59.50784683227539,
        59.165000915527344,
        59.52787399291992,
        58.95853042602539,
        59.01694297790527,
        58.89534950256348,
        59.967041015625,
        59.81016159057617,
        59.381723403930664,
        58.97641181945801,
        59.00382995605469,
        59.267282485961914,
        59.304237365722656,
        59.23771858215332,
        59.30805206298828,
        59.10992622375488,
        59.73172187805176,
        59.60988998413086,
        59.658050537109375,
        58.8536262512207,
        59.10658836364746,
        59.22675132751465,
        58.968544006347656,
        59.27705764770508,
        59.02743339538574,
        59.00859832763672,
        58.64667892456055,
        59.05866622924805,
        58.934926986694336,
        58.74776840209961,
        59.43131446838379,
        58.991193771362305,
        59.06987190246582,
        59.258460998535156,
        59.33403968811035,
        59.38410758972168,
        59.03148651123047,
        59.16476249694824,
        59.49759483337402,
        59.52095985412598,
        59.01336669921875,
        59.255123138427734,
        59.45396423339844
    ],
    "wrong_email_times_account1": [
        17.07935333251953,
        17.591238021850586,
        16.588211059570312,
        16.579866409301758,
        17.503023147583008,
        17.15707778930664,
        16.991615295410156,
        16.9985294342041,
        16.68405532836914,
        17.336606979370117,
        17.29559898376465,
        16.768932342529297,
        17.888784408569336,
        17.7459716796875,
        16.53265953063965,
        17.470598220825195,
        17.201900482177734,
        17.33994483947754,
        17.103910446166992,
        17.219066619873047,
        17.076730728149414,
        17.102479934692383,
        17.577648162841797,
        17.1053409576416,
        17.08078384399414,
        16.842126846313477,
        16.85023307800293,
        17.688989639282227,
        16.662120819091797,
        17.039060592651367,
        16.981840133666992,
        18.123626708984375,
        17.59958267211914,
        17.492294311523438,
        17.214298248291016,
        16.873598098754883,
        17.228364944458008,
        16.569137573242188,
        16.716718673706055,
        17.548322677612305,
        17.340660095214844,
        17.29273796081543,
        17.50016212463379,
        17.562389373779297,
        17.627239227294922,
        17.192363739013672,
        69.69881057739258,
        17.275571823120117,
        16.856908798217773,
        17.46964454650879
    ],
    "wrong_email_times_account2": [
        17.291545867919922,
        17.41170883178711,
        17.292261123657227,
        17.235994338989258,
        17.525434494018555,
        16.66545867919922,
        17.417192459106445,
        17.62247085571289,
        17.447233200073242,
        16.695022583007812,
        17.49587059020996,
        17.330169677734375,
        17.145156860351562,
        17.199277877807617,
        17.203092575073242,
        17.77791976928711,
        17.09747314453125,
        16.702651977539062,
        17.528533935546875,
        17.516136169433594,
        16.78299903869629,
        18.477201461791992,
        17.93813705444336,
        17.39048957824707,
        17.233610153198242,
        17.087221145629883,
        16.85333251953125,
        16.889572143554688,
        16.356706619262695,
        17.026185989379883,
        22.45640754699707,
        16.63041114807129,
        17.256736755371094,
        16.762495040893555,
        17.177104949951172,
        17.301321029663086,
        17.099618911743164,
        16.7539119720459,
        17.119169235229492,
        17.154216766357422,
        16.538619995117188,
        17.14301109313965,
        18.233299255371094,
        17.338991165161133,
        17.843961715698242,
        17.261981964111328,
        17.723560333251953,
        16.68572425842285,
        18.130779266357422,
        17.748355865478516
    ]
}