{
    "wrong_pw_times_account1": [
        60.23049354553223,
        59.02290344238281,
        59.340476989746094,
        59.04102325439453,
        58.969974517822266,
        59.687137603759766,
        58.8688850402832,
        59.44967269897461,
        59.14807319641113,
        58.52484703063965,
        59.758663177490234,
        58.829545974731445,
        58.502912521362305,
        59.22055244445801,
        58.89415740966797,
        59.11588668823242,
        58.80880355834961,
        59.49568748474121,
        58.98022651672363,
        58.48073959350586,
        59.144020080566406,
        59.47303771972656,
        59.79657173156738,
        59.46087837219238,
        59.572696685791016,
        59.366464614868164,
        59.33427810668945,
        59.3266487121582,
        59.052467346191406,
        59.7386360168457,
        59.473276138305664,
        59.04078483581543,
        59.012413024902344,
        58.9292049407959,
        59.812307357788086,
        60.01758575439453,
        59.07917022705078,
        58.463335037231445,
        59.73505973815918,
        58.965206146240234,
        59.16571617126465,
        59.22412872314453,
        59.0059757232666,
        60.236454010009766,
        58.83431434631348,
        58.90774726867676,
        59.40961837768555,
        59.230804443359375,
        59.25583839416504,
        59.33237075805664
    ],
    "wrong_pw_times_account2": [
        58.77518653869629,
        59.26513671875,
        59.27252769470215,
        59.28206443786621,
        59.19814109802246,
        60.17875671386719,
        59.05318260192871,
        59.96131896972656,
        59.4635009765625,
        59.062957763671875,
        59.906721115112305,
        59.73100662231445,
        59.55982208251953,
        59.46850776672363,
        59.81612205505371,
        59.40842628479004,
        59.73625183105469,
        58.93349647521973,
        59.30662155151367,
        58.84385108947754,
        59.03983116149902,
        59.593915939331055,
        59.03172492980957,
        59.278011322021484,
        59.123992919921875,
        59.21530723571777,
        60.00161170959473,
        59.48519706726074,
        58.86244773864746,
        59.6928596496582,
        59.04817581176758,
        58.61997604370117,
        59.21530723571777,
        58.980464935302734,
        59.680938720703125,
        114.88008499145508,
        59.69572067260742,
        59.197425842285156,
        58.730125427246094,
        59.1733455657959,
        58.815956115722656,
        59.18765068054199,
        59.64207649230957,
        59.04102325439453,
        58.4869384765625,
        58.981895446777344,
        59.560298919677734,
        59.24844741821289,
        59.43918228149414,
        59.12613868713379
    ],
    "wrong_email_times_account1": [
        16.657352447509766,
        17.351388931274414,
        16.732215881347656,
        16.87455177307129,
        17.433881759643555,
        17.525434494018555,
        17.305612564086914,
        17.168045043945312,
        17.04692840576172,
        17.331600189208984,
        17.473936080932617,
        16.851425170898438,
        17.241716384887695,
        16.471147537231445,
        16.950368881225586,
        17.081260681152344,
        17.03810691833496,
        17.587661743164062,
        72.1888542175293,
        16.890287399291992,
        17.155170440673828,
        17.029762268066406,
        17.739057540893555,
        17.22240447998047,
        17.097949981689453,
        16.83640480041504,
        17.421722412109375,
        16.6318416595459,
        17.30942726135254,
        17.04096794128418,
        16.631603240966797,
        17.088890075683594,
        16.904592514038086,
        17.402172088623047,
        17.360925674438477,
        18.538236618041992,
        17.1811580657959,
        17.253875732421875,
        16.864538192749023,
        17.320632934570312,
        16.927719116210938,
        17.110824584960938,
        17.095088958740234,
        16.874074935913086,
        17.046213150024414,
        16.82281494140625,
        17.14158058166504,
        16.759634017944336,
        16.840696334838867,
        16.806602478027344
    ],
    "wrong_email_times_account2": [
        17.078399658203125,
        16.775846481323242,
        17.339468002319336,
        17.058372497558594,
        17.330169677734375,
        16.925573348999023,
        17.241239547729492,
        16.852140426635742,
        17.230987548828125,
        17.37213134765625,
        17.367124557495117,
        17.206430435180664,
        17.08984375,
        17.1811580657959,
        16.68405532836914,
        16.358613967895508,
        16.483783721923828,
        17.0133113861084,
        17.140626907348633,
        17.165660858154297,
        16.936540603637695,
        16.882896423339844,
        16.750574111938477,
        17.944812774658203,
        16.92509651184082,
        17.29607582092285,
        17.323017120361328,
        17.656803131103516,
        16.736745834350586,
        17.533540725708008,
        17.18425750732422,
        16.59083366394043,
        17.33088493347168,
        17.282724380493164,
        17.047405242919922,
        18.018007278442383,
        17.766714096069336,
        17.15540885925293,
        17.38739013671875,
        17.367839813232422,
        17.47727394104004,
        16.83497428894043,
        17.462968826293945,
        16.566038131713867,
        17.076969146728516,
        17.0290470123291,
        17.47298240661621,
        16.80469512939453,
        16.742706298828125,
        17.184972763061523
    ]
}