{
    "wrong_pw_times_account1": [
        59.92627143859863,
        59.279441833496094,
        59.22985076904297,
        114.1347885131836,
        59.737443923950195,
        59.319496154785156,
        59.28635597229004,
        59.253692626953125,
        58.86960029602051,
        60.16826629638672,
        59.78202819824219,
        59.04102325439453,
        58.68196487426758,
        58.85910987854004,
        59.821128845214844,
        59.29255485534668,
        58.82692337036133,
        59.68737602233887,
        59.33260917663574,
        58.938026428222656,
        58.823347091674805,
        60.109615325927734,
        59.128761291503906,
        58.46667289733887,
        59.37814712524414,
        59.68117713928223,
        59.56768989562988,
        58.756351470947266,
        59.84854698181152,
        58.86983871459961,
        59.56435203552246,
        60.52589416503906,
        59.381723403930664,
        59.24868583679199,
        59.97014045715332,
        59.87191200256348,
        60.2872371673584,
        58.886051177978516,
        59.18240547180176,
        58.808088302612305,
        59.699058532714844,
        59.09109115600586,
        59.5548152923584,
        58.7315559387207,
        59.12303924560547,
        60.156822204589844,
        59.35525894165039,
        59.47065353393555,
        59.04841423034668,
        59.12375450134277
    ],
    "wrong_pw_times_account2": [
        58.51268768310547,
        59.4325065612793,
        59.419870376586914,
        59.049129486083984,
        59.560298919677734,
        59.36312675476074,
        59.58151817321777,
        59.65828895568848,
        58.70509147644043,
        59.183597564697266,
        59.56888198852539,
        114.12906646728516,
        59.08060073852539,
        60.08648872375488,
        59.62252616882324,
        59.40818786621094,
        59.233903884887695,
        59.94749069213867,
        59.8750114440918,
        58.95256996154785,
        59.26179885864258,
        60.422420501708984,
        59.02838706970215,
        60.13774871826172,
        59.60512161254883,
        59.60845947265625,
        59.31258201599121,
        58.72797966003418,
        59.63563919067383,
        58.51554870605469,
        59.763431549072266,
        59.60679054260254,
        58.6392879486084,
        60.11700630187988,
        60.05692481994629,
        58.88628959655762,
        59.35025215148926,
        113.16370964050293,
        58.89129638671875,
        58.71772766113281,
        59.729576110839844,
        59.29684638977051,
        59.236764907836914,
        58.98690223693848,
        59.76104736328125,
        60.79435348510742,
        59.4329833984375,
        58.904409408569336,
        59.258460998535156,
        59.333086013793945
    ],
    "wrong_email_times_account1": [
        17.915725708007812,
        16.59560203552246,
        17.41957664489746,
        17.30632781982422,
        16.962289810180664,
        17.691373825073242,
        17.684221267700195,
        17.680644989013672,
        18.113374710083008,
        17.787694931030273,
        17.11869239807129,
        16.97540283203125,
        17.761945724487305,
        17.25912094116211,
        17.919540405273438,
        16.918420791625977,
        17.69399642944336,
        17.353057861328125,
        17.706871032714844,
        18.13197135925293,
        17.368316650390625,
        17.119646072387695,
        17.756938934326172,
        17.325639724731445,
        16.885042190551758,
        17.51089096069336,
        16.479969024658203,
        17.425060272216797,
        17.185211181640625,
        17.26365089416504,
        18.38517189025879,
        18.06473731994629,
        18.364906311035156,
        17.34328269958496,
        17.307519912719727,
        16.826868057250977,
        17.7767276763916,
        17.123699188232422,
        17.348289489746094,
        17.587900161743164,
        16.744136810302734,
        16.986846923828125,
        17.014265060424805,
        17.4105167388916,
        17.303466796875,
        17.1051025390625,
        17.65751838684082,
        16.88241958618164,
        16.876220703125,
        16.67928695678711
    ],
    "wrong_email_times_account2": [
        17.252683639526367,
        17.26818084716797,
        17.302513122558594,
        17.612457275390625,
        17.859458923339844,
        17.12489128112793,
        16.820907592773438,
        17.384767532348633,
        17.62700080871582,
        16.876935958862305,
        17.10987091064453,
        16.808748245239258,
        70.83010673522949,
        17.54450798034668,
        16.83330535888672,
        16.994953155517578,
        17.182111740112305,
        17.724037170410156,
        16.899824142456055,
        17.159461975097656,
        17.066478729248047,
        17.077922821044922,
        17.37689971923828,
        17.47274398803711,
        17.019033432006836,
        16.466856002807617,
        18.553733825683594,
        16.904592514038086,
        16.53885841369629,
        17.342090606689453,
        16.99686050415039,
        17.53520965576172,
        17.55547523498535,
        17.524003982543945,
        16.968727111816406,
        17.221689224243164,
        16.513586044311523,
        17.969846725463867,
        17.647981643676758,
        17.084360122680664,
        17.217159271240234,
        17.383337020874023,
        17.199993133544922,
        17.282485961914062,
        17.358064651489258,
        17.179250717163086,
        17.331361770629883,
        17.42076873779297,
        16.934633255004883,
        17.032861709594727
    ]
}