{
    "wrong_pw_times_account1": [
        59.30924415588379,
        59.08966064453125,
        58.89439582824707,
        59.57388877868652,
        58.556556701660156,
        59.493303298950195,
        59.107303619384766,
        60.48083305358887,
        59.0822696685791,
        59.51881408691406,
        59.49974060058594,
        59.4937801361084,
        59.28921699523926,
        62.676191329956055,
        58.58206748962402,
        60.33635139465332,
        59.91339683532715,
        59.41200256347656,
        114.89248275756836,
        59.237003326416016,
        59.44252014160156,
        59.607744216918945,
        59.284210205078125,
        59.11421775817871,
        58.54058265686035,
        115.09180068969727,
        59.58724021911621,
        60.08267402648926,
        59.48209762573242,
        59.33952331542969,
        58.82549285888672,
        58.73751640319824,
        59.368133544921875,
        58.90679359436035,
        59.43775177001953,
        59.10539627075195,
        59.56864356994629,
        59.140920639038086,
        58.80236625671387,
        59.04865264892578,
        59.84163284301758,
        58.82453918457031,
        58.773040771484375,
        58.917999267578125,
        59.17644500732422,
        58.93707275390625,
        59.39984321594238,
        59.767723083496094,
        59.50641632080078,
        59.361934661865234
    ],
    "wrong_pw_times_account2": [
        59.39316749572754,
        60.0285530090332,
        58.81357192993164,
        59.85116958618164,
        58.85601043701172,
        59.08536911010742,
        59.784889221191406,
        59.8597526550293,
        58.75563621520996,
        59.14783477783203,
        59.23175811767578,
        59.48019027709961,
        59.320688247680664,
        59.828758239746094,
        60.84465980529785,
        60.04691123962402,
        59.16547775268555,
        59.110403060913086,
        59.33260917663574,
        59.578895568847656,
        115.19193649291992,
        58.876991271972656,
        116.64342880249023,
        59.69357490539551,
        59.36908721923828,
        59.032440185546875,
        59.790611267089844,
        59.02910232543945,
        59.15546417236328,
        59.19456481933594,
        59.332847595214844,
        59.24177169799805,
        58.97831916809082,
        59.37767028808594,
        59.83996391296387,
        60.021400451660156,
        59.0510368347168,
        58.942556381225586,
        59.639930725097656,
        59.621334075927734,
        59.50164794921875,
        59.417009353637695,
        59.4027042388916,
        59.09562110900879,
        59.34762954711914,
        58.74323844909668,
        60.445547103881836,
        59.658050537109375,
        59.4484806060791,
        58.7770938873291
    ],
    "wrong_email_times_account1": [
        18.0814266204834,
        17.01521873474121,
        17.182588577270508,
        17.023324966430664,
        17.365694046020508,
        17.080068588256836,
        16.704320907592773,
        18.278837203979492,
        16.69597625732422,
        17.484664916992188,
        18.178224563598633,
        17.278432846069336,
        17.525911331176758,
        18.56064796447754,
        17.1658992767334,
        16.78299903869629,
        17.975330352783203,
        16.99662208557129,
        17.576932907104492,
        17.24839210510254,
        17.21358299255371,
        17.237424850463867,
        17.31705665588379,
        17.51995086669922,
        16.872167587280273,
        17.132282257080078,
        16.90387725830078,
        17.40407943725586,
        17.630815505981445,
        17.069339752197266,
        17.679452896118164,
        17.190217971801758,
        16.697168350219727,
        16.974925994873047,
        16.946792602539062,
        17.330408096313477,
        17.038822174072266,
        17.51542091369629,
        16.861677169799805,
        17.501354217529297,
        17.844200134277344,
        17.110109329223633,
        16.94965362548828,
        17.0590877532959,
        16.99519157409668,
        16.9527530670166,
        17.433643341064453,
        17.042875289916992,
        16.72673225402832,
        17.18878746032715
    ],
    "wrong_email_times_account2": [
        16.998291015625,
        17.664194107055664,
        17.199039459228516,
        16.849756240844727,
        16.788244247436523,
        17.021894454956055,
        17.871618270874023,
        16.475439071655273,
        17.66061782836914,
        16.576528549194336,
        17.45295524597168,
        16.816377639770508,
        17.697811126708984,
        17.02594757080078,
        17.02284812927246,
        17.331838607788086,
        17.003297805786133,
        17.496347427368164,
        17.05169677734375,
        17.15826988220215,
        17.172574996948242,
        17.36760139465332,
        16.876220703125,
        17.211198806762695,
        17.866134643554688,
        17.642498016357422,
        17.159223556518555,
        16.938447952270508,
        17.55499839782715,
        20.651578903198242,
        16.479969024658203,
        17.223358154296875,
        17.541885375976562,
        17.123937606811523,
        17.313003540039062,
        17.0748233795166,
        17.343759536743164,
        17.01664924621582,
        17.802715301513672,
        18.088102340698242,
        17.153501510620117,
        16.948461532592773,
        16.704559326171875,
        16.530752182006836,
        17.02117919921875,
        17.19522476196289,
        17.933368682861328,
        16.930341720581055,
        17.02570915222168,
        17.271995544433594
    ]
}