{
    "wrong_pw_times_account1": [
        59.13567543029785,
        59.59773063659668,
        60.52064895629883,
        59.68022346496582,
        60.67061424255371,
        58.8228702545166,
        58.53533744812012,
        59.2958927154541,
        59.635162353515625,
        59.25607681274414,
        59.313058853149414,
        60.44149398803711,
        59.1282844543457,
        59.53717231750488,
        58.84718894958496,
        59.33856964111328,
        59.28635597229004,
        59.529781341552734,
        59.0062141418457,
        59.17811393737793,
        59.39078330993652,
        59.10325050354004,
        59.11993980407715,
        58.88557434082031,
        59.165000915527344,
        58.64143371582031,
        58.9296817779541,
        59.1893196105957,
        58.86697769165039,
        59.06796455383301,
        59.66544151306152,
        59.48615074157715,
        59.155941009521484,
        58.93445014953613,
        58.98141860961914,
        59.34953689575195,
        59.244394302368164,
        59.067726135253906,
        59.12160873413086,
        59.39030647277832,
        59.119224548339844,
        59.63444709777832,
        59.07249450683594,
        59.3109130859375,
        59.18574333190918,
        60.37282943725586,
        60.00494956970215,
        58.75706672668457,
        59.12423133850098,
        59.37385559082031
    ],
    "wrong_pw_times_account2": [
        59.28230285644531,
        59.96966361999512,
        59.14878845214844,
        59.24558639526367,
        59.36312675476074,
        58.79712104797363,
        59.642791748046875,
        59.17167663574219,
        58.67409706115723,
        58.74323844909668,
        114.0298843383789,
        59.41629409790039,
        114.3336296081543,
        59.421539306640625,
        59.59606170654297,
        59.552669525146484,
        59.24177169799805,
        58.986663818359375,
        60.58001518249512,
        59.31591987609863,
        59.247732162475586,
        59.12327766418457,
        58.85744094848633,
        59.77606773376465,
        59.39197540283203,
        58.88009071350098,
        59.44395065307617,
        60.13965606689453,
        58.30574035644531,
        59.648990631103516,
        59.635162353515625,
        59.2043399810791,
        59.57937240600586,
        59.77487564086914,
        59.717416763305664,
        58.60543251037598,
        59.51046943664551,
        58.89081954956055,
        59.05580520629883,
        59.28516387939453,
        59.29088592529297,
        60.42146682739258,
        59.587955474853516,
        59.15665626525879,
        58.88080596923828,
        59.168338775634766,
        58.85720252990723,
        59.5402717590332,
        59.22055244445801,
        59.195756912231445
    ],
    "wrong_email_times_account1": [
        18.291234970092773,
        17.8680419921875,
        16.958951950073242,
        17.452001571655273,
        17.362117767333984,
        17.23003387451172,
        17.17400550842285,
        16.758203506469727,
        17.108678817749023,
        16.996145248413086,
        17.5020694732666,
        17.252206802368164,
        16.60323143005371,
        17.3952579498291,
        16.759157180786133,
        17.160415649414062,
        17.000913619995117,
        16.837596893310547,
        17.312049865722656,
        16.99376106262207,
        16.945362091064453,
        17.455101013183594,
        16.83783531188965,
        16.915559768676758,
        16.54672622680664,
        17.047643661499023,
        17.25625991821289,
        17.89689064025879,
        17.25935935974121,
        16.829729080200195,
        17.223358154296875,
        16.947269439697266,
        16.898155212402344,
        17.947912216186523,
        16.522884368896484,
        17.287254333496094,
        17.66037940979004,
        17.343997955322266,
        17.330646514892578,
        17.5325870513916,
        17.535686492919922,
        17.259597778320312,
        17.031431198120117,
        17.61794090270996,
        17.479419708251953,
        18.4781551361084,
        17.910242080688477,
        17.379045486450195,
        16.893863677978516,
        17.281293869018555
    ],
    "wrong_email_times_account2": [
        17.56906509399414,
        17.1966552734375,
        17.29583740234375,
        18.371105194091797,
        17.37236976623535,
        18.08023452758789,
        16.91889762878418,
        16.683101654052734,
        17.024755477905273,
        16.619205474853516,
        17.404556274414062,
        17.180681228637695,
        16.6928768157959,
        17.106056213378906,
        16.74795150756836,
        17.335176467895508,
        16.44110679626465,
        16.59083366394043,
        16.828536987304688,
        16.904115676879883,
        17.29440689086914,
        17.479419708251953,
        16.773462295532227,
        17.485618591308594,
        16.652822494506836,
        17.79031753540039,
        17.566680908203125,
        17.009735107421875,
        16.949892044067383,
        72.2355842590332,
        17.00901985168457,
        17.900705337524414,
        17.227888107299805,
        16.782522201538086,
        17.195701599121094,
        17.59815216064453,
        17.43292808532715,
        17.07005500793457,
        16.961097717285156,
        17.06218719482422,
        17.397165298461914,
        17.43483543395996,
        17.39335060119629,
        17.115354537963867,
        17.903804779052734,
        17.391443252563477,
        16.77680015563965,
        17.474651336669922,
        17.189741134643555,
        17.46988296508789
    ]
}