{
    "wrong_pw_times_account1": [
        68.23492050170898,
        85.80160140991211,
        66.00165367126465,
        91.83311462402344,
        95.49236297607422,
        69.19264793395996,
        85.07704734802246,
        143.49126815795898,
        194.7009563446045,
        97.73731231689453,
        75.13022422790527,
        74.52678680419922,
        63.01569938659668,
        81.36296272277832,
        67.83866882324219,
        63.925981521606445,
        67.67964363098145,
        67.24929809570312,
        85.4346752166748,
        74.33843612670898,
        71.29502296447754,
        76.11560821533203,
        74.95474815368652,
        79.47850227355957,
        71.4120864868164,
        92.58651733398438,
        68.84193420410156,
        122.01476097106934,
        62.13212013244629,
        65.68217277526855,
        67.78788566589355,
        72.31950759887695,
        62.06560134887695,
        64.60356712341309,
        84.27858352661133,
        66.56527519226074,
        61.59615516662598,
        89.31303024291992,
        70.2059268951416,
        66.25056266784668,
        82.34620094299316,
        63.95268440246582,
        88.63401412963867,
        114.94946479797363,
        81.71272277832031,
        71.3355541229248,
        156.890869140625,
        79.73909378051758,
        67.04139709472656,
        62.25085258483887
    ],
    "wrong_pw_times_account2": [
        130.3408145904541,
        93.46318244934082,
        65.5968189239502,
        61.97500228881836,
        94.09379959106445,
        70.59741020202637,
        76.06148719787598,
        72.17621803283691,
        85.17313003540039,
        89.74528312683105,
        89.17093276977539,
        78.59373092651367,
        75.18410682678223,
        101.70412063598633,
        110.32271385192871,
        71.94018363952637,
        68.53795051574707,
        64.4528865814209,
        142.7764892578125,
        79.29015159606934,
        93.34373474121094,
        106.8108081817627,
        90.29436111450195,
        65.40155410766602,
        112.19453811645508,
        108.68954658508301,
        100.04258155822754,
        108.72364044189453,
        62.32452392578125,
        78.59420776367188,
        71.77281379699707,
        86.70163154602051,
        65.32096862792969,
        109.33160781860352,
        61.862945556640625,
        71.68126106262207,
        101.43828392028809,
        70.12033462524414,
        69.84734535217285,
        71.1662769317627,
        62.447547912597656,
        77.51059532165527,
        63.48419189453125,
        81.38537406921387,
        85.18218994140625,
        88.87052536010742,
        66.76983833312988,
        67.97099113464355,
        69.80752944946289,
        69.20909881591797
    ],
    "wrong_email_times_account1": [
        111.2356185913086,
        35.69149971008301,
        40.29488563537598,
        53.34305763244629,
        27.61054039001465,
        51.30290985107422,
        25.56610107421875,
        18.756389617919922,
        56.71501159667969,
        67.84248352050781,
        22.640705108642578,
        23.776531219482422,
        34.49511528015137,
        27.352333068847656,
        19.238948822021484,
        17.945051193237305,
        26.432275772094727,
        26.56078338623047,
        28.616666793823242,
        23.758888244628906,
        17.49444007873535,
        32.27949142456055,
        28.21516990661621,
        30.812978744506836,
        17.594337463378906,
        30.70235252380371,
        30.842304229736328,
        40.55190086364746,
        50.25744438171387,
        39.177656173706055,
        25.50983428955078,
        18.327951431274414,
        34.2717170715332,
        24.54662322998047,
        78.02820205688477,
        50.13298988342285,
        53.847312927246094,
        35.56418418884277,
        54.92234230041504,
        21.710634231567383,
        88.1507396697998,
        23.9717960357666,
        36.67426109313965,
        32.16409683227539,
        18.03755760192871,
        18.633127212524414,
        112.55168914794922,
        32.3946475982666,
        17.78554916381836,
        48.47884178161621
    ],
    "wrong_email_times_account2": [
        18.298864364624023,
        90.6820297241211,
        18.11957359313965,
        24.88112449645996,
        19.756078720092773,
        17.813682556152344,
        23.17047119140625,
        29.87360954284668,
        40.18759727478027,
        20.54882049560547,
        60.33778190612793,
        188.46988677978516,
        62.35933303833008,
        32.32884407043457,
        18.86749267578125,
        25.01964569091797,
        17.655372619628906,
        18.606901168823242,
        22.977590560913086,
        22.515535354614258,
        18.388748168945312,
        17.29607582092285,
        17.841577529907227,
        31.451940536499023,
        17.717838287353516,
        28.484821319580078,
        37.12892532348633,
        27.549266815185547,
        20.79319953918457,
        23.914813995361328,
        19.63663101196289,
        25.783777236938477,
        26.87525749206543,
        25.57516098022461,
        19.866943359375,
        24.437904357910156,
        37.28294372558594,
        31.772613525390625,
        18.244266510009766,
        37.75525093078613,
        30.172348022460938,
        24.214982986450195,
        45.102834701538086,
        57.61528015136719,
        17.204999923706055,
        42.4957275390625,
        69.33760643005371,
        31.185388565063477,
        21.28434181213379,
        53.23910713195801
    ]
}