{
    "wrong_pw_times_account1": [
        139.0526294708252,
        99.23839569091797,
        119.73690986633301,
        62.332868576049805,
        68.73345375061035,
        62.00385093688965,
        71.60401344299316,
        63.143014907836914,
        61.90896034240723,
        73.77886772155762,
        62.489986419677734,
        65.33241271972656,
        77.62479782104492,
        62.43252754211426,
        67.31319427490234,
        63.54165077209473,
        63.883066177368164,
        64.4369125366211,
        74.91874694824219,
        67.83461570739746,
        68.66288185119629,
        69.88763809204102,
        61.80167198181152,
        110.58330535888672,
        86.27033233642578,
        113.01541328430176,
        176.34987831115723,
        117.18606948852539,
        86.46202087402344,
        87.61215209960938,
        75.95062255859375,
        64.9573802947998,
        74.4168758392334,
        71.12622261047363,
        84.96809005737305,
        67.26813316345215,
        72.63493537902832,
        62.69383430480957,
        77.99673080444336,
        72.41392135620117,
        80.25145530700684,
        65.50955772399902,
        66.64013862609863,
        62.40129470825195,
        91.41802787780762,
        84.91730690002441,
        92.0248031616211,
        71.97093963623047,
        105.68404197692871,
        73.18758964538574
    ],
    "wrong_pw_times_account2": [
        70.15800476074219,
        67.29674339294434,
        65.80853462219238,
        63.987016677856445,
        100.41260719299316,
        106.80246353149414,
        77.48293876647949,
        75.96516609191895,
        67.37852096557617,
        71.25449180603027,
        257.32874870300293,
        114.22562599182129,
        85.85524559020996,
        100.9824275970459,
        80.1236629486084,
        65.45090675354004,
        109.11297798156738,
        62.09373474121094,
        65.16671180725098,
        65.71006774902344,
        66.4207935333252,
        98.42348098754883,
        69.90337371826172,
        85.58487892150879,
        73.4095573425293,
        78.70054244995117,
        85.29067039489746,
        70.0535774230957,
        100.25835037231445,
        62.283992767333984,
        80.30557632446289,
        83.71376991271973,
        62.20126152038574,
        115.3864860534668,
        71.05159759521484,
        86.87734603881836,
        74.28741455078125,
        129.57501411437988,
        145.52974700927734,
        145.94793319702148,
        63.62628936767578,
        100.60334205627441,
        68.2065486907959,
        70.6932544708252,
        77.69489288330078,
        64.6054744720459,
        63.233137130737305,
        63.42911720275879,
        62.1335506439209,
        69.54264640808105
    ],
    "wrong_email_times_account1": [
        22.876977920532227,
        28.560876846313477,
        55.6025505065918,
        44.31748390197754,
        26.20387077331543,
        17.473220825195312,
        19.103527069091797,
        36.60130500793457,
        29.43134307861328,
        26.532411575317383,
        26.297807693481445,
        18.177032470703125,
        28.264999389648438,
        18.16534996032715,
        27.08601951599121,
        18.064260482788086,
        52.70957946777344,
        142.1816349029541,
        108.54792594909668,
        100.89302062988281,
        64.58854675292969,
        17.98701286315918,
        23.553133010864258,
        25.3446102142334,
        18.31960678100586,
        160.353422164917,
        18.30887794494629,
        18.043994903564453,
        26.90720558166504,
        45.205116271972656,
        30.017614364624023,
        18.650531768798828,
        17.480134963989258,
        33.0052375793457,
        26.090145111083984,
        37.64057159423828,
        20.06673812866211,
        24.43718910217285,
        17.87710189819336,
        48.39801788330078,
        18.001794815063477,
        39.64567184448242,
        26.154279708862305,
        38.40470314025879,
        36.41390800476074,
        72.64876365661621,
        110.64434051513672,
        21.514177322387695,
        24.10888671875,
        49.198150634765625
    ],
    "wrong_email_times_account2": [
        56.587934494018555,
        21.46148681640625,
        127.38180160522461,
        115.42487144470215,
        18.3258056640625,
        18.34845542907715,
        99.20883178710938,
        35.291194915771484,
        18.503904342651367,
        18.929719924926758,
        43.898582458496094,
        51.485538482666016,
        17.313718795776367,
        23.99611473083496,
        33.579349517822266,
        18.479108810424805,
        37.36257553100586,
        18.395185470581055,
        36.82684898376465,
        22.83310890197754,
        26.785612106323242,
        18.479585647583008,
        17.581462860107422,
        17.766237258911133,
        31.09455108642578,
        17.26841926574707,
        22.107839584350586,
        33.605098724365234,
        22.450923919677734,
        92.04912185668945,
        110.46814918518066,
        65.81425666809082,
        53.055763244628906,
        150.2697467803955,
        27.016162872314453,
        89.64085578918457,
        17.904281616210938,
        20.122289657592773,
        18.736839294433594,
        17.7915096282959,
        23.090362548828125,
        43.97916793823242,
        64.50963020324707,
        17.548561096191406,
        37.23311424255371,
        18.497943878173828,
        21.625757217407227,
        29.63852882385254,
        27.418851852416992,
        20.275592803955078
    ]
}