{
    "wrong_pw_times_account1": [
        87.46695518493652,
        65.4289722442627,
        187.4713897705078,
        62.55531311035156,
        86.81440353393555,
        62.757015228271484,
        71.1514949798584,
        68.6945915222168,
        62.21961975097656,
        62.816619873046875,
        66.48778915405273,
        77.4381160736084,
        76.03859901428223,
        70.30129432678223,
        70.28508186340332,
        83.30225944519043,
        62.37316131591797,
        61.612844467163086,
        65.58370590209961,
        61.859130859375,
        63.46702575683594,
        77.68845558166504,
        72.71575927734375,
        74.62882995605469,
        76.13039016723633,
        105.11922836303711,
        66.38336181640625,
        114.41612243652344,
        64.19205665588379,
        101.89127922058105,
        90.35539627075195,
        134.5846652984619,
        140.7451629638672,
        71.41923904418945,
        63.48848342895508,
        96.09699249267578,
        62.77918815612793,
        70.74093818664551,
        69.12899017333984,
        63.120126724243164,
        73.8365650177002,
        76.60555839538574,
        64.93997573852539,
        71.55871391296387,
        76.63512229919434,
        71.40851020812988,
        80.4600715637207,
        68.44758987426758,
        71.54035568237305,
        62.850236892700195
    ],
    "wrong_pw_times_account2": [
        71.40707969665527,
        70.51944732666016,
        62.27445602416992,
        78.37080955505371,
        69.07820701599121,
        137.36414909362793,
        72.63875007629395,
        70.69945335388184,
        133.9409351348877,
        154.39343452453613,
        129.8666000366211,
        107.18894004821777,
        66.25080108642578,
        160.05682945251465,
        63.074588775634766,
        62.132835388183594,
        73.61245155334473,
        70.73140144348145,
        77.12268829345703,
        61.86223030090332,
        103.87969017028809,
        62.15214729309082,
        75.76894760131836,
        62.34145164489746,
        69.30780410766602,
        68.51029396057129,
        79.91337776184082,
        62.02578544616699,
        71.49004936218262,
        79.12564277648926,
        82.97467231750488,
        84.43641662597656,
        66.03550910949707,
        62.51168251037598,
        62.25442886352539,
        62.66140937805176,
        66.92886352539062,
        75.81949234008789,
        79.68950271606445,
        181.95223808288574,
        95.3989028930664,
        174.1187572479248,
        109.59577560424805,
        102.73218154907227,
        62.990427017211914,
        76.17306709289551,
        87.83388137817383,
        62.96086311340332,
        71.31600379943848,
        75.09231567382812
    ],
    "wrong_email_times_account1": [
        49.34096336364746,
        36.54026985168457,
        17.63319969177246,
        33.12873840332031,
        17.94600486755371,
        17.64202117919922,
        25.755643844604492,
        20.71857452392578,
        30.634403228759766,
        17.549753189086914,
        34.30938720703125,
        33.52189064025879,
        24.684429168701172,
        50.84943771362305,
        24.909257888793945,
        54.33392524719238,
        53.48777770996094,
        114.06779289245605,
        51.619768142700195,
        48.79117012023926,
        46.654462814331055,
        46.149253845214844,
        18.774032592773438,
        106.31895065307617,
        21.84605598449707,
        37.93907165527344,
        28.5189151763916,
        26.330947875976562,
        18.62955093383789,
        25.209665298461914,
        45.626163482666016,
        58.05635452270508,
        35.531044006347656,
        26.36265754699707,
        24.45244789123535,
        18.451690673828125,
        25.156497955322266,
        26.269912719726562,
        26.607751846313477,
        24.734020233154297,
        18.131017684936523,
        26.736021041870117,
        25.6192684173584,
        51.3911247253418,
        17.705440521240234,
        37.99843788146973,
        20.891904830932617,
        93.4453010559082,
        70.25456428527832,
        52.04510688781738
    ],
    "wrong_email_times_account2": [
        40.68470001220703,
        101.59969329833984,
        78.2628059387207,
        43.671369552612305,
        72.5090503692627,
        21.765470504760742,
        18.016338348388672,
        23.297548294067383,
        20.988941192626953,
        20.01810073852539,
        18.01776885986328,
        22.500991821289062,
        36.624908447265625,
        22.51720428466797,
        18.585205078125,
        32.308340072631836,
        17.744779586791992,
        38.15770149230957,
        45.79973220825195,
        21.275043487548828,
        26.416301727294922,
        18.206119537353516,
        30.904293060302734,
        23.059368133544922,
        27.57740020751953,
        18.70131492614746,
        27.47035026550293,
        19.04606819152832,
        23.514270782470703,
        26.75342559814453,
        17.264604568481445,
        32.90271759033203,
        62.38865852355957,
        179.4297695159912,
        67.90757179260254,
        114.35604095458984,
        85.69192886352539,
        140.7463550567627,
        17.943143844604492,
        28.71847152709961,
        34.93809700012207,
        25.265216827392578,
        33.51187705993652,
        18.329143524169922,
        27.34375,
        60.82439422607422,
        36.34190559387207,
        27.937650680541992,
        34.77811813354492,
        36.33880615234375
    ]
}