{
    "wrong_pw_times_account1": [
        68.36724281311035,
        87.95332908630371,
        76.63726806640625,
        62.163352966308594,
        70.7101821899414,
        62.2100830078125,
        76.36857032775879,
        70.96743583679199,
        71.1519718170166,
        62.494516372680664,
        62.665700912475586,
        63.326358795166016,
        63.935279846191406,
        67.9316520690918,
        61.6455078125,
        63.53497505187988,
        115.9963607788086,
        114.05324935913086,
        85.10279655456543,
        167.0207977294922,
        81.7110538482666,
        71.92850112915039,
        63.99345397949219,
        94.3450927734375,
        215.32225608825684,
        79.28013801574707,
        93.07408332824707,
        137.53223419189453,
        74.03731346130371,
        78.34911346435547,
        77.3155689239502,
        61.99073791503906,
        84.28406715393066,
        68.62568855285645,
        65.20700454711914,
        67.36969947814941,
        61.59687042236328,
        76.28965377807617,
        104.26044464111328,
        65.9182071685791,
        62.08372116088867,
        70.61481475830078,
        70.34897804260254,
        61.70010566711426,
        69.5791244506836,
        69.89645957946777,
        79.76794242858887,
        83.0225944519043,
        68.0232048034668,
        199.48148727416992
    ],
    "wrong_pw_times_account2": [
        66.9705867767334,
        67.28267669677734,
        66.79105758666992,
        80.80148696899414,
        85.69884300231934,
        79.4370174407959,
        68.03631782531738,
        128.0844211578369,
        159.26861763000488,
        63.54379653930664,
        74.66578483581543,
        67.4140453338623,
        62.20722198486328,
        79.96392250061035,
        72.10087776184082,
        69.69475746154785,
        68.75276565551758,
        62.01171875,
        64.7268295288086,
        66.46203994750977,
        69.66233253479004,
        65.83571434020996,
        67.59500503540039,
        98.21271896362305,
        101.10759735107422,
        98.66857528686523,
        100.5406379699707,
        62.07680702209473,
        68.17078590393066,
        85.22534370422363,
        109.53116416931152,
        69.87690925598145,
        70.29223442077637,
        77.18729972839355,
        79.0708065032959,
        98.83856773376465,
        64.45884704589844,
        128.46112251281738,
        137.68815994262695,
        82.81207084655762,
        79.79774475097656,
        128.72672080993652,
        76.50303840637207,
        82.3049545288086,
        83.11343193054199,
        70.69182395935059,
        73.09699058532715,
        62.24536895751953,
        62.43109703063965,
        63.16733360290527
    ],
    "wrong_email_times_account1": [
        40.04359245300293,
        21.336078643798828,
        18.233299255371094,
        19.97542381286621,
        17.904996871948242,
        26.853561401367188,
        18.437623977661133,
        18.39590072631836,
        138.31496238708496,
        27.23550796508789,
        22.490262985229492,
        36.57341003417969,
        34.941911697387695,
        25.83169937133789,
        18.111228942871094,
        19.449472427368164,
        69.4575309753418,
        47.69492149353027,
        81.91370964050293,
        56.29920959472656,
        44.69776153564453,
        17.069339752197266,
        22.24445343017578,
        23.164749145507812,
        40.47703742980957,
        17.69876480102539,
        18.46599578857422,
        26.302576065063477,
        61.43331527709961,
        36.29875183105469,
        41.903018951416016,
        29.575109481811523,
        23.10490608215332,
        32.2117805480957,
        18.088579177856445,
        31.943082809448242,
        28.986215591430664,
        38.323163986206055,
        22.18914031982422,
        25.060176849365234,
        18.100976943969727,
        72.88312911987305,
        65.65237045288086,
        166.82171821594238,
        45.703887939453125,
        30.546903610229492,
        103.55997085571289,
        83.28843116760254,
        33.02502632141113,
        40.561676025390625
    ],
    "wrong_email_times_account2": [
        94.93827819824219,
        31.351089477539062,
        99.91121292114258,
        35.83884239196777,
        20.446300506591797,
        39.46399688720703,
        16.98470115661621,
        42.70029067993164,
        18.497467041015625,
        18.98026466369629,
        36.86213493347168,
        141.8302059173584,
        22.205829620361328,
        18.358945846557617,
        31.058788299560547,
        28.057098388671875,
        18.39160919189453,
        29.050827026367188,
        17.76123046875,
        17.309188842773438,
        18.655061721801758,
        33.12540054321289,
        17.594099044799805,
        87.15939521789551,
        28.46074104309082,
        54.55207824707031,
        95.84259986877441,
        28.569698333740234,
        31.6317081451416,
        27.760982513427734,
        53.7264347076416,
        25.53582191467285,
        18.143177032470703,
        17.642498016357422,
        45.03798484802246,
        18.710851669311523,
        33.96940231323242,
        18.466711044311523,
        17.8680419921875,
        26.139259338378906,
        26.727676391601562,
        18.49842071533203,
        42.28091239929199,
        60.94479560852051,
        18.617630004882812,
        17.27581024169922,
        29.28757667541504,
        43.98488998413086,
        43.77436637878418,
        25.38466453552246
    ]
}