{
    "wrong_pw_times_account1": [
        84.62142944335938,
        76.29179954528809,
        63.155174255371094,
        64.68033790588379,
        75.03247261047363,
        69.82564926147461,
        81.6185474395752,
        62.51239776611328,
        68.99452209472656,
        61.68532371520996,
        66.38145446777344,
        62.99090385437012,
        62.85715103149414,
        70.14155387878418,
        70.29104232788086,
        70.0223445892334,
        83.92930030822754,
        67.50321388244629,
        137.0694637298584,
        71.81477546691895,
        116.0898208618164,
        66.32876396179199,
        70.18780708312988,
        88.16695213317871,
        106.13775253295898,
        100.29792785644531,
        179.21805381774902,
        62.116146087646484,
        80.93881607055664,
        62.54911422729492,
        68.41301918029785,
        62.43395805358887,
        89.84231948852539,
        72.17121124267578,
        63.17448616027832,
        148.5595703125,
        73.01926612854004,
        64.1629695892334,
        67.54636764526367,
        77.34870910644531,
        69.85235214233398,
        71.20323181152344,
        73.68898391723633,
        87.01515197753906,
        73.92001152038574,
        72.79419898986816,
        63.426971435546875,
        61.45477294921875,
        66.85733795166016,
        68.39227676391602
    ],
    "wrong_pw_times_account2": [
        77.19087600708008,
        66.53714179992676,
        184.18121337890625,
        104.30192947387695,
        111.11283302307129,
        73.23122024536133,
        65.4139518737793,
        75.8523941040039,
        66.47944450378418,
        68.63641738891602,
        74.57971572875977,
        62.28375434875488,
        66.57838821411133,
        74.42092895507812,
        84.33222770690918,
        66.50233268737793,
        83.33444595336914,
        62.0884895324707,
        90.28148651123047,
        63.866615295410156,
        76.56645774841309,
        62.07871437072754,
        61.876773834228516,
        64.39900398254395,
        61.356544494628906,
        110.16058921813965,
        62.181949615478516,
        88.52577209472656,
        78.31335067749023,
        62.59608268737793,
        61.84649467468262,
        78.15265655517578,
        73.94552230834961,
        73.60458374023438,
        69.19217109680176,
        67.50774383544922,
        78.34076881408691,
        65.78207015991211,
        87.62383460998535,
        93.7039852142334,
        64.98312950134277,
        70.5418586730957,
        137.90607452392578,
        118.80946159362793,
        95.84879875183105,
        71.62284851074219,
        126.69849395751953,
        84.0914249420166,
        62.230587005615234,
        81.17866516113281
    ],
    "wrong_email_times_account1": [
        50.841331481933594,
        26.050329208374023,
        86.87090873718262,
        23.27442169189453,
        99.14207458496094,
        24.841785430908203,
        18.12887191772461,
        27.251482009887695,
        53.201913833618164,
        29.01768684387207,
        91.0637378692627,
        83.2071304321289,
        77.80742645263672,
        48.287153244018555,
        37.032127380371094,
        69.92292404174805,
        47.08290100097656,
        49.790382385253906,
        68.41206550598145,
        46.21386528015137,
        18.626689910888672,
        21.62337303161621,
        18.336772918701172,
        26.43418312072754,
        30.044078826904297,
        44.70992088317871,
        19.826889038085938,
        27.706623077392578,
        16.875267028808594,
        18.366098403930664,
        40.04788398742676,
        24.898529052734375,
        18.51201057434082,
        26.270151138305664,
        26.967763900756836,
        20.426034927368164,
        19.752979278564453,
        36.45944595336914,
        29.224872589111328,
        17.986536026000977,
        18.76378059387207,
        51.76830291748047,
        32.02629089355469,
        40.34280776977539,
        34.01684761047363,
        61.74802780151367,
        40.22407531738281,
        25.437355041503906,
        25.465965270996094,
        74.07426834106445
    ],
    "wrong_email_times_account2": [
        32.30762481689453,
        37.84060478210449,
        83.38260650634766,
        19.483566284179688,
        18.578767776489258,
        18.364667892456055,
        18.08905601501465,
        25.22587776184082,
        18.538951873779297,
        20.070552825927734,
        35.933494567871094,
        23.465871810913086,
        24.619579315185547,
        24.825334548950195,
        18.980026245117188,
        29.087543487548828,
        21.028518676757812,
        17.550945281982422,
        60.79530715942383,
        33.09822082519531,
        18.747806549072266,
        21.155357360839844,
        26.897430419921875,
        21.81243896484375,
        17.544984817504883,
        19.30689811706543,
        50.99153518676758,
        50.45294761657715,
        17.551183700561523,
        28.52010726928711,
        33.50472450256348,
        34.98482704162598,
        18.433570861816406,
        33.38432312011719,
        41.472434997558594,
        34.50155258178711,
        54.346561431884766,
        108.13331604003906,
        68.55487823486328,
        69.27943229675293,
        47.90472984313965,
        78.47952842712402,
        18.01919937133789,
        42.75107383728027,
        17.098188400268555,
        17.884492874145508,
        26.763200759887695,
        17.847537994384766,
        26.871204376220703,
        19.858598709106445
    ]
}