{
    "wrong_pw_times_account1": [
        83.14394950866699,
        71.59590721130371,
        162.4431610107422,
        112.31708526611328,
        78.5360336303711,
        62.59870529174805,
        85.20841598510742,
        64.99910354614258,
        94.48051452636719,
        71.11072540283203,
        99.71928596496582,
        173.3536720275879,
        73.06361198425293,
        63.587188720703125,
        87.34512329101562,
        69.3204402923584,
        67.85702705383301,
        64.0416145324707,
        75.18172264099121,
        75.57129859924316,
        68.93444061279297,
        71.03300094604492,
        62.4089241027832,
        63.20762634277344,
        91.29858016967773,
        81.1769962310791,
        62.099456787109375,
        62.3323917388916,
        68.92561912536621,
        65.92822074890137,
        78.98855209350586,
        72.04866409301758,
        76.98512077331543,
        108.89458656311035,
        210.40606498718262,
        65.72771072387695,
        78.4912109375,
        73.38690757751465,
        96.69137001037598,
        67.8398609161377,
        146.08383178710938,
        101.32360458374023,
        77.94904708862305,
        126.42621994018555,
        62.918901443481445,
        70.76001167297363,
        61.586618423461914,
        62.70766258239746,
        72.38388061523438,
        100.84080696105957
    ],
    "wrong_pw_times_account2": [
        97.40257263183594,
        73.8534927368164,
        68.58229637145996,
        65.28520584106445,
        66.50781631469727,
        62.22724914550781,
        74.25665855407715,
        62.89100646972656,
        62.12019920349121,
        68.19629669189453,
        69.25225257873535,
        63.15970420837402,
        62.1945858001709,
        76.16925239562988,
        67.66772270202637,
        69.63753700256348,
        75.23560523986816,
        62.937259674072266,
        114.68744277954102,
        202.88634300231934,
        131.76631927490234,
        78.69911193847656,
        157.7475070953369,
        70.52159309387207,
        166.70894622802734,
        73.98486137390137,
        62.19625473022461,
        72.78776168823242,
        72.42536544799805,
        66.5285587310791,
        70.56856155395508,
        86.17043495178223,
        67.31581687927246,
        61.4161491394043,
        71.60234451293945,
        78.11594009399414,
        74.85365867614746,
        93.27435493469238,
        76.48134231567383,
        62.168121337890625,
        65.49239158630371,
        76.97463035583496,
        85.3569507598877,
        72.13973999023438,
        62.12472915649414,
        78.84407043457031,
        73.84729385375977,
        108.84618759155273,
        83.08720588684082,
        147.70865440368652
    ],
    "wrong_email_times_account1": [
        208.16850662231445,
        68.10641288757324,
        41.43214225769043,
        17.893552780151367,
        33.06007385253906,
        43.23577880859375,
        34.30318832397461,
        18.697023391723633,
        24.18971061706543,
        39.86692428588867,
        63.819169998168945,
        23.36597442626953,
        72.9665756225586,
        37.37759590148926,
        21.221637725830078,
        46.38242721557617,
        23.11849594116211,
        24.1086483001709,
        20.82228660583496,
        17.989635467529297,
        17.49897003173828,
        40.70401191711426,
        25.35867691040039,
        41.036367416381836,
        98.62923622131348,
        64.87631797790527,
        28.194189071655273,
        30.326128005981445,
        35.611867904663086,
        145.41888236999512,
        94.45905685424805,
        18.493175506591797,
        25.035381317138672,
        33.42294692993164,
        17.863988876342773,
        38.64121437072754,
        18.436193466186523,
        18.320083618164062,
        38.62619400024414,
        22.742509841918945,
        20.428180694580078,
        33.85186195373535,
        40.80772399902344,
        17.861366271972656,
        32.64284133911133,
        17.930984497070312,
        44.34633255004883,
        36.037445068359375,
        17.30513572692871,
        23.317575454711914
    ],
    "wrong_email_times_account2": [
        21.68440818786621,
        20.435333251953125,
        18.052101135253906,
        17.47584342956543,
        23.293256759643555,
        28.868913650512695,
        17.99798011779785,
        70.27959823608398,
        27.699708938598633,
        27.75740623474121,
        71.88606262207031,
        54.60095405578613,
        61.023712158203125,
        61.95187568664551,
        45.61257362365723,
        25.36606788635254,
        182.57689476013184,
        138.19336891174316,
        39.850473403930664,
        17.978906631469727,
        29.259920120239258,
        28.66339683532715,
        49.55315589904785,
        28.593063354492188,
        32.84192085266113,
        26.69525146484375,
        32.68742561340332,
        23.00739288330078,
        54.88896369934082,
        18.31531524658203,
        30.25031089782715,
        24.914264678955078,
        30.939102172851562,
        18.298625946044922,
        18.04351806640625,
        39.53242301940918,
        54.16154861450195,
        18.305301666259766,
        24.756908416748047,
        22.09639549255371,
        38.11979293823242,
        68.95661354064941,
        39.06893730163574,
        53.44557762145996,
        56.80274963378906,
        64.10551071166992,
        132.62629508972168,
        89.41841125488281,
        21.571874618530273,
        25.434017181396484
    ]
}