{
    "wrong_pw_times_account1": [
        69.99325752258301,
        72.51882553100586,
        62.094926834106445,
        65.54460525512695,
        79.28729057312012,
        61.73086166381836,
        75.99830627441406,
        60.84942817687988,
        68.73536109924316,
        62.837839126586914,
        98.87814521789551,
        95.04079818725586,
        86.33756637573242,
        71.61974906921387,
        61.24758720397949,
        74.43547248840332,
        64.10622596740723,
        61.52677536010742,
        62.73460388183594,
        72.67546653747559,
        69.4725513458252,
        67.50822067260742,
        68.38369369506836,
        64.09382820129395,
        145.65300941467285,
        80.6267261505127,
        178.59125137329102,
        73.52375984191895,
        210.83426475524902,
        81.79330825805664,
        72.82710075378418,
        137.83001899719238,
        62.187910079956055,
        92.34404563903809,
        73.3022689819336,
        62.20889091491699,
        62.17670440673828,
        66.93100929260254,
        82.43298530578613,
        68.61281394958496,
        61.466217041015625,
        93.13774108886719,
        70.66893577575684,
        61.45787239074707,
        70.41382789611816,
        66.49017333984375,
        72.90267944335938,
        70.45602798461914,
        74.08833503723145,
        68.2065486907959
    ],
    "wrong_pw_times_account2": [
        121.1400032043457,
        63.06576728820801,
        153.4717082977295,
        77.44550704956055,
        75.49571990966797,
        65.19031524658203,
        66.04599952697754,
        122.64847755432129,
        114.6085262298584,
        65.56177139282227,
        108.81662368774414,
        62.06488609313965,
        72.19219207763672,
        83.61506462097168,
        72.36170768737793,
        67.02494621276855,
        63.9495849609375,
        103.15775871276855,
        78.6600112915039,
        88.94658088684082,
        68.74585151672363,
        84.7780704498291,
        82.88025856018066,
        65.27137756347656,
        74.13101196289062,
        62.011003494262695,
        90.43478965759277,
        79.06866073608398,
        63.6754035949707,
        77.79955863952637,
        67.5201416015625,
        70.56951522827148,
        63.68589401245117,
        63.619375228881836,
        61.635494232177734,
        62.69359588623047,
        107.75256156921387,
        91.92609786987305,
        61.50102615356445,
        84.6717357635498,
        89.16926383972168,
        111.93180084228516,
        120.11837959289551,
        172.2121238708496,
        73.04930686950684,
        97.34296798706055,
        70.13773918151855,
        95.61705589294434,
        110.30912399291992,
        171.33116722106934
    ],
    "wrong_email_times_account1": [
        30.974149703979492,
        32.239675521850586,
        21.49677276611328,
        23.16880226135254,
        17.303943634033203,
        17.888545989990234,
        35.0193977355957,
        18.65410804748535,
        51.726579666137695,
        22.176504135131836,
        18.134117126464844,
        18.34249496459961,
        24.019479751586914,
        18.788814544677734,
        17.449140548706055,
        27.51445770263672,
        38.66100311279297,
        24.075031280517578,
        116.28413200378418,
        35.00699996948242,
        94.01178359985352,
        21.154165267944336,
        45.350074768066406,
        17.724275588989258,
        18.34273338317871,
        26.651859283447266,
        17.216205596923828,
        20.27106285095215,
        17.911195755004883,
        17.521381378173828,
        26.258230209350586,
        44.91472244262695,
        23.947715759277344,
        34.3780517578125,
        18.2497501373291,
        35.91752052307129,
        25.406360626220703,
        17.31109619140625,
        20.717620849609375,
        18.83721351623535,
        37.9033088684082,
        26.6873836517334,
        25.758743286132812,
        17.586946487426758,
        18.78046989440918,
        28.83625030517578,
        22.15433120727539,
        53.43914031982422,
        33.77223014831543,
        37.82534599304199
    ],
    "wrong_email_times_account2": [
        22.07350730895996,
        98.35481643676758,
        64.4216537475586,
        18.29218864440918,
        18.051624298095703,
        25.588035583496094,
        40.18545150756836,
        27.668476104736328,
        17.897844314575195,
        32.66453742980957,
        26.58534049987793,
        55.44877052307129,
        18.532752990722656,
        26.38387680053711,
        26.352405548095703,
        17.54903793334961,
        24.62911605834961,
        35.550594329833984,
        21.630048751831055,
        37.033796310424805,
        19.177913665771484,
        125.69975852966309,
        36.57054901123047,
        76.36690139770508,
        23.668289184570312,
        19.67334747314453,
        38.362741470336914,
        21.09384536743164,
        33.00333023071289,
        66.06245040893555,
        34.68966484069824,
        28.576374053955078,
        29.933929443359375,
        117.57135391235352,
        113.15202713012695,
        59.999942779541016,
        20.915985107421875,
        78.28283309936523,
        53.9400577545166,
        21.956682205200195,
        72.49927520751953,
        78.08327674865723,
        29.094934463500977,
        29.670000076293945,
        26.738405227661133,
        18.06473731994629,
        22.50957489013672,
        21.471023559570312,
        17.664432525634766,
        39.81614112854004
    ]
}