{
    "wrong_pw_times_account1": [
        85.52718162536621,
        62.26181983947754,
        87.2035026550293,
        61.83791160583496,
        78.99999618530273,
        75.48213005065918,
        72.22104072570801,
        62.358856201171875,
        102.4935245513916,
        72.72100448608398,
        78.34672927856445,
        63.41052055358887,
        62.135934829711914,
        73.17757606506348,
        73.36831092834473,
        82.84449577331543,
        84.70964431762695,
        75.14715194702148,
        62.26611137390137,
        68.25447082519531,
        83.02426338195801,
        69.53001022338867,
        62.24942207336426,
        75.96158981323242,
        82.42511749267578,
        130.1274299621582,
        147.83263206481934,
        80.71160316467285,
        106.26435279846191,
        119.91381645202637,
        72.19099998474121,
        68.56393814086914,
        62.566280364990234,
        75.6235122680664,
        61.61093711853027,
        67.32702255249023,
        82.9153060913086,
        67.85058975219727,
        64.39685821533203,
        74.29766654968262,
        89.4162654876709,
        69.49448585510254,
        63.425540924072266,
        64.41903114318848,
        64.73064422607422,
        130.45310974121094,
        90.97123146057129,
        77.73542404174805,
        101.48763656616211,
        129.94670867919922
    ],
    "wrong_pw_times_account2": [
        78.04369926452637,
        61.86485290527344,
        74.94640350341797,
        82.84235000610352,
        67.17610359191895,
        62.9885196685791,
        96.76575660705566,
        64.95904922485352,
        74.45526123046875,
        149.96623992919922,
        65.09757041931152,
        114.00866508483887,
        66.43033027648926,
        111.93537712097168,
        149.08576011657715,
        69.12684440612793,
        62.55388259887695,
        62.74819374084473,
        130.15222549438477,
        101.4566421508789,
        65.39154052734375,
        67.05784797668457,
        73.28605651855469,
        61.38181686401367,
        61.94925308227539,
        71.40398025512695,
        75.72150230407715,
        95.81351280212402,
        97.3958969116211,
        67.72255897521973,
        86.04574203491211,
        76.11989974975586,
        64.55683708190918,
        76.76482200622559,
        206.94255828857422,
        76.61676406860352,
        76.77221298217773,
        164.8392677307129,
        115.0367259979248,
        141.90006256103516,
        87.70203590393066,
        68.61662864685059,
        74.31602478027344,
        68.95780563354492,
        62.72435188293457,
        64.6367073059082,
        89.15019035339355,
        84.03658866882324,
        65.6895637512207,
        78.36413383483887
    ],
    "wrong_email_times_account1": [
        41.39828681945801,
        23.25916290283203,
        41.942596435546875,
        23.718833923339844,
        17.728090286254883,
        23.39315414428711,
        18.66292953491211,
        39.72744941711426,
        36.83280944824219,
        17.75383949279785,
        17.997026443481445,
        27.486801147460938,
        18.212318420410156,
        18.73612403869629,
        20.707130432128906,
        85.64877510070801,
        165.31848907470703,
        127.58779525756836,
        21.055221557617188,
        18.73636245727539,
        29.35051918029785,
        19.060373306274414,
        60.779571533203125,
        37.841796875,
        36.89241409301758,
        27.23550796508789,
        17.701387405395508,
        17.600059509277344,
        17.899036407470703,
        27.12106704711914,
        17.90452003479004,
        19.464969635009766,
        26.64017677307129,
        28.036832809448242,
        17.954349517822266,
        20.86806297302246,
        37.848711013793945,
        60.08291244506836,
        51.35703086853027,
        22.146940231323242,
        36.60130500793457,
        32.60445594787598,
        289.00599479675293,
        38.17439079284668,
        89.77842330932617,
        80.36541938781738,
        20.926952362060547,
        28.619766235351562,
        24.04332160949707,
        18.101930618286133
    ],
    "wrong_email_times_account2": [
        166.947603225708,
        96.27294540405273,
        34.38735008239746,
        66.81394577026367,
        38.04326057434082,
        90.16203880310059,
        18.726110458374023,
        28.683185577392578,
        17.559051513671875,
        46.09942436218262,
        17.190933227539062,
        23.682117462158203,
        18.37635040283203,
        27.183055877685547,
        42.64688491821289,
        55.36913871765137,
        38.99741172790527,
        26.088476181030273,
        39.72983360290527,
        47.391653060913086,
        26.603221893310547,
        22.332191467285156,
        28.00440788269043,
        19.048452377319336,
        46.92482948303223,
        37.15085983276367,
        58.799028396606445,
        26.987314224243164,
        17.847299575805664,
        112.2891902923584,
        80.21903038024902,
        122.92623519897461,
        70.4348087310791,
        27.7712345123291,
        61.10525131225586,
        24.356842041015625,
        22.50814437866211,
        18.91350746154785,
        18.349885940551758,
        21.69203758239746,
        26.049375534057617,
        17.540454864501953,
        17.913341522216797,
        25.37083625793457,
        25.313854217529297,
        18.81551742553711,
        22.966384887695312,
        53.54475975036621,
        22.411584854125977,
        27.555465698242188
    ]
}