{
    "wrong_pw_times_account1": [
        62.818050384521484,
        62.60800361633301,
        74.57160949707031,
        62.41631507873535,
        64.07976150512695,
        107.33652114868164,
        107.02300071716309,
        92.91744232177734,
        118.85285377502441,
        84.46311950683594,
        108.25586318969727,
        70.82486152648926,
        84.05137062072754,
        71.57278060913086,
        63.042402267456055,
        98.4954833984375,
        121.79017066955566,
        124.35364723205566,
        107.05327987670898,
        76.77578926086426,
        62.65687942504883,
        100.86274147033691,
        115.67473411560059,
        62.08205223083496,
        70.37806510925293,
        117.95783042907715,
        66.47801399230957,
        81.16650581359863,
        74.01323318481445,
        73.76456260681152,
        75.14119148254395,
        96.48013114929199,
        149.3971347808838,
        203.22155952453613,
        76.61843299865723,
        88.71269226074219,
        110.97598075866699,
        67.94476509094238,
        92.98157691955566,
        81.46333694458008,
        79.42032814025879,
        67.38805770874023,
        69.52667236328125,
        65.19317626953125,
        63.05289268493652,
        82.43107795715332,
        62.44945526123047,
        60.714006423950195,
        62.44468688964844,
        73.40884208679199
    ],
    "wrong_pw_times_account2": [
        84.1681957244873,
        62.51263618469238,
        62.368154525756836,
        63.09223175048828,
        71.89083099365234,
        71.43831253051758,
        61.807870864868164,
        66.03288650512695,
        61.699628829956055,
        84.08260345458984,
        64.73875045776367,
        62.618255615234375,
        61.71226501464844,
        76.5533447265625,
        65.17887115478516,
        74.3558406829834,
        72.03006744384766,
        71.54345512390137,
        76.81584358215332,
        63.6749267578125,
        75.86908340454102,
        227.07700729370117,
        95.7033634185791,
        173.02227020263672,
        114.38965797424316,
        80.07049560546875,
        63.21120262145996,
        71.59876823425293,
        66.12229347229004,
        71.58422470092773,
        72.71909713745117,
        69.16999816894531,
        62.75224685668945,
        115.41748046875,
        79.61869239807129,
        75.0274658203125,
        68.4044361114502,
        94.06614303588867,
        62.161922454833984,
        69.04816627502441,
        62.75320053100586,
        64.31961059570312,
        84.45978164672852,
        88.74678611755371,
        62.84356117248535,
        68.3135986328125,
        85.82663536071777,
        112.72454261779785,
        80.9180736541748,
        83.95981788635254
    ],
    "wrong_email_times_account1": [
        69.14377212524414,
        34.56425666809082,
        76.995849609375,
        94.5901870727539,
        18.25714111328125,
        20.50042152404785,
        17.6544189453125,
        56.517601013183594,
        18.534183502197266,
        28.951406478881836,
        18.701791763305664,
        18.303394317626953,
        25.1922607421875,
        21.189451217651367,
        32.14120864868164,
        18.463134765625,
        31.409740447998047,
        17.41766929626465,
        34.338951110839844,
        19.638776779174805,
        47.67632484436035,
        28.94425392150879,
        25.362730026245117,
        91.62521362304688,
        98.86050224304199,
        103.58071327209473,
        45.366764068603516,
        42.28401184082031,
        58.753013610839844,
        47.98626899719238,
        19.18315887451172,
        43.08366775512695,
        18.1119441986084,
        18.151044845581055,
        28.662919998168945,
        24.799108505249023,
        35.01176834106445,
        39.73507881164551,
        22.027969360351562,
        25.79474449157715,
        27.329206466674805,
        50.38595199584961,
        20.503997802734375,
        28.3811092376709,
        18.34893226623535,
        21.25382423400879,
        42.65999794006348,
        66.3306713104248,
        17.845630645751953,
        32.51814842224121
    ],
    "wrong_email_times_account2": [
        26.975631713867188,
        39.13426399230957,
        17.744779586791992,
        22.541284561157227,
        58.92682075500488,
        17.075061798095703,
        39.240121841430664,
        20.62368392944336,
        27.584075927734375,
        39.845943450927734,
        20.857572555541992,
        35.660743713378906,
        42.40107536315918,
        72.22557067871094,
        71.86651229858398,
        70.72234153747559,
        21.54684066772461,
        150.03299713134766,
        66.14971160888672,
        130.37705421447754,
        27.232885360717773,
        23.128032684326172,
        22.40610122680664,
        78.27019691467285,
        17.834901809692383,
        22.855758666992188,
        17.544984817504883,
        18.610477447509766,
        44.969797134399414,
        30.40146827697754,
        17.361164093017578,
        21.213293075561523,
        17.934799194335938,
        20.99776268005371,
        31.927824020385742,
        30.543088912963867,
        24.38521385192871,
        33.83374214172363,
        83.09006690979004,
        20.920753479003906,
        87.97383308410645,
        56.09703063964844,
        79.55455780029297,
        18.5697078704834,
        43.75767707824707,
        25.214672088623047,
        24.312496185302734,
        36.321401596069336,
        18.20087432861328,
        69.51403617858887
    ]
}