{
    "wrong_pw_times_account1": [
        82.06987380981445,
        88.64355087280273,
        67.86870956420898,
        83.5115909576416,
        62.62373924255371,
        72.48592376708984,
        63.230276107788086,
        66.75243377685547,
        70.84822654724121,
        61.356544494628906,
        72.39508628845215,
        73.44341278076172,
        62.03293800354004,
        77.61311531066895,
        61.65909767150879,
        68.31836700439453,
        76.35951042175293,
        111.7556095123291,
        78.58824729919434,
        70.28698921203613,
        87.31412887573242,
        78.08971405029297,
        82.49640464782715,
        90.79551696777344,
        61.907052993774414,
        79.8330307006836,
        90.98339080810547,
        63.066720962524414,
        61.81144714355469,
        65.81616401672363,
        78.49526405334473,
        62.644243240356445,
        81.27379417419434,
        65.18101692199707,
        165.4682159423828,
        62.544822692871094,
        62.198638916015625,
        96.50111198425293,
        114.43448066711426,
        82.31115341186523,
        72.20292091369629,
        62.995195388793945,
        76.61795616149902,
        71.04849815368652,
        70.8308219909668,
        84.04994010925293,
        97.05233573913574,
        72.68691062927246,
        77.22592353820801,
        71.52676582336426
    ],
    "wrong_pw_times_account2": [
        70.41072845458984,
        132.0931911468506,
        104.59399223327637,
        62.23654747009277,
        129.71019744873047,
        178.58409881591797,
        114.01867866516113,
        84.68222618103027,
        62.471628189086914,
        98.51646423339844,
        101.71031951904297,
        62.13998794555664,
        67.87395477294922,
        109.67183113098145,
        67.77358055114746,
        72.62063026428223,
        64.81504440307617,
        75.4549503326416,
        62.2403621673584,
        72.78752326965332,
        62.320709228515625,
        63.45367431640625,
        62.044620513916016,
        64.31341171264648,
        74.65434074401855,
        67.65055656433105,
        67.7042007446289,
        75.09636878967285,
        61.51771545410156,
        71.50650024414062,
        74.89776611328125,
        72.28899002075195,
        61.544179916381836,
        62.2866153717041,
        63.04597854614258,
        68.17793846130371,
        95.76416015625,
        76.07030868530273,
        62.17527389526367,
        72.08824157714844,
        77.27408409118652,
        63.82179260253906,
        62.30044364929199,
        62.467098236083984,
        66.33472442626953,
        92.19670295715332,
        66.50805473327637,
        75.2413272857666,
        66.49231910705566,
        199.8763084411621
    ],
    "wrong_email_times_account1": [
        23.737430572509766,
        19.079923629760742,
        17.43459701538086,
        29.70123291015625,
        17.595529556274414,
        28.473377227783203,
        30.111074447631836,
        18.571138381958008,
        23.038625717163086,
        62.468767166137695,
        58.49957466125488,
        18.098831176757812,
        51.47504806518555,
        44.364213943481445,
        56.21647834777832,
        78.72724533081055,
        26.796817779541016,
        99.7765064239502,
        17.04716682434082,
        22.25971221923828,
        23.545265197753906,
        33.512115478515625,
        18.886804580688477,
        33.41388702392578,
        18.154382705688477,
        40.06838798522949,
        18.085479736328125,
        18.005847930908203,
        23.368120193481445,
        25.761127471923828,
        27.044057846069336,
        23.525238037109375,
        18.39470863342285,
        26.141881942749023,
        54.60190773010254,
        39.44683074951172,
        25.852441787719727,
        27.309179306030273,
        26.8862247467041,
        25.012493133544922,
        37.54544258117676,
        27.372360229492188,
        26.69215202331543,
        17.483234405517578,
        23.180246353149414,
        29.883623123168945,
        22.578716278076172,
        33.34522247314453,
        17.971515655517578,
        31.429767608642578
    ],
    "wrong_email_times_account2": [
        18.73922348022461,
        54.967403411865234,
        18.191099166870117,
        31.85868263244629,
        17.708301544189453,
        72.99351692199707,
        24.495363235473633,
        18.259286880493164,
        41.34631156921387,
        21.12865447998047,
        34.8966121673584,
        28.967857360839844,
        36.043405532836914,
        17.55976676940918,
        23.04816246032715,
        49.46446418762207,
        17.983675003051758,
        33.17451477050781,
        39.90817070007324,
        31.773090362548828,
        18.580198287963867,
        27.202129364013672,
        37.56093978881836,
        25.303125381469727,
        29.047489166259766,
        18.688440322875977,
        28.38611602783203,
        27.148723602294922,
        18.7985897064209,
        23.684024810791016,
        17.3642635345459,
        27.531862258911133,
        40.647268295288086,
        17.08674430847168,
        17.863750457763672,
        18.228530883789062,
        36.904335021972656,
        45.865774154663086,
        29.774188995361328,
        80.35993576049805,
        55.42135238647461,
        46.503543853759766,
        53.841352462768555,
        80.20496368408203,
        50.377845764160156,
        185.67919731140137,
        40.76790809631348,
        96.13633155822754,
        18.323659896850586,
        24.048566818237305
    ]
}