{
    "wrong_email_times_account1": [
        34.43145751953125,
        32.723188400268555,
        34.49749946594238,
        33.73408317565918,
        34.04712677001953,
        17.616987228393555,
        17.032861709594727,
        33.51593017578125,
        17.047882080078125,
        17.09127426147461,
        17.347335815429688,
        31.762361526489258,
        33.18214416503906,
        17.085552215576172,
        34.30604934692383,
        17.996788024902344,
        17.421722412109375,
        18.09215545654297,
        17.30966567993164,
        33.312320709228516,
        17.193078994750977,
        16.65949821472168,
        39.635419845581055,
        17.394542694091797,
        17.590045928955078,
        17.065763473510742,
        17.20571517944336,
        33.429861068725586,
        16.634464263916016,
        34.348249435424805,
        33.255815505981445,
        17.26055145263672,
        17.991304397583008,
        34.9736213684082,
        16.968488693237305,
        16.577959060668945,
        17.409086227416992,
        17.418384552001953,
        35.39681434631348,
        17.702579498291016,
        17.026901245117188,
        33.13946723937988,
        34.829139709472656,
        17.74120330810547,
        33.55550765991211,
        33.481597900390625,
        17.56453514099121,
        33.215999603271484,
        31.80384635925293,
        35.24613380432129
    ],
    "wrong_pw_times_account1": [
        102.22291946411133,
        59.30685997009277,
        60.12845039367676,
        60.32848358154297,
        61.170339584350586,
        101.6082763671875,
        101.16744041442871,
        105.61347007751465,
        60.19020080566406,
        59.3419075012207,
        59.906005859375,
        103.99079322814941,
        59.815406799316406,
        100.5244255065918,
        103.17373275756836,
        59.823036193847656,
        101.90057754516602,
        59.79657173156738,
        60.13202667236328,
        103.20377349853516,
        59.85403060913086,
        102.42748260498047,
        102.74767875671387,
        102.35595703125,
        103.25264930725098,
        103.8360595703125,
        103.79457473754883,
        60.32896041870117,
        59.4632625579834,
        60.44411659240723,
        103.32202911376953,
        106.06932640075684,
        60.31441688537598,
        110.75758934020996,
        102.8139591217041,
        60.231924057006836,
        59.50188636779785,
        102.8144359588623,
        60.32133102416992,
        61.52153015136719,
        102.19407081604004,
        59.78751182556152,
        60.50753593444824,
        60.60504913330078,
        103.48033905029297,
        102.79083251953125,
        100.2657413482666,
        60.24670600891113,
        60.14132499694824,
        103.47795486450195
    ],
    "wrong_email_times_account2": [
        17.121315002441406,
        34.67440605163574,
        34.13701057434082,
        32.03892707824707,
        35.628318786621094,
        17.516136169433594,
        32.84406661987305,
        17.049312591552734,
        17.302751541137695,
        35.63094139099121,
        17.513036727905273,
        32.77397155761719,
        34.535884857177734,
        33.133745193481445,
        16.94941520690918,
        33.12087059020996,
        33.93197059631348,
        36.31329536437988,
        47.33777046203613,
        17.436742782592773,
        18.459081649780273,
        33.28299522399902,
        18.217086791992188,
        17.023324966430664,
        36.59486770629883,
        34.938812255859375,
        34.9421501159668,
        42.377471923828125,
        39.689064025878906,
        16.948938369750977,
        17.159700393676758,
        17.03023910522461,
        17.292022705078125,
        32.17172622680664,
        32.40036964416504,
        33.174991607666016,
        17.453432083129883,
        16.9680118560791,
        16.601085662841797,
        48.64692687988281,
        32.55867958068848,
        17.2879695892334,
        33.708810806274414,
        32.811641693115234,
        33.461809158325195,
        17.37523078918457,
        34.14011001586914,
        16.939401626586914,
        17.09723472595215,
        17.703771591186523
    ],
    "wrong_pw_times_account2": [
        103.20806503295898,
        59.65733528137207,
        103.2721996307373,
        102.06770896911621,
        102.04100608825684,
        100.20923614501953,
        60.2726936340332,
        59.252262115478516,
        100.50415992736816,
        105.03172874450684,
        60.578107833862305,
        103.29461097717285,
        101.19247436523438,
        102.99539566040039,
        102.85782814025879,
        59.042930603027344,
        60.68277359008789,
        60.32156944274902,
        103.06000709533691,
        101.1362075805664,
        101.8071174621582,
        103.40261459350586,
        59.76986885070801,
        102.39815711975098,
        103.3942699432373,
        104.80427742004395,
        104.35748100280762,
        60.469865798950195,
        103.3625602722168,
        59.84377861022949,
        101.3336181640625,
        60.590505599975586,
        105.44538497924805,
        104.51436042785645,
        101.93991661071777,
        60.24312973022461,
        59.745073318481445,
        60.38188934326172,
        101.87554359436035,
        59.89408493041992,
        60.4250431060791,
        59.53574180603027,
        104.16507720947266,
        113.47579956054688,
        110.02945899963379,
        60.14609336853027,
        60.03832817077637,
        105.82447052001953,
        102.40626335144043,
        59.65733528137207
    ]
}