{
    "wrong_email_times_account1": [
        32.6082706451416,
        16.78323745727539,
        33.13302993774414,
        17.099857330322266,
        34.621477127075195,
        17.591476440429688,
        17.163515090942383,
        17.03929901123047,
        33.7069034576416,
        35.01391410827637,
        17.22121238708496,
        50.71306228637695,
        36.23771667480469,
        17.132043838500977,
        31.693458557128906,
        17.850875854492188,
        33.4019660949707,
        17.540931701660156,
        16.41845703125,
        34.208059310913086,
        43.19119453430176,
        32.033443450927734,
        17.055034637451172,
        18.04518699645996,
        31.79478645324707,
        34.08026695251465,
        33.51402282714844,
        17.462491989135742,
        17.17662811279297,
        44.042110443115234,
        17.220497131347656,
        17.55237579345703,
        32.465219497680664,
        34.455299377441406,
        17.243146896362305,
        17.746686935424805,
        16.655683517456055,
        17.060041427612305,
        51.38087272644043,
        16.901254653930664,
        17.949581146240234,
        17.122507095336914,
        17.41194725036621,
        18.126726150512695,
        33.62917900085449,
        34.499406814575195,
        32.16052055358887,
        34.11531448364258,
        17.299413681030273,
        16.89600944519043
    ],
    "wrong_pw_times_account1": [
        60.1658821105957,
        104.0349006652832,
        102.50568389892578,
        60.32395362854004,
        103.14249992370605,
        104.2337417602539,
        60.21738052368164,
        109.80367660522461,
        101.51529312133789,
        104.2325496673584,
        59.68594551086426,
        60.35137176513672,
        60.42671203613281,
        101.65119171142578,
        60.30869483947754,
        60.15801429748535,
        59.98826026916504,
        102.27704048156738,
        101.17578506469727,
        60.04905700683594,
        109.62128639221191,
        60.001373291015625,
        60.007333755493164,
        60.45341491699219,
        60.36639213562012,
        104.78901863098145,
        102.5688648223877,
        60.03212928771973,
        103.68990898132324,
        101.36747360229492,
        101.32813453674316,
        60.0590705871582,
        100.86846351623535,
        60.58764457702637,
        59.7841739654541,
        108.0782413482666,
        60.45722961425781,
        101.52959823608398,
        102.30422019958496,
        103.48749160766602,
        61.18631362915039,
        104.1717529296875,
        60.32967567443848,
        102.8451919555664,
        101.4251708984375,
        59.93938446044922,
        106.58502578735352,
        59.94725227355957,
        59.873342514038086,
        104.00724411010742
    ],
    "wrong_email_times_account2": [
        16.763687133789062,
        17.55547523498535,
        31.821250915527344,
        17.483234405517578,
        17.061471939086914,
        36.863088607788086,
        33.86044502258301,
        33.20813179016113,
        17.35830307006836,
        31.008481979370117,
        17.87424087524414,
        34.1949462890625,
        33.90312194824219,
        33.393144607543945,
        34.72399711608887,
        17.441987991333008,
        17.062902450561523,
        33.16783905029297,
        36.32545471191406,
        16.973495483398438,
        17.16327667236328,
        33.257246017456055,
        17.13728904724121,
        17.621755599975586,
        17.340421676635742,
        17.89546012878418,
        33.92529487609863,
        32.87196159362793,
        17.58289337158203,
        33.58745574951172,
        37.36376762390137,
        32.552480697631836,
        36.7579460144043,
        34.54399108886719,
        33.06102752685547,
        35.45022010803223,
        16.96038246154785,
        34.21831130981445,
        32.61160850524902,
        34.59310531616211,
        35.727739334106445,
        18.039941787719727,
        32.692909240722656,
        16.601085662841797,
        33.85019302368164,
        17.386198043823242,
        17.461538314819336,
        33.82062911987305,
        17.809629440307617,
        47.69277572631836
    ],
    "wrong_pw_times_account2": [
        59.3869686126709,
        104.15911674499512,
        60.28270721435547,
        118.55602264404297,
        60.59885025024414,
        60.09531021118164,
        59.90290641784668,
        60.302734375,
        60.18996238708496,
        102.15377807617188,
        60.302734375,
        101.93586349487305,
        122.13134765625,
        60.326337814331055,
        60.36782264709473,
        60.266733169555664,
        103.21378707885742,
        60.202836990356445,
        60.28103828430176,
        60.01591682434082,
        104.02727127075195,
        102.38480567932129,
        101.92060470581055,
        108.41560363769531,
        60.26029586791992,
        60.43720245361328,
        103.37328910827637,
        59.546709060668945,
        108.22796821594238,
        60.864925384521484,
        60.29343605041504,
        60.34350395202637,
        60.684919357299805,
        60.182809829711914,
        60.5471134185791,
        100.49176216125488,
        104.46667671203613,
        60.312747955322266,
        103.87063026428223,
        101.68647766113281,
        102.9820442199707,
        103.00421714782715,
        101.92537307739258,
        101.30786895751953,
        102.46801376342773,
        103.50751876831055,
        59.91339683532715,
        101.57465934753418,
        103.82914543151855,
        59.8909854888916
    ]
}