{
    "wrong_email_times_account1": [
        17.697811126708984,
        17.0748233795166,
        32.68074989318848,
        35.791873931884766,
        33.539772033691406,
        32.02700614929199,
        33.24699401855469,
        38.808345794677734,
        17.47894287109375,
        17.708301544189453,
        17.406463623046875,
        17.69542694091797,
        39.70456123352051,
        34.758567810058594,
        32.67788887023926,
        33.2643985748291,
        18.075227737426758,
        17.116069793701172,
        17.09127426147461,
        17.21334457397461,
        17.808914184570312,
        17.716169357299805,
        34.111738204956055,
        17.50326156616211,
        17.1201229095459,
        17.951488494873047,
        33.10751914978027,
        48.05588722229004,
        32.74083137512207,
        35.86912155151367,
        33.27584266662598,
        17.133474349975586,
        17.758846282958984,
        17.8830623626709,
        32.047271728515625,
        17.713069915771484,
        17.634153366088867,
        17.624616622924805,
        32.7301025390625,
        18.021106719970703,
        16.826629638671875,
        17.02427864074707,
        16.970157623291016,
        17.377138137817383,
        73.6699104309082,
        17.655372619628906,
        33.76507759094238,
        17.179250717163086,
        32.74035453796387,
        33.20026397705078
    ],
    "wrong_pw_times_account1": [
        120.11480331420898,
        101.7453670501709,
        60.09197235107422,
        125.96011161804199,
        60.335636138916016,
        59.15689468383789,
        59.81564521789551,
        101.92227363586426,
        60.46748161315918,
        113.09528350830078,
        60.52732467651367,
        60.497283935546875,
        101.73392295837402,
        101.04894638061523,
        59.37361717224121,
        59.549570083618164,
        101.94253921508789,
        104.21276092529297,
        102.83422470092773,
        103.14559936523438,
        100.80695152282715,
        103.30605506896973,
        104.06708717346191,
        103.38592529296875,
        60.22214889526367,
        59.98110771179199,
        60.262441635131836,
        60.34517288208008,
        60.656070709228516,
        60.06455421447754,
        59.824228286743164,
        59.623003005981445,
        60.585975646972656,
        101.00817680358887,
        59.935808181762695,
        60.7450008392334,
        101.6225814819336,
        101.44758224487305,
        101.32288932800293,
        103.91592979431152,
        102.06365585327148,
        59.638023376464844,
        59.57317352294922,
        101.50408744812012,
        60.09984016418457,
        101.78041458129883,
        60.44459342956543,
        60.23979187011719,
        59.88907814025879,
        102.30731964111328
    ],
    "wrong_email_times_account2": [
        17.189502716064453,
        33.34307670593262,
        17.067432403564453,
        17.21787452697754,
        17.922401428222656,
        17.49897003173828,
        17.070293426513672,
        17.786026000976562,
        17.29106903076172,
        32.01746940612793,
        45.38869857788086,
        17.21501350402832,
        17.543315887451172,
        32.701730728149414,
        17.87877082824707,
        17.014265060424805,
        17.490863800048828,
        43.25532913208008,
        17.185688018798828,
        17.09127426147461,
        32.59873390197754,
        17.91071891784668,
        32.26065635681152,
        17.296791076660156,
        33.28204154968262,
        16.941308975219727,
        32.04035758972168,
        32.49192237854004,
        33.98609161376953,
        17.64512062072754,
        45.11833190917969,
        42.2062873840332,
        32.550811767578125,
        31.879901885986328,
        17.64082908630371,
        17.57216453552246,
        33.44297409057617,
        33.26988220214844,
        17.10343360900879,
        17.432689666748047,
        33.32829475402832,
        17.055988311767578,
        17.034292221069336,
        17.909765243530273,
        17.5628662109375,
        32.79876708984375,
        17.094135284423828,
        33.23864936828613,
        32.06515312194824,
        17.18592643737793
    ],
    "wrong_pw_times_account2": [
        59.8142147064209,
        60.448646545410156,
        59.83710289001465,
        102.17690467834473,
        102.80656814575195,
        101.69696807861328,
        100.2953052520752,
        60.27960777282715,
        102.56600379943848,
        101.81951522827148,
        102.45990753173828,
        101.73559188842773,
        60.73498725891113,
        59.870243072509766,
        103.4860610961914,
        60.40382385253906,
        61.53464317321777,
        101.54366493225098,
        101.39346122741699,
        60.02044677734375,
        60.735464096069336,
        101.97734832763672,
        102.22125053405762,
        59.6921443939209,
        102.71692276000977,
        60.31179428100586,
        108.20817947387695,
        60.22787094116211,
        59.50665473937988,
        105.90028762817383,
        101.74179077148438,
        59.93843078613281,
        102.63419151306152,
        100.01754760742188,
        100.31962394714355,
        99.75004196166992,
        102.6620864868164,
        101.36556625366211,
        60.44578552246094,
        100.91853141784668,
        60.10937690734863,
        101.64690017700195,
        59.75985527038574,
        105.67378997802734,
        117.04254150390625,
        100.24905204772949,
        59.659719467163086,
        60.45937538146973,
        59.89551544189453,
        102.73075103759766
    ]
}