{
    "wrong_email_times_account1": [
        17.696619033813477,
        41.00775718688965,
        33.783912658691406,
        17.429351806640625,
        17.238140106201172,
        33.94937515258789,
        32.70697593688965,
        17.507314682006836,
        49.991607666015625,
        17.23957061767578,
        17.03953742980957,
        17.220735549926758,
        34.58380699157715,
        35.28189659118652,
        17.108678817749023,
        17.138242721557617,
        17.352819442749023,
        45.95828056335449,
        33.434152603149414,
        35.018205642700195,
        34.584999084472656,
        16.846418380737305,
        18.38541030883789,
        34.9271297454834,
        17.155885696411133,
        17.196178436279297,
        33.80775451660156,
        33.42437744140625,
        17.071962356567383,
        17.47417449951172,
        17.197847366333008,
        17.29893684387207,
        32.68623352050781,
        33.11944007873535,
        17.188072204589844,
        17.1658992767334,
        17.663955688476562,
        16.869783401489258,
        40.073394775390625,
        17.748355865478516,
        33.84995460510254,
        17.353057861328125,
        16.849279403686523,
        31.973600387573242,
        32.58347511291504,
        34.476280212402344,
        17.27008819580078,
        17.252445220947266,
        17.520904541015625,
        18.802165985107422
    ],
    "wrong_pw_times_account1": [
        102.71263122558594,
        103.41835021972656,
        60.68849563598633,
        60.03546714782715,
        59.81636047363281,
        60.41073799133301,
        103.46555709838867,
        59.77940559387207,
        102.78534889221191,
        103.31082344055176,
        59.782981872558594,
        101.90033912658691,
        103.26504707336426,
        103.3029556274414,
        59.561729431152344,
        102.09107398986816,
        104.3236255645752,
        60.14060974121094,
        103.47580909729004,
        59.731483459472656,
        60.5316162109375,
        101.9890308380127,
        60.1351261138916,
        104.86054420471191,
        61.437129974365234,
        101.81045532226562,
        60.8212947845459,
        101.1803150177002,
        113.51513862609863,
        59.94105339050293,
        59.98826026916504,
        60.31012535095215,
        60.09936332702637,
        59.97419357299805,
        102.09369659423828,
        60.056447982788086,
        104.76231575012207,
        60.40787696838379,
        104.11763191223145,
        102.47039794921875,
        104.24447059631348,
        102.11563110351562,
        59.978485107421875,
        103.02042961120605,
        101.53603553771973,
        106.94289207458496,
        60.411930084228516,
        60.983896255493164,
        60.2419376373291,
        59.91864204406738
    ],
    "wrong_email_times_account2": [
        17.27128028869629,
        34.52777862548828,
        18.091678619384766,
        17.536163330078125,
        33.52546691894531,
        32.3028564453125,
        49.01123046875,
        16.8914794921875,
        51.57065391540527,
        32.423973083496094,
        33.80990028381348,
        16.72673225402832,
        17.03476905822754,
        31.76736831665039,
        17.7767276763916,
        35.35652160644531,
        33.53571891784668,
        16.756772994995117,
        17.378568649291992,
        17.445087432861328,
        16.933202743530273,
        38.28072547912598,
        17.332077026367188,
        34.24525260925293,
        17.900705337524414,
        50.80127716064453,
        17.1048641204834,
        17.428874969482422,
        34.83724594116211,
        17.449617385864258,
        18.6922550201416,
        17.47727394104004,
        35.45665740966797,
        16.57247543334961,
        17.134666442871094,
        16.889333724975586,
        35.27355194091797,
        17.54593849182129,
        32.79709815979004,
        16.65949821472168,
        17.116308212280273,
        17.69232749938965,
        32.5930118560791,
        33.94150733947754,
        17.187833786010742,
        33.42890739440918,
        17.328262329101562,
        16.89887046813965,
        17.134904861450195,
        33.188819885253906
    ],
    "wrong_pw_times_account2": [
        59.62181091308594,
        103.77860069274902,
        59.99875068664551,
        59.823036193847656,
        102.92434692382812,
        113.43884468078613,
        102.18930244445801,
        59.29899215698242,
        59.37814712524414,
        104.67529296875,
        59.70263481140137,
        60.054779052734375,
        72.47066497802734,
        103.82580757141113,
        60.36543846130371,
        102.9057502746582,
        103.84273529052734,
        102.0345687866211,
        60.09030342102051,
        102.97107696533203,
        105.194091796875,
        102.27036476135254,
        103.55162620544434,
        59.552669525146484,
        60.72735786437988,
        101.2580394744873,
        103.18136215209961,
        59.96894836425781,
        60.48321723937988,
        103.3480167388916,
        121.99068069458008,
        103.91640663146973,
        102.47325897216797,
        60.00185012817383,
        104.4154167175293,
        113.86299133300781,
        102.11324691772461,
        119.59648132324219,
        60.262441635131836,
        101.39226913452148,
        60.126543045043945,
        60.46319007873535,
        60.34708023071289,
        100.77595710754395,
        60.938119888305664,
        103.69873046875,
        100.61359405517578,
        59.48948860168457,
        103.1789779663086,
        59.287309646606445
    ]
}