{
    "wrong_email_times_account1": [
        32.64164924621582,
        32.93275833129883,
        33.447980880737305,
        33.28657150268555,
        17.456769943237305,
        18.347978591918945,
        35.582542419433594,
        34.021615982055664,
        17.5933837890625,
        17.89402961730957,
        34.601449966430664,
        18.3103084564209,
        31.607627868652344,
        17.187833786010742,
        34.09314155578613,
        17.268657684326172,
        33.0350399017334,
        33.39433670043945,
        17.681360244750977,
        32.13334083557129,
        18.12458038330078,
        17.00568199157715,
        34.89184379577637,
        32.76491165161133,
        34.02352333068848,
        33.12492370605469,
        33.898353576660156,
        17.204999923706055,
        34.234046936035156,
        36.22078895568848,
        34.241676330566406,
        16.851186752319336,
        17.164945602416992,
        31.84223175048828,
        33.89453887939453,
        36.572933197021484,
        17.815589904785156,
        17.332077026367188,
        16.952991485595703,
        17.96245574951172,
        44.48533058166504,
        16.66569709777832,
        16.728639602661133,
        35.91656684875488,
        33.84661674499512,
        37.447452545166016,
        17.645835876464844,
        33.8749885559082,
        34.29889678955078,
        32.87982940673828
    ],
    "wrong_pw_times_account1": [
        103.83844375610352,
        59.921979904174805,
        112.9004955291748,
        59.56745147705078,
        60.64152717590332,
        106.32109642028809,
        101.32360458374023,
        60.01758575439453,
        61.63144111633301,
        102.74410247802734,
        101.55153274536133,
        103.41644287109375,
        59.062957763671875,
        103.50298881530762,
        59.72743034362793,
        104.04157638549805,
        102.98299789428711,
        60.343027114868164,
        100.66771507263184,
        60.06669998168945,
        59.427738189697266,
        102.4935245513916,
        59.78870391845703,
        59.62562561035156,
        60.27340888977051,
        59.45754051208496,
        103.8360595703125,
        60.70971488952637,
        59.923410415649414,
        102.45847702026367,
        102.36549377441406,
        59.73100662231445,
        102.33664512634277,
        59.65900421142578,
        101.13191604614258,
        60.242652893066406,
        107.72228240966797,
        60.02640724182129,
        60.67371368408203,
        103.27386856079102,
        102.6003360748291,
        103.29079627990723,
        103.38211059570312,
        59.76414680480957,
        104.00962829589844,
        60.007333755493164,
        59.793710708618164,
        103.64747047424316,
        106.19401931762695,
        103.10173034667969
    ],
    "wrong_email_times_account2": [
        18.214702606201172,
        34.950971603393555,
        17.045021057128906,
        17.414569854736328,
        31.26978874206543,
        58.55965614318848,
        17.032861709594727,
        17.08245277404785,
        17.176151275634766,
        17.951011657714844,
        52.468299865722656,
        32.71627426147461,
        17.055511474609375,
        35.257816314697266,
        16.802549362182617,
        33.97774696350098,
        17.458200454711914,
        17.221927642822266,
        33.251285552978516,
        35.40205955505371,
        17.774343490600586,
        41.45646095275879,
        32.5624942779541,
        17.265796661376953,
        17.06528663635254,
        32.016754150390625,
        34.75499153137207,
        17.204761505126953,
        41.387319564819336,
        17.415523529052734,
        17.473936080932617,
        17.531156539916992,
        33.51902961730957,
        17.582178115844727,
        17.1816349029541,
        17.081737518310547,
        38.873910903930664,
        33.73408317565918,
        33.99515151977539,
        17.206668853759766,
        17.49110221862793,
        34.25431251525879,
        35.37392616271973,
        17.621755599975586,
        34.68132019042969,
        17.133235931396484,
        34.212350845336914,
        17.670869827270508,
        17.28987693786621,
        17.5321102142334
    ],
    "wrong_pw_times_account2": [
        122.28631973266602,
        60.12415885925293,
        59.62562561035156,
        102.11014747619629,
        102.64778137207031,
        106.87375068664551,
        60.0128173828125,
        102.23793983459473,
        103.86967658996582,
        60.16945838928223,
        104.22182083129883,
        59.65304374694824,
        60.19115447998047,
        60.286760330200195,
        63.6439323425293,
        59.99135971069336,
        102.2953987121582,
        60.486793518066406,
        101.37462615966797,
        60.51754951477051,
        60.23049354553223,
        60.30607223510742,
        102.77271270751953,
        61.26856803894043,
        121.76513671875,
        59.880733489990234,
        102.04458236694336,
        60.11676788330078,
        59.64207649230957,
        59.674978256225586,
        108.46424102783203,
        115.81850051879883,
        60.529232025146484,
        59.73100662231445,
        59.58414077758789,
        60.13154983520508,
        102.32281684875488,
        59.920549392700195,
        108.97183418273926,
        103.28125953674316,
        59.49091911315918,
        59.783220291137695,
        104.55513000488281,
        103.57856750488281,
        60.030221939086914,
        105.62658309936523,
        105.73387145996094,
        127.84671783447266,
        59.2503547668457,
        104.84576225280762
    ]
}