{
    "wrong_email_times_account1": [
        36.51714324951172,
        17.002344131469727,
        16.9832706451416,
        33.551931381225586,
        17.595291137695312,
        17.72165298461914,
        34.07764434814453,
        17.005443572998047,
        17.340898513793945,
        31.777620315551758,
        17.20428466796875,
        17.55237579345703,
        32.408714294433594,
        16.818523406982422,
        34.476280212402344,
        17.50802993774414,
        32.05108642578125,
        17.496109008789062,
        17.192602157592773,
        35.63642501831055,
        32.18197822570801,
        33.62011909484863,
        16.701221466064453,
        34.571170806884766,
        18.136024475097656,
        17.188072204589844,
        44.59977149963379,
        42.01197624206543,
        36.15593910217285,
        33.11944007873535,
        36.09609603881836,
        17.741680145263672,
        34.62958335876465,
        17.01521873474121,
        35.83812713623047,
        31.6469669342041,
        17.245054244995117,
        34.1644287109375,
        17.4102783203125,
        33.8444709777832,
        41.045188903808594,
        17.293214797973633,
        40.71044921875,
        33.76364707946777,
        33.00046920776367,
        17.54617691040039,
        32.81378746032715,
        17.05622673034668,
        38.4976863861084,
        17.180442810058594
    ],
    "wrong_pw_times_account1": [
        103.67012023925781,
        102.07414627075195,
        59.479475021362305,
        60.016632080078125,
        60.0132942199707,
        102.67043113708496,
        59.702157974243164,
        61.04397773742676,
        60.3482723236084,
        105.80563545227051,
        101.34506225585938,
        60.39738655090332,
        103.33037376403809,
        101.05037689208984,
        101.29666328430176,
        103.52373123168945,
        103.0111312866211,
        111.0532283782959,
        60.40596961975098,
        103.11079025268555,
        104.38990592956543,
        101.20916366577148,
        104.2475700378418,
        60.62793731689453,
        103.12056541442871,
        60.384511947631836,
        61.00010871887207,
        61.005353927612305,
        100.93426704406738,
        100.17251968383789,
        60.12320518493652,
        102.0958423614502,
        61.22279167175293,
        102.64897346496582,
        59.81731414794922,
        102.25963592529297,
        102.9195785522461,
        60.26601791381836,
        60.12105941772461,
        60.21547317504883,
        116.31512641906738,
        60.00232696533203,
        60.92381477355957,
        101.48882865905762,
        100.22306442260742,
        103.00564765930176,
        103.08670997619629,
        60.44292449951172,
        59.828758239746094,
        60.96315383911133
    ],
    "wrong_email_times_account2": [
        17.482519149780273,
        17.72928237915039,
        43.09225082397461,
        34.300804138183594,
        32.92417526245117,
        32.96470642089844,
        32.74345397949219,
        17.611265182495117,
        17.548799514770508,
        33.17713737487793,
        33.962249755859375,
        46.35906219482422,
        17.93217658996582,
        33.16831588745117,
        17.52328872680664,
        17.45009422302246,
        36.216020584106445,
        33.684492111206055,
        34.10172462463379,
        32.49192237854004,
        16.814231872558594,
        17.6241397857666,
        32.84764289855957,
        17.408370971679688,
        34.68513488769531,
        17.13871955871582,
        33.698081970214844,
        33.11586380004883,
        17.70496368408203,
        17.049551010131836,
        16.924142837524414,
        16.50094985961914,
        34.42072868347168,
        32.38224983215332,
        44.92664337158203,
        35.54415702819824,
        18.303394317626953,
        18.019676208496094,
        17.19355583190918,
        33.447980880737305,
        39.9470329284668,
        17.4105167388916,
        17.820119857788086,
        35.15481948852539,
        17.310619354248047,
        31.69536590576172,
        53.131103515625,
        34.70611572265625,
        16.997575759887695,
        32.410621643066406
    ],
    "wrong_pw_times_account2": [
        105.61704635620117,
        60.22191047668457,
        101.5474796295166,
        60.134172439575195,
        105.71837425231934,
        59.602975845336914,
        100.83556175231934,
        61.11502647399902,
        103.94620895385742,
        106.72330856323242,
        103.09743881225586,
        103.78241539001465,
        59.96537208557129,
        59.18264389038086,
        103.23357582092285,
        115.26608467102051,
        60.67061424255371,
        60.02044677734375,
        73.82678985595703,
        104.65693473815918,
        60.07814407348633,
        105.65853118896484,
        104.96997833251953,
        59.94367599487305,
        101.32122039794922,
        60.14728546142578,
        111.81402206420898,
        59.51428413391113,
        101.8671989440918,
        60.82630157470703,
        102.4634838104248,
        60.81533432006836,
        102.6611328125,
        102.77056694030762,
        60.73617935180664,
        101.72557830810547,
        103.06715965270996,
        107.48529434204102,
        59.46969985961914,
        100.46148300170898,
        103.1646728515625,
        103.83415222167969,
        101.26328468322754,
        103.29747200012207,
        104.19011116027832,
        59.80420112609863,
        101.5768051147461,
        102.68807411193848,
        59.86762046813965,
        102.77485847473145
    ]
}