{
    "wrong_email_times_account1": [
        17.41504669189453,
        32.425880432128906,
        33.75959396362305,
        17.319679260253906,
        17.25602149963379,
        17.392635345458984,
        17.073392868041992,
        16.778945922851562,
        16.85023307800293,
        17.25912094116211,
        17.44365692138672,
        17.235994338989258,
        35.738468170166016,
        17.252206802368164,
        16.94512367248535,
        17.159461975097656,
        17.628908157348633,
        17.276763916015625,
        34.18326377868652,
        31.95667266845703,
        34.50775146484375,
        17.65751838684082,
        17.6849365234375,
        17.1353816986084,
        17.516613006591797,
        17.19975471496582,
        17.261981964111328,
        34.38615798950195,
        34.43026542663574,
        32.293081283569336,
        33.01835060119629,
        17.098426818847656,
        30.7157039642334,
        16.812801361083984,
        16.82138442993164,
        17.52495765686035,
        33.63394737243652,
        32.51218795776367,
        34.574031829833984,
        34.914493560791016,
        16.843080520629883,
        17.683982849121094,
        17.2119140625,
        33.8897705078125,
        17.29750633239746,
        17.081737518310547,
        18.598556518554688,
        34.17539596557617,
        17.65298843383789,
        17.408132553100586
    ],
    "wrong_pw_times_account1": [
        60.39571762084961,
        106.21976852416992,
        59.99040603637695,
        61.02871894836426,
        60.364484786987305,
        61.07759475708008,
        118.33333969116211,
        61.324119567871094,
        60.87756156921387,
        107.06591606140137,
        105.96179962158203,
        103.12652587890625,
        60.07552146911621,
        101.27973556518555,
        60.25195121765137,
        101.96518898010254,
        60.205936431884766,
        103.5306453704834,
        60.601234436035156,
        107.8190803527832,
        102.08487510681152,
        59.86142158508301,
        124.96232986450195,
        59.43417549133301,
        60.72211265563965,
        103.67989540100098,
        59.891462326049805,
        59.450387954711914,
        102.8902530670166,
        103.15346717834473,
        102.82325744628906,
        102.27298736572266,
        120.92804908752441,
        103.19018363952637,
        101.66335105895996,
        103.70945930480957,
        115.0362491607666,
        103.61957550048828,
        103.1343936920166,
        115.42844772338867,
        103.10697555541992,
        59.662818908691406,
        73.23241233825684,
        59.632301330566406,
        104.71415519714355,
        122.34234809875488,
        60.697317123413086,
        59.31687355041504,
        59.84830856323242,
        101.99427604675293
    ],
    "wrong_email_times_account2": [
        16.796350479125977,
        17.298221588134766,
        17.268896102905273,
        17.760276794433594,
        16.884565353393555,
        35.657405853271484,
        34.55066680908203,
        17.393827438354492,
        18.125295639038086,
        34.947872161865234,
        17.14777946472168,
        31.951904296875,
        39.7031307220459,
        54.91518974304199,
        32.20653533935547,
        17.429590225219727,
        18.160581588745117,
        50.27151107788086,
        32.78350830078125,
        16.955137252807617,
        35.05539894104004,
        33.138275146484375,
        35.31289100646973,
        17.197608947753906,
        16.892671585083008,
        17.48180389404297,
        17.90308952331543,
        16.97516441345215,
        17.11726188659668,
        33.969879150390625,
        17.474651336669922,
        33.263206481933594,
        17.472505569458008,
        34.04831886291504,
        46.84853553771973,
        35.205841064453125,
        32.87148475646973,
        33.351898193359375,
        17.213106155395508,
        34.119367599487305,
        34.526824951171875,
        16.88361167907715,
        17.737150192260742,
        33.83469581604004,
        17.972230911254883,
        17.148733139038086,
        16.97373390197754,
        31.21471405029297,
        34.10625457763672,
        17.255306243896484
    ],
    "wrong_pw_times_account2": [
        102.72049903869629,
        60.30893325805664,
        60.96363067626953,
        60.54997444152832,
        102.60391235351562,
        102.67114639282227,
        60.20069122314453,
        60.81342697143555,
        59.99112129211426,
        61.15865707397461,
        103.50227355957031,
        105.87334632873535,
        60.09674072265625,
        59.97776985168457,
        102.54836082458496,
        102.05507278442383,
        59.35025215148926,
        103.7137508392334,
        59.92436408996582,
        100.05760192871094,
        59.858083724975586,
        60.2412223815918,
        103.44290733337402,
        60.231685638427734,
        103.57952117919922,
        102.6921272277832,
        59.22818183898926,
        60.011863708496094,
        60.4248046875,
        102.48184204101562,
        60.42218208312988,
        60.78600883483887,
        103.03592681884766,
        100.22735595703125,
        102.44083404541016,
        60.32991409301758,
        59.63492393493652,
        99.84111785888672,
        102.44560241699219,
        60.510873794555664,
        103.72591018676758,
        60.294151306152344,
        102.31781005859375,
        102.56099700927734,
        102.95534133911133,
        99.91812705993652,
        60.45055389404297,
        105.63993453979492,
        60.047149658203125,
        102.64086723327637
    ]
}