{
    "wrong_email_times_account1": [
        17.184734344482422,
        17.580270767211914,
        34.683942794799805,
        33.3251953125,
        17.002582550048828,
        33.42890739440918,
        16.802310943603516,
        17.245054244995117,
        17.11273193359375,
        17.084598541259766,
        16.630172729492188,
        16.7696475982666,
        33.16617012023926,
        35.3093147277832,
        16.76177978515625,
        34.65104103088379,
        17.675399780273438,
        31.55350685119629,
        18.253803253173828,
        34.5005989074707,
        33.58721733093262,
        33.3402156829834,
        18.033742904663086,
        16.669034957885742,
        17.36903190612793,
        17.061710357666016,
        33.711910247802734,
        17.274141311645508,
        17.735719680786133,
        33.937931060791016,
        35.61663627624512,
        35.46643257141113,
        16.997337341308594,
        34.143924713134766,
        17.1661376953125,
        32.317161560058594,
        35.552263259887695,
        34.91687774658203,
        18.02659034729004,
        17.50326156616211,
        34.60955619812012,
        36.54003143310547,
        17.40288734436035,
        50.15921592712402,
        17.03500747680664,
        34.58738327026367,
        33.89596939086914,
        17.43006706237793,
        34.63935852050781,
        44.65436935424805
    ],
    "wrong_pw_times_account1": [
        106.74238204956055,
        104.26735877990723,
        103.08527946472168,
        104.26545143127441,
        60.24527549743652,
        102.9517650604248,
        103.47223281860352,
        60.199737548828125,
        60.40644645690918,
        59.8447322845459,
        103.72543334960938,
        60.65487861633301,
        103.95026206970215,
        59.636592864990234,
        59.94439125061035,
        59.78059768676758,
        102.45609283447266,
        117.14982986450195,
        60.01639366149902,
        101.28378868103027,
        60.39929389953613,
        59.71670150756836,
        103.00421714782715,
        105.89265823364258,
        59.118032455444336,
        59.62061882019043,
        59.729814529418945,
        103.09886932373047,
        104.32291030883789,
        60.87017059326172,
        101.73702239990234,
        59.84091758728027,
        104.89916801452637,
        60.235023498535156,
        60.03594398498535,
        101.30620002746582,
        59.81254577636719,
        60.84918975830078,
        59.900522232055664,
        59.90743637084961,
        60.097694396972656,
        60.47487258911133,
        60.62769889831543,
        103.90138626098633,
        59.079885482788086,
        102.4482250213623,
        59.51333045959473,
        102.31828689575195,
        59.90266799926758,
        59.84854698181152
    ],
    "wrong_email_times_account2": [
        37.169694900512695,
        33.46443176269531,
        33.43653678894043,
        35.40611267089844,
        34.410953521728516,
        16.846179962158203,
        17.64965057373047,
        33.52713584899902,
        32.91654586791992,
        16.85190200805664,
        16.957521438598633,
        33.24079513549805,
        41.83626174926758,
        17.489194869995117,
        29.354095458984375,
        17.381906509399414,
        17.23456382751465,
        17.469167709350586,
        33.81466865539551,
        17.648935317993164,
        17.14181900024414,
        37.568092346191406,
        33.96964073181152,
        17.453432083129883,
        33.28347206115723,
        39.969682693481445,
        34.12270545959473,
        17.11583137512207,
        50.61531066894531,
        36.21268272399902,
        33.19263458251953,
        17.062902450561523,
        16.603708267211914,
        17.080068588256836,
        17.301559448242188,
        31.83293342590332,
        38.59066963195801,
        33.59842300415039,
        16.99972152709961,
        50.72927474975586,
        33.17832946777344,
        31.943559646606445,
        35.29167175292969,
        16.810894012451172,
        17.572879791259766,
        17.00115203857422,
        17.466306686401367,
        32.79232978820801,
        17.775774002075195,
        34.35969352722168
    ],
    "wrong_pw_times_account2": [
        59.64994430541992,
        60.54401397705078,
        108.20674896240234,
        101.73749923706055,
        59.859514236450195,
        102.4174690246582,
        117.80977249145508,
        101.34720802307129,
        104.26068305969238,
        103.2261848449707,
        59.45086479187012,
        59.861183166503906,
        101.45044326782227,
        102.39458084106445,
        102.61034965515137,
        60.09650230407715,
        105.3166389465332,
        101.46927833557129,
        59.90958213806152,
        101.70674324035645,
        103.19209098815918,
        59.731483459472656,
        60.07504463195801,
        60.59074401855469,
        100.22521018981934,
        120.51725387573242,
        60.666561126708984,
        59.73315238952637,
        101.6530990600586,
        61.04779243469238,
        59.98349189758301,
        60.15586853027344,
        100.59666633605957,
        103.01399230957031,
        59.59129333496094,
        104.02655601501465,
        110.82148551940918,
        59.92889404296875,
        60.33468246459961,
        60.684919357299805,
        105.00717163085938,
        105.97562789916992,
        72.51381874084473,
        108.58893394470215,
        59.46230888366699,
        102.64348983764648,
        59.844255447387695,
        103.64961624145508,
        102.83899307250977,
        59.66758728027344
    ]
}