{
    "wrong_email_times_account1": [
        33.28847885131836,
        33.2179069519043,
        33.54239463806152,
        33.768653869628906,
        34.688472747802734,
        32.080888748168945,
        35.79521179199219,
        34.08980369567871,
        35.13050079345703,
        17.080068588256836,
        17.706632614135742,
        17.008066177368164,
        17.67444610595703,
        34.824371337890625,
        17.283201217651367,
        17.06409454345703,
        17.030000686645508,
        17.278432846069336,
        17.61770248413086,
        17.322063446044922,
        17.56119728088379,
        33.0805778503418,
        17.060041427612305,
        32.83333778381348,
        33.54048728942871,
        33.35738182067871,
        16.51310920715332,
        17.24410057067871,
        16.96944236755371,
        32.39583969116211,
        16.98923110961914,
        32.48000144958496,
        33.743858337402344,
        17.681121826171875,
        17.490863800048828,
        32.80782699584961,
        32.47833251953125,
        18.187999725341797,
        32.23896026611328,
        18.194913864135742,
        32.62758255004883,
        17.336130142211914,
        32.006025314331055,
        32.155752182006836,
        17.246246337890625,
        16.478300094604492,
        35.03751754760742,
        34.574270248413086,
        33.43462944030762,
        33.203840255737305
    ],
    "wrong_pw_times_account1": [
        60.285329818725586,
        59.94701385498047,
        59.82208251953125,
        102.56743431091309,
        59.97323989868164,
        59.659481048583984,
        60.14275550842285,
        60.03713607788086,
        59.7529411315918,
        59.94224548339844,
        59.969186782836914,
        59.62181091308594,
        60.48774719238281,
        101.49574279785156,
        59.91935729980469,
        102.48517990112305,
        60.05859375,
        114.2265796661377,
        59.766530990600586,
        59.84377861022949,
        101.09066963195801,
        60.09268760681152,
        59.50331687927246,
        59.8599910736084,
        100.08835792541504,
        60.678958892822266,
        60.22834777832031,
        59.88669395446777,
        60.17613410949707,
        59.81731414794922,
        60.55498123168945,
        60.73355674743652,
        101.58872604370117,
        105.76343536376953,
        60.219526290893555,
        59.15021896362305,
        60.248613357543945,
        59.693098068237305,
        59.914350509643555,
        101.62973403930664,
        103.57093811035156,
        59.49974060058594,
        102.94723510742188,
        60.167551040649414,
        101.37653350830078,
        59.93986129760742,
        101.35340690612793,
        102.31471061706543,
        60.024261474609375,
        102.94866561889648
    ],
    "wrong_email_times_account2": [
        33.577680587768555,
        33.54167938232422,
        16.735076904296875,
        16.906023025512695,
        31.847238540649414,
        17.456769943237305,
        17.291784286499023,
        32.218217849731445,
        33.40029716491699,
        17.32468605041504,
        32.750606536865234,
        17.195940017700195,
        17.00735092163086,
        17.605304718017578,
        17.609357833862305,
        17.15874671936035,
        17.691850662231445,
        17.287731170654297,
        17.271995544433594,
        16.48402214050293,
        17.200946807861328,
        31.76259994506836,
        16.894102096557617,
        33.72836112976074,
        33.834218978881836,
        44.79718208312988,
        17.3189640045166,
        32.012224197387695,
        17.573118209838867,
        32.45854377746582,
        32.73916244506836,
        36.661386489868164,
        17.279386520385742,
        32.28926658630371,
        16.930103302001953,
        17.655372619628906,
        32.36865997314453,
        32.878875732421875,
        17.534971237182617,
        33.74886512756348,
        33.402204513549805,
        32.911062240600586,
        17.5631046295166,
        33.145904541015625,
        32.906293869018555,
        17.94123649597168,
        33.33640098571777,
        35.50148010253906,
        17.760515213012695,
        34.05308723449707
    ],
    "wrong_pw_times_account2": [
        107.02681541442871,
        104.91156578063965,
        59.87906455993652,
        61.319589614868164,
        59.76438522338867,
        61.02919578552246,
        60.60671806335449,
        59.91983413696289,
        102.56075859069824,
        101.5019416809082,
        60.08148193359375,
        121.98257446289062,
        102.35238075256348,
        60.404062271118164,
        60.00518798828125,
        59.59272384643555,
        60.048818588256836,
        103.39617729187012,
        60.95266342163086,
        102.33688354492188,
        60.011863708496094,
        109.74693298339844,
        59.88574028015137,
        60.82510948181152,
        107.51676559448242,
        59.747934341430664,
        102.14805603027344,
        101.15885734558105,
        59.880971908569336,
        59.6165657043457,
        61.393022537231445,
        118.45183372497559,
        102.14662551879883,
        101.90105438232422,
        100.21138191223145,
        101.8667221069336,
        99.75481033325195,
        59.195518493652344,
        102.07056999206543,
        100.53300857543945,
        59.667348861694336,
        103.76739501953125,
        59.67521667480469,
        60.344696044921875,
        101.06801986694336,
        101.08423233032227,
        60.26101112365723,
        104.25615310668945,
        61.41018867492676,
        59.871673583984375
    ]
}