{
    "wrong_email_times_account1": [
        17.15230941772461,
        17.042160034179688,
        17.374277114868164,
        17.37070083618164,
        17.221927642822266,
        17.655134201049805,
        33.47492218017578,
        33.73980522155762,
        17.39668846130371,
        33.098697662353516,
        32.49692916870117,
        17.329931259155273,
        33.44988822937012,
        17.019271850585938,
        40.61102867126465,
        33.08677673339844,
        34.72256660461426,
        33.93435478210449,
        35.90536117553711,
        32.43398666381836,
        37.92595863342285,
        33.99944305419922,
        32.629966735839844,
        32.81378746032715,
        34.607648849487305,
        16.933202743530273,
        45.881032943725586,
        34.44480895996094,
        33.42318534851074,
        33.48112106323242,
        31.647682189941406,
        35.79306602478027,
        18.10622215270996,
        17.310619354248047,
        32.83524513244629,
        17.501115798950195,
        35.31694412231445,
        32.56559371948242,
        34.53230857849121,
        17.026185989379883,
        33.6763858795166,
        17.418861389160156,
        16.92366600036621,
        34.14559364318848,
        42.91653633117676,
        16.994953155517578,
        16.88408851623535,
        17.652273178100586,
        31.398773193359375,
        34.83128547668457
    ],
    "wrong_pw_times_account1": [
        102.71549224853516,
        59.67450141906738,
        104.88176345825195,
        121.30522727966309,
        129.15325164794922,
        60.29915809631348,
        102.55813598632812,
        60.50372123718262,
        103.70564460754395,
        59.37814712524414,
        59.693336486816406,
        59.769392013549805,
        59.86166000366211,
        59.55195426940918,
        103.82342338562012,
        59.71217155456543,
        60.02521514892578,
        100.3420352935791,
        115.39840698242188,
        103.60860824584961,
        103.63626480102539,
        59.72480773925781,
        59.81588363647461,
        103.01780700683594,
        60.095787048339844,
        59.653520584106445,
        59.40747261047363,
        60.834407806396484,
        60.938358306884766,
        60.31537055969238,
        59.83448028564453,
        109.75480079650879,
        60.067176818847656,
        60.59718132019043,
        107.30719566345215,
        100.69870948791504,
        60.025930404663086,
        102.26821899414062,
        100.90374946594238,
        101.17340087890625,
        60.08505821228027,
        60.54949760437012,
        101.9144058227539,
        102.13232040405273,
        59.66496467590332,
        99.95007514953613,
        61.06686592102051,
        103.34587097167969,
        59.74221229553223,
        59.83281135559082
    ],
    "wrong_email_times_account2": [
        16.964197158813477,
        33.76460075378418,
        34.14416313171387,
        16.89743995666504,
        32.753944396972656,
        33.05244445800781,
        17.0900821685791,
        17.41194725036621,
        31.571626663208008,
        17.23647117614746,
        17.54021644592285,
        17.520904541015625,
        34.84916687011719,
        17.769813537597656,
        30.70855140686035,
        17.330408096313477,
        34.77978706359863,
        17.23027229309082,
        17.243146896362305,
        34.72566604614258,
        16.68715476989746,
        17.014026641845703,
        17.087697982788086,
        32.941579818725586,
        33.159732818603516,
        38.54870796203613,
        17.670154571533203,
        17.28200912475586,
        17.09747314453125,
        16.715288162231445,
        17.08245277404785,
        17.526865005493164,
        32.4404239654541,
        33.438920974731445,
        34.14320945739746,
        17.56453514099121,
        17.72332191467285,
        17.0133113861084,
        31.37040138244629,
        33.51902961730957,
        16.72530174255371,
        35.38870811462402,
        34.96384620666504,
        31.47268295288086,
        17.091035842895508,
        31.97169303894043,
        35.511016845703125,
        17.704010009765625,
        18.59736442565918,
        18.1577205657959
    ],
    "wrong_pw_times_account2": [
        103.17802429199219,
        101.2578010559082,
        110.39471626281738,
        59.00239944458008,
        59.83448028564453,
        59.660911560058594,
        104.03585433959961,
        60.5008602142334,
        103.26170921325684,
        102.996826171875,
        60.76812744140625,
        60.92405319213867,
        60.09674072265625,
        102.30469703674316,
        104.74205017089844,
        103.12867164611816,
        59.73482131958008,
        60.14728546142578,
        101.62997245788574,
        60.74953079223633,
        59.836626052856445,
        61.133623123168945,
        102.15997695922852,
        100.64339637756348,
        60.04929542541504,
        59.61751937866211,
        102.05554962158203,
        101.77278518676758,
        101.73463821411133,
        102.5998592376709,
        59.39483642578125,
        104.5079231262207,
        60.19449234008789,
        59.79347229003906,
        102.50258445739746,
        104.83908653259277,
        60.61387062072754,
        60.7607364654541,
        99.81775283813477,
        101.81760787963867,
        59.46969985961914,
        60.326337814331055,
        104.6457290649414,
        103.59930992126465,
        60.762882232666016,
        60.35804748535156,
        105.27801513671875,
        102.82731056213379,
        115.19694328308105,
        59.04507637023926
    ]
}