{
    "wrong_email_times_account1": [
        24.25217628479004,
        13.141155242919922,
        12.789487838745117,
        11.861801147460938,
        14.385700225830078,
        11.275529861450195,
        15.580892562866211,
        14.783620834350586,
        11.618614196777344,
        14.765024185180664,
        13.378143310546875,
        17.246007919311523,
        12.94088363647461,
        11.337757110595703,
        16.121625900268555,
        15.666007995605469,
        17.136812210083008,
        12.555837631225586,
        11.495351791381836,
        15.80047607421875,
        11.615276336669922,
        16.65782928466797,
        13.591527938842773,
        15.246868133544922,
        13.669967651367188,
        13.043880462646484,
        13.655424118041992,
        12.048721313476562,
        14.986991882324219,
        13.80014419555664,
        12.883663177490234,
        18.03898811340332,
        14.841794967651367,
        13.96322250366211,
        14.226198196411133,
        13.567209243774414,
        14.234542846679688,
        13.036251068115234,
        11.553049087524414,
        17.84062385559082,
        13.466358184814453,
        13.675451278686523,
        15.008687973022461,
        14.669179916381836,
        13.626813888549805,
        11.181354522705078,
        12.207269668579102,
        14.816522598266602,
        13.473987579345703,
        13.078927993774414
    ],
    "wrong_pw_times_account1": [
        33.57577323913574,
        19.84405517578125,
        21.03114128112793,
        18.060684204101562,
        18.901824951171875,
        19.71745491027832,
        23.181915283203125,
        23.22220802307129,
        21.99411392211914,
        20.777463912963867,
        22.870540618896484,
        19.336938858032227,
        24.057626724243164,
        17.965316772460938,
        24.241924285888672,
        19.301414489746094,
        19.051074981689453,
        18.96834373474121,
        28.968095779418945,
        21.795988082885742,
        22.79067039489746,
        28.853893280029297,
        19.554615020751953,
        21.884679794311523,
        28.719663619995117,
        19.602298736572266,
        23.814916610717773,
        19.84381675720215,
        24.017333984375,
        19.48070526123047,
        24.08313751220703,
        18.984079360961914,
        18.665075302124023,
        19.275426864624023,
        24.562358856201172,
        27.024030685424805,
        20.296812057495117,
        29.41155433654785,
        20.339250564575195,
        24.826765060424805,
        22.365808486938477,
        26.659488677978516,
        24.092435836791992,
        21.346569061279297,
        18.12601089477539,
        27.10700035095215,
        18.796920776367188,
        20.679235458374023,
        20.28679847717285,
        19.654273986816406
    ],
    "wrong_email_times_account2": [
        17.667055130004883,
        16.297340393066406,
        12.55035400390625,
        15.60211181640625,
        14.215946197509766,
        21.860361099243164,
        11.809349060058594,
        15.76685905456543,
        11.112689971923828,
        11.178255081176758,
        14.026641845703125,
        13.190984725952148,
        12.788057327270508,
        11.75379753112793,
        13.201713562011719,
        16.08562469482422,
        14.431476593017578,
        15.975236892700195,
        12.262105941772461,
        12.028932571411133,
        12.197732925415039,
        11.042594909667969,
        17.450571060180664,
        11.980056762695312,
        12.762308120727539,
        12.97450065612793,
        12.230634689331055,
        11.644363403320312,
        13.130664825439453,
        12.199163436889648,
        12.476444244384766,
        13.509511947631836,
        14.39976692199707,
        13.705968856811523,
        14.46986198425293,
        12.19630241394043,
        16.489028930664062,
        12.237071990966797,
        14.445066452026367,
        13.645648956298828,
        13.78631591796875,
        15.741825103759766,
        14.110565185546875,
        12.87388801574707,
        13.589620590209961,
        12.231588363647461,
        13.888359069824219,
        11.188268661499023,
        12.915611267089844,
        12.658357620239258
    ],
    "wrong_pw_times_account2": [
        21.417617797851562,
        21.423816680908203,
        23.797273635864258,
        21.934986114501953,
        26.575565338134766,
        22.437572479248047,
        20.155906677246094,
        18.404245376586914,
        18.487215042114258,
        23.465871810913086,
        19.057750701904297,
        20.36142349243164,
        21.293163299560547,
        22.026538848876953,
        19.92034912109375,
        21.443605422973633,
        21.015405654907227,
        25.017499923706055,
        20.989656448364258,
        26.00550651550293,
        18.924951553344727,
        19.489765167236328,
        23.68021011352539,
        19.013166427612305,
        21.317243576049805,
        27.618885040283203,
        19.695520401000977,
        21.586894989013672,
        19.009828567504883,
        21.5451717376709,
        24.373769760131836,
        21.82912826538086,
        20.925521850585938,
        19.799232482910156,
        21.78025245666504,
        21.146535873413086,
        18.81241798400879,
        18.49055290222168,
        20.682334899902344,
        25.91705322265625,
        21.06928825378418,
        22.672653198242188,
        23.212671279907227,
        22.463560104370117,
        18.37897300720215,
        21.386146545410156,
        19.309520721435547,
        22.370576858520508,
        20.385026931762695,
        18.91636848449707
    ]
}