{
    "wrong_email_times_account1": [
        29.0677547454834,
        18.064498901367188,
        15.187978744506836,
        15.111684799194336,
        16.886472702026367,
        13.159036636352539,
        14.357566833496094,
        14.570236206054688,
        15.340089797973633,
        12.48311996459961,
        18.056631088256836,
        12.411832809448242,
        15.981435775756836,
        15.136241912841797,
        13.256072998046875,
        14.348268508911133,
        14.891386032104492,
        13.913631439208984,
        14.892339706420898,
        15.675067901611328,
        14.375448226928711,
        16.276121139526367,
        12.904167175292969,
        15.632867813110352,
        15.39468765258789,
        11.569499969482422,
        13.009309768676758,
        12.253761291503906,
        17.95339584350586,
        11.67750358581543,
        16.177654266357422,
        13.38052749633789,
        16.698598861694336,
        13.338327407836914,
        14.071941375732422,
        13.381481170654297,
        13.308286666870117,
        11.632919311523438,
        13.756990432739258,
        15.240669250488281,
        13.434648513793945,
        14.099836349487305,
        13.306140899658203,
        13.275861740112305,
        15.796422958374023,
        12.046337127685547,
        14.269113540649414,
        12.670040130615234,
        12.972831726074219,
        13.136863708496094
    ],
    "wrong_pw_times_account1": [
        36.93032264709473,
        23.40984344482422,
        28.99026870727539,
        19.957304000854492,
        24.717092514038086,
        22.823095321655273,
        26.593446731567383,
        18.68462562561035,
        23.073434829711914,
        18.77760887145996,
        20.838022232055664,
        22.154569625854492,
        21.05259895324707,
        24.883747100830078,
        22.23658561706543,
        22.02010154724121,
        20.750045776367188,
        20.333290100097656,
        19.993066787719727,
        20.711898803710938,
        18.144845962524414,
        25.76446533203125,
        17.853498458862305,
        19.49334144592285,
        21.14725112915039,
        24.09529685974121,
        22.112131118774414,
        22.328853607177734,
        22.075891494750977,
        18.79405975341797,
        23.83732795715332,
        19.38009262084961,
        24.642467498779297,
        22.042512893676758,
        22.539138793945312,
        21.268844604492188,
        22.122859954833984,
        27.465105056762695,
        22.460460662841797,
        23.284435272216797,
        23.85115623474121,
        18.805980682373047,
        19.85764503479004,
        19.523143768310547,
        17.505645751953125,
        20.172834396362305,
        18.906831741333008,
        19.833803176879883,
        21.49820327758789,
        27.888774871826172
    ],
    "wrong_email_times_account2": [
        14.554023742675781,
        13.688087463378906,
        14.398813247680664,
        13.582468032836914,
        16.87026023864746,
        16.710996627807617,
        12.247562408447266,
        12.392520904541016,
        11.461734771728516,
        12.18271255493164,
        12.360095977783203,
        11.81340217590332,
        11.742115020751953,
        11.976003646850586,
        12.889385223388672,
        11.92021369934082,
        14.022588729858398,
        11.866092681884766,
        11.884927749633789,
        12.228965759277344,
        13.60774040222168,
        12.258529663085938,
        12.309074401855469,
        12.10784912109375,
        14.633417129516602,
        14.889955520629883,
        13.742208480834961,
        12.268543243408203,
        15.252113342285156,
        14.987945556640625,
        16.393661499023438,
        12.24970817565918,
        11.835813522338867,
        15.559911727905273,
        11.282920837402344,
        12.72892951965332,
        12.11237907409668,
        14.124393463134766,
        11.120080947875977,
        12.119293212890625,
        13.0615234375,
        12.118101119995117,
        14.025688171386719,
        12.685298919677734,
        11.851787567138672,
        14.357328414916992,
        13.864755630493164,
        11.361360549926758,
        13.396978378295898,
        15.016317367553711
    ],
    "wrong_pw_times_account2": [
        26.446104049682617,
        20.03192901611328,
        20.626544952392578,
        18.166542053222656,
        20.650386810302734,
        19.48261260986328,
        21.388530731201172,
        22.527217864990234,
        17.670631408691406,
        18.314599990844727,
        24.88541603088379,
        21.51799201965332,
        18.3713436126709,
        23.053646087646484,
        20.632266998291016,
        21.30603790283203,
        28.75065803527832,
        22.28832244873047,
        22.47166633605957,
        19.36173439025879,
        19.67620849609375,
        21.886348724365234,
        24.113893508911133,
        20.679712295532227,
        19.852638244628906,
        21.47650718688965,
        30.666828155517578,
        19.32048797607422,
        19.944429397583008,
        25.672197341918945,
        19.182682037353516,
        18.80788803100586,
        18.75925064086914,
        20.809173583984375,
        22.02153205871582,
        21.562814712524414,
        20.727872848510742,
        18.805265426635742,
        17.905235290527344,
        26.35669708251953,
        18.51367950439453,
        19.617080688476562,
        24.571895599365234,
        25.359153747558594,
        28.35249900817871,
        19.402742385864258,
        17.971038818359375,
        24.687528610229492,
        23.153066635131836,
        20.138025283813477
    ]
}