{
    "wrong_email_times_account1": [
        29.439449310302734,
        13.550281524658203,
        11.992454528808594,
        12.682676315307617,
        14.734506607055664,
        12.611150741577148,
        14.991998672485352,
        13.803720474243164,
        14.445781707763672,
        13.33928108215332,
        12.630224227905273,
        14.866828918457031,
        14.371395111083984,
        14.268636703491211,
        17.394304275512695,
        11.313915252685547,
        14.292716979980469,
        14.762163162231445,
        13.083934783935547,
        13.482093811035156,
        12.204170227050781,
        14.44697380065918,
        14.529228210449219,
        14.867782592773438,
        12.484073638916016,
        14.76287841796875,
        13.255119323730469,
        14.913558959960938,
        13.375282287597656,
        12.921810150146484,
        14.476776123046875,
        12.00246810913086,
        15.510082244873047,
        14.709949493408203,
        12.650251388549805,
        10.532379150390625,
        16.591787338256836,
        16.536951065063477,
        13.558387756347656,
        15.938997268676758,
        15.735864639282227,
        14.32037353515625,
        13.656854629516602,
        14.33253288269043,
        15.354633331298828,
        13.014793395996094,
        15.703916549682617,
        18.2950496673584,
        11.692285537719727,
        13.917922973632812
    ],
    "wrong_pw_times_account1": [
        40.42482376098633,
        19.919633865356445,
        18.6460018157959,
        18.735885620117188,
        20.146608352661133,
        24.797439575195312,
        26.03769302368164,
        20.62225341796875,
        19.59228515625,
        22.870779037475586,
        20.90740203857422,
        26.938915252685547,
        22.347688674926758,
        20.13874053955078,
        25.763750076293945,
        21.7437744140625,
        25.20275115966797,
        24.60455894470215,
        19.0887451171875,
        24.477005004882812,
        22.98450469970703,
        26.81136131286621,
        18.02515983581543,
        18.666982650756836,
        19.151926040649414,
        19.556522369384766,
        24.997711181640625,
        18.000125885009766,
        22.9339599609375,
        24.18041229248047,
        19.330978393554688,
        22.691011428833008,
        18.16082000732422,
        23.947715759277344,
        22.606611251831055,
        19.850969314575195,
        26.16405487060547,
        24.485111236572266,
        19.00315284729004,
        23.91648292541504,
        25.581836700439453,
        21.00205421447754,
        19.614696502685547,
        19.001245498657227,
        19.522428512573242,
        20.64347267150879,
        17.576932907104492,
        23.58269691467285,
        21.142005920410156,
        20.420551300048828
    ],
    "wrong_email_times_account2": [
        11.356830596923828,
        13.976097106933594,
        17.514467239379883,
        11.127471923828125,
        15.558719635009766,
        13.0462646484375,
        11.722803115844727,
        11.75546646118164,
        13.198375701904297,
        11.624813079833984,
        12.247562408447266,
        12.987613677978516,
        12.398242950439453,
        13.787984848022461,
        11.879444122314453,
        13.242244720458984,
        12.137174606323242,
        12.056827545166016,
        16.5097713470459,
        11.226892471313477,
        18.04327964782715,
        11.116743087768555,
        14.136791229248047,
        11.267900466918945,
        10.788917541503906,
        14.021158218383789,
        13.1988525390625,
        12.78543472290039,
        12.037277221679688,
        11.955499649047852,
        15.662193298339844,
        11.983871459960938,
        14.708995819091797,
        11.700630187988281,
        11.938095092773438,
        16.088485717773438,
        11.682987213134766,
        12.099266052246094,
        15.286445617675781,
        14.95814323425293,
        14.001846313476562,
        14.792919158935547,
        13.48114013671875,
        15.950679779052734,
        12.287139892578125,
        13.972759246826172,
        12.090444564819336,
        13.53907585144043,
        11.911869049072266,
        13.763189315795898
    ],
    "wrong_pw_times_account2": [
        21.28314971923828,
        20.696163177490234,
        22.17245101928711,
        21.049976348876953,
        19.251108169555664,
        19.88697052001953,
        20.583152770996094,
        22.614002227783203,
        20.89548110961914,
        23.531675338745117,
        26.943206787109375,
        24.176836013793945,
        24.056673049926758,
        18.79715919494629,
        20.194053649902344,
        22.5675106048584,
        23.57935905456543,
        19.390583038330078,
        21.227359771728516,
        24.472475051879883,
        20.178794860839844,
        21.169662475585938,
        19.283056259155273,
        25.283098220825195,
        25.617122650146484,
        20.521879196166992,
        18.592357635498047,
        20.44820785522461,
        25.089502334594727,
        20.861387252807617,
        26.165008544921875,
        22.092580795288086,
        25.810718536376953,
        21.193265914916992,
        22.688865661621094,
        35.90893745422363,
        22.371530532836914,
        22.696256637573242,
        24.728059768676758,
        22.935152053833008,
        20.775318145751953,
        24.37114715576172,
        21.689653396606445,
        18.00823211669922,
        19.75250244140625,
        21.636962890625,
        20.289897918701172,
        22.663116455078125,
        22.115707397460938,
        19.210100173950195
    ]
}