{
    "wrong_email_times_account1": [
        24.854660034179688,
        14.940023422241211,
        15.923261642456055,
        15.75016975402832,
        13.118982315063477,
        12.379169464111328,
        14.372587203979492,
        15.88749885559082,
        13.604164123535156,
        12.304544448852539,
        17.679214477539062,
        14.186859130859375,
        16.152143478393555,
        13.484716415405273,
        13.01884651184082,
        15.193462371826172,
        14.62411880493164,
        15.535116195678711,
        12.630939483642578,
        16.590595245361328,
        13.452291488647461,
        14.454126358032227,
        12.974739074707031,
        15.383720397949219,
        17.29869842529297,
        12.006521224975586,
        13.797760009765625,
        13.561487197875977,
        18.065929412841797,
        13.657569885253906,
        14.309883117675781,
        14.397382736206055,
        16.000032424926758,
        9.929656982421875,
        13.649463653564453,
        11.979341506958008,
        14.010190963745117,
        16.033649444580078,
        13.085365295410156,
        11.438369750976562,
        16.559839248657227,
        13.75269889831543,
        13.79704475402832,
        12.737035751342773,
        15.056371688842773,
        14.846563339233398,
        17.07601547241211,
        12.82048225402832,
        16.342878341674805,
        16.211271286010742
    ],
    "wrong_pw_times_account1": [
        31.965017318725586,
        23.285865783691406,
        21.62647247314453,
        25.117158889770508,
        19.41967010498047,
        24.679899215698242,
        22.124052047729492,
        23.8344669342041,
        18.471717834472656,
        20.4312801361084,
        22.114992141723633,
        20.474672317504883,
        19.550085067749023,
        21.33035659790039,
        24.151086807250977,
        22.212505340576172,
        18.07427406311035,
        18.329143524169922,
        20.253419876098633,
        22.155046463012695,
        24.890661239624023,
        18.524646759033203,
        18.128633499145508,
        20.300626754760742,
        20.352840423583984,
        18.720626831054688,
        21.044254302978516,
        18.480777740478516,
        21.58355712890625,
        18.232345581054688,
        23.965835571289062,
        17.14468002319336,
        18.710613250732422,
        19.512653350830078,
        18.85247230529785,
        23.303508758544922,
        19.9887752532959,
        23.22983741760254,
        21.60930633544922,
        24.14417266845703,
        19.062042236328125,
        22.63617515563965,
        21.482467651367188,
        25.59494972229004,
        22.73249626159668,
        25.91252326965332,
        19.778728485107422,
        18.238544464111328,
        22.480487823486328,
        20.780324935913086
    ],
    "wrong_email_times_account2": [
        11.920452117919922,
        14.330387115478516,
        13.521194458007812,
        16.60013198852539,
        15.154838562011719,
        12.507200241088867,
        11.890888214111328,
        12.12167739868164,
        12.005329132080078,
        13.47208023071289,
        12.950897216796875,
        12.314796447753906,
        12.365341186523438,
        12.500286102294922,
        13.321399688720703,
        13.808012008666992,
        13.635635375976562,
        15.102863311767578,
        11.491060256958008,
        14.410257339477539,
        11.192083358764648,
        11.451482772827148,
        15.531778335571289,
        15.396356582641602,
        13.573646545410156,
        13.293743133544922,
        14.603376388549805,
        12.316465377807617,
        12.415409088134766,
        14.462709426879883,
        11.607646942138672,
        12.743711471557617,
        11.753082275390625,
        13.46588134765625,
        14.681339263916016,
        12.067317962646484,
        14.908313751220703,
        12.210845947265625,
        14.110803604125977,
        14.483451843261719,
        11.572122573852539,
        12.376546859741211,
        17.37689971923828,
        11.348724365234375,
        12.316226959228516,
        15.329122543334961,
        13.0157470703125,
        17.45772361755371,
        12.17794418334961,
        14.734745025634766
    ],
    "wrong_pw_times_account2": [
        24.237632751464844,
        19.527912139892578,
        18.552780151367188,
        21.108627319335938,
        21.99101448059082,
        19.90509033203125,
        21.47960662841797,
        19.466400146484375,
        19.163131713867188,
        22.044897079467773,
        17.690420150756836,
        20.34282684326172,
        20.14756202697754,
        20.949602127075195,
        20.150423049926758,
        23.41175079345703,
        18.620014190673828,
        21.932125091552734,
        19.181251525878906,
        25.589942932128906,
        18.125295639038086,
        19.88697052001953,
        22.259235382080078,
        23.96368980407715,
        18.015623092651367,
        19.287586212158203,
        18.78666877746582,
        19.453763961791992,
        23.06675910949707,
        22.803306579589844,
        21.87943458557129,
        21.485090255737305,
        22.02439308166504,
        19.55723762512207,
        21.07858657836914,
        25.721073150634766,
        21.08144760131836,
        22.144556045532227,
        19.089937210083008,
        20.95341682434082,
        18.511533737182617,
        21.79241180419922,
        18.933773040771484,
        20.973920822143555,
        21.854877471923828,
        19.23990249633789,
        17.99631118774414,
        23.685455322265625,
        20.359039306640625,
        27.430295944213867
    ]
}