{
    "wrong_email_times_account1": [
        23.634910583496094,
        14.560699462890625,
        14.019966125488281,
        15.547752380371094,
        15.736818313598633,
        15.222787857055664,
        12.283802032470703,
        16.298532485961914,
        11.950254440307617,
        14.149665832519531,
        11.862754821777344,
        14.136075973510742,
        18.0203914642334,
        13.815164566040039,
        12.17198371887207,
        13.605594635009766,
        15.820503234863281,
        13.764381408691406,
        13.921976089477539,
        11.199235916137695,
        13.17143440246582,
        14.586448669433594,
        15.940427780151367,
        12.448310852050781,
        15.48147201538086,
        12.148380279541016,
        12.375354766845703,
        15.978813171386719,
        14.524221420288086,
        14.68515396118164,
        14.568805694580078,
        16.71290397644043,
        14.257431030273438,
        15.29836654663086,
        14.029979705810547,
        11.771678924560547,
        16.342878341674805,
        11.843442916870117,
        12.829065322875977,
        15.316247940063477,
        12.122631072998047,
        16.246557235717773,
        12.59469985961914,
        11.72947883605957,
        13.997554779052734,
        14.156818389892578,
        14.304637908935547,
        13.136625289916992,
        15.09857177734375,
        14.83917236328125
    ],
    "wrong_pw_times_account1": [
        32.52053260803223,
        22.574901580810547,
        23.773193359375,
        23.55504035949707,
        29.4649600982666,
        21.47698402404785,
        19.829511642456055,
        24.82008934020996,
        21.111011505126953,
        20.261049270629883,
        18.89967918395996,
        20.48206329345703,
        22.159099578857422,
        19.839763641357422,
        25.689125061035156,
        23.302078247070312,
        21.874666213989258,
        23.357152938842773,
        19.884824752807617,
        21.84748649597168,
        22.79520034790039,
        22.45330810546875,
        21.297216415405273,
        21.677255630493164,
        25.404930114746094,
        17.708539962768555,
        21.600008010864258,
        21.923303604125977,
        24.509906768798828,
        21.529197692871094,
        21.02184295654297,
        22.410154342651367,
        25.754690170288086,
        23.157596588134766,
        21.635055541992188,
        23.46515655517578,
        23.49066734313965,
        19.771814346313477,
        24.893522262573242,
        18.092632293701172,
        21.351099014282227,
        22.4759578704834,
        20.708799362182617,
        18.517494201660156,
        27.376651763916016,
        22.6442813873291,
        21.613597869873047,
        19.016742706298828,
        22.617340087890625,
        18.731355667114258
    ],
    "wrong_email_times_account2": [
        15.759944915771484,
        14.729499816894531,
        14.054536819458008,
        10.725736618041992,
        12.642860412597656,
        12.228965759277344,
        12.189626693725586,
        13.342142105102539,
        12.328386306762695,
        11.404991149902344,
        13.058185577392578,
        17.597675323486328,
        12.321233749389648,
        13.169527053833008,
        12.75944709777832,
        12.842178344726562,
        11.698722839355469,
        12.112617492675781,
        14.621496200561523,
        12.519598007202148,
        14.447450637817383,
        11.510133743286133,
        11.657238006591797,
        12.700557708740234,
        13.84115219116211,
        11.748552322387695,
        14.21499252319336,
        13.650178909301758,
        12.925386428833008,
        14.271974563598633,
        16.97516441345215,
        11.276960372924805,
        13.093233108520508,
        15.283584594726562,
        15.481233596801758,
        17.121315002441406,
        12.005805969238281,
        11.196374893188477,
        17.163515090942383,
        12.557268142700195,
        12.499094009399414,
        11.264324188232422,
        14.202594757080078,
        12.786149978637695,
        11.189699172973633,
        11.843442916870117,
        12.12620735168457,
        12.943506240844727,
        12.38870620727539,
        12.500762939453125
    ],
    "wrong_pw_times_account2": [
        20.931005477905273,
        24.313926696777344,
        20.540714263916016,
        18.606901168823242,
        22.19414710998535,
        22.764921188354492,
        22.49288558959961,
        27.284860610961914,
        18.113136291503906,
        19.397497177124023,
        20.781517028808594,
        27.711153030395508,
        19.194364547729492,
        21.433115005493164,
        25.10690689086914,
        21.921396255493164,
        19.914865493774414,
        18.89944076538086,
        27.34541893005371,
        25.13909339904785,
        17.978429794311523,
        25.85124969482422,
        19.45018768310547,
        19.350290298461914,
        20.827531814575195,
        19.748210906982422,
        24.067401885986328,
        22.395610809326172,
        25.52509307861328,
        21.619319915771484,
        20.269155502319336,
        21.216392517089844,
        19.947052001953125,
        21.782636642456055,
        22.991657257080078,
        19.326210021972656,
        24.380207061767578,
        21.9876766204834,
        20.48778533935547,
        22.031068801879883,
        21.169662475585938,
        19.256114959716797,
        19.518613815307617,
        19.759654998779297,
        24.724483489990234,
        21.152257919311523,
        20.407676696777344,
        18.29838752746582,
        25.837182998657227,
        21.58665657043457
    ]
}