{
    "wrong_email_times_account1": [
        27.121782302856445,
        14.655828475952148,
        12.367486953735352,
        15.389204025268555,
        13.942480087280273,
        12.104034423828125,
        13.832569122314453,
        14.114856719970703,
        16.70694351196289,
        15.020370483398438,
        15.588760375976562,
        15.082836151123047,
        13.766050338745117,
        15.617609024047852,
        13.765096664428711,
        12.096405029296875,
        14.656305313110352,
        13.473749160766602,
        14.215707778930664,
        14.58287239074707,
        15.302896499633789,
        14.289617538452148,
        13.968229293823242,
        15.818357467651367,
        14.396905899047852,
        16.01552963256836,
        11.257648468017578,
        20.099401473999023,
        11.186361312866211,
        15.17939567565918,
        13.026237487792969,
        14.259815216064453,
        11.533975601196289,
        13.295650482177734,
        14.43171501159668,
        13.01264762878418,
        15.774726867675781,
        12.687444686889648,
        15.664339065551758,
        12.258291244506836,
        14.419078826904297,
        12.282371520996094,
        12.710332870483398,
        14.25313949584961,
        15.154600143432617,
        13.92054557800293,
        13.566970825195312,
        13.611793518066406,
        10.809898376464844,
        15.237092971801758
    ],
    "wrong_pw_times_account1": [
        37.00971603393555,
        28.008699417114258,
        19.489526748657227,
        25.597572326660156,
        20.921707153320312,
        19.51432228088379,
        20.19524574279785,
        26.921749114990234,
        21.266460418701172,
        22.723913192749023,
        22.55558967590332,
        21.591901779174805,
        20.322322845458984,
        25.535106658935547,
        17.763853073120117,
        26.283979415893555,
        24.36041831970215,
        17.35973358154297,
        26.738405227661133,
        18.53632926940918,
        19.83356475830078,
        19.412994384765625,
        25.262832641601562,
        29.321670532226562,
        18.98670196533203,
        19.629240036010742,
        21.753549575805664,
        21.957874298095703,
        22.237300872802734,
        19.487857818603516,
        19.608736038208008,
        20.68924903869629,
        18.68438720703125,
        24.67823028564453,
        20.154714584350586,
        20.433664321899414,
        20.068645477294922,
        21.091938018798828,
        24.308204650878906,
        18.498897552490234,
        22.015810012817383,
        22.197723388671875,
        24.137020111083984,
        19.77682113647461,
        20.50018310546875,
        31.327486038208008,
        23.999929428100586,
        20.557880401611328,
        21.073579788208008,
        19.99950408935547
    ],
    "wrong_email_times_account2": [
        13.049840927124023,
        12.37940788269043,
        13.52691650390625,
        14.183282852172852,
        11.860370635986328,
        12.398481369018555,
        14.022350311279297,
        12.46500015258789,
        14.23192024230957,
        15.186309814453125,
        14.074325561523438,
        13.035297393798828,
        14.950990676879883,
        13.623714447021484,
        16.665935516357422,
        12.208938598632812,
        16.069650650024414,
        13.700723648071289,
        12.451887130737305,
        13.089179992675781,
        12.082815170288086,
        16.685009002685547,
        13.217687606811523,
        13.241767883300781,
        12.542963027954102,
        15.477180480957031,
        13.185739517211914,
        15.960454940795898,
        16.088247299194336,
        17.477035522460938,
        14.760255813598633,
        15.9149169921875,
        11.712789535522461,
        13.531684875488281,
        18.30601692199707,
        12.518882751464844,
        15.271663665771484,
        11.654853820800781,
        11.963367462158203,
        16.29781723022461,
        12.462377548217773,
        12.481212615966797,
        13.724327087402344,
        14.448404312133789,
        13.524293899536133,
        11.796951293945312,
        12.862920761108398,
        13.055801391601562,
        11.049270629882812,
        12.751579284667969
    ],
    "wrong_pw_times_account2": [
        21.538496017456055,
        18.9816951751709,
        21.28458023071289,
        18.319368362426758,
        27.28271484375,
        23.56266975402832,
        20.360946655273438,
        20.2481746673584,
        19.21391487121582,
        21.134376525878906,
        20.472288131713867,
        22.058725357055664,
        27.69303321838379,
        19.397258758544922,
        18.616914749145508,
        20.663022994995117,
        18.46933364868164,
        19.88077163696289,
        28.781414031982422,
        22.42445945739746,
        26.430606842041016,
        22.414684295654297,
        20.663022994995117,
        18.1119441986084,
        22.06707000732422,
        20.482540130615234,
        19.061803817749023,
        21.967411041259766,
        27.605772018432617,
        17.972230911254883,
        18.675565719604492,
        20.98250389099121,
        24.86896514892578,
        19.00315284729004,
        20.59769630432129,
        20.116090774536133,
        29.110193252563477,
        20.894765853881836,
        22.847890853881836,
        21.259784698486328,
        21.18706703186035,
        18.639326095581055,
        18.94521713256836,
        21.5301513671875,
        20.142316818237305,
        19.125699996948242,
        19.335508346557617,
        20.400285720825195,
        25.511741638183594,
        21.785736083984375
    ]
}