{
    "wrong_email_times_account1": [
        27.665376663208008,
        14.683246612548828,
        13.723134994506836,
        12.954235076904297,
        14.052391052246094,
        14.195919036865234,
        12.483358383178711,
        14.84537124633789,
        12.611865997314453,
        15.293359756469727,
        11.884450912475586,
        13.187170028686523,
        14.585256576538086,
        12.360572814941406,
        11.812686920166016,
        14.770984649658203,
        11.783838272094727,
        14.312744140625,
        14.11581039428711,
        14.135360717773438,
        12.056350708007812,
        17.101526260375977,
        11.509418487548828,
        11.731147766113281,
        16.243696212768555,
        16.31307601928711,
        14.608383178710938,
        13.421058654785156,
        14.804840087890625,
        13.870954513549805,
        13.891220092773438,
        12.22681999206543,
        13.475656509399414,
        13.194561004638672,
        12.571096420288086,
        17.760276794433594,
        15.554666519165039,
        12.147665023803711,
        17.60101318359375,
        14.257192611694336,
        13.315916061401367,
        11.24715805053711,
        13.1988525390625,
        13.33761215209961,
        37.756919860839844,
        11.740684509277344,
        11.812210083007812,
        17.102956771850586,
        11.824369430541992,
        17.742633819580078
    ],
    "wrong_pw_times_account1": [
        33.50329399108887,
        21.263837814331055,
        31.672000885009766,
        21.622896194458008,
        20.858049392700195,
        23.763418197631836,
        20.891904830932617,
        19.69289779663086,
        20.087003707885742,
        19.081592559814453,
        24.79243278503418,
        18.324851989746094,
        19.1342830657959,
        19.968509674072266,
        21.907567977905273,
        20.45297622680664,
        20.33257484436035,
        22.621870040893555,
        21.79265022277832,
        18.268346786499023,
        18.78833770751953,
        20.514726638793945,
        23.691177368164062,
        26.88145637512207,
        21.16847038269043,
        20.508766174316406,
        29.995203018188477,
        20.13540267944336,
        21.647214889526367,
        27.321815490722656,
        19.216060638427734,
        27.038097381591797,
        22.65620231628418,
        19.616365432739258,
        22.302865982055664,
        19.041776657104492,
        20.079851150512695,
        22.234678268432617,
        23.90599250793457,
        19.626379013061523,
        19.797086715698242,
        20.377635955810547,
        20.547866821289062,
        20.78413963317871,
        25.27022361755371,
        24.86276626586914,
        25.570154190063477,
        19.032001495361328,
        25.938987731933594,
        18.586397171020508
    ],
    "wrong_email_times_account2": [
        12.617111206054688,
        11.899948120117188,
        14.866113662719727,
        13.954877853393555,
        12.111902236938477,
        12.269973754882812,
        13.406991958618164,
        15.222311019897461,
        12.880802154541016,
        12.58087158203125,
        13.602495193481445,
        10.996341705322266,
        12.642383575439453,
        11.476516723632812,
        14.19520378112793,
        13.219594955444336,
        11.028528213500977,
        12.180805206298828,
        11.728048324584961,
        14.309406280517578,
        11.761188507080078,
        13.390541076660156,
        11.640787124633789,
        12.799263000488281,
        12.956380844116211,
        15.022993087768555,
        12.407064437866211,
        13.309955596923828,
        11.611461639404297,
        11.213541030883789,
        14.476537704467773,
        13.069391250610352,
        13.242721557617188,
        12.134790420532227,
        17.288923263549805,
        15.785932540893555,
        13.610124588012695,
        11.998891830444336,
        10.995149612426758,
        12.549877166748047,
        16.795873641967773,
        11.066436767578125,
        12.774229049682617,
        11.629819869995117,
        14.062881469726562,
        12.56561279296875,
        12.947797775268555,
        12.706518173217773,
        12.03775405883789,
        15.598773956298828
    ],
    "wrong_pw_times_account2": [
        22.072792053222656,
        19.00792121887207,
        23.62203598022461,
        19.1802978515625,
        19.22130584716797,
        18.57590675354004,
        24.761199951171875,
        19.948959350585938,
        20.067930221557617,
        21.956920623779297,
        29.227495193481445,
        24.011611938476562,
        18.550395965576172,
        20.140886306762695,
        18.00823211669922,
        29.71673011779785,
        17.993688583374023,
        20.311355590820312,
        20.631790161132812,
        21.77596092224121,
        22.63355255126953,
        19.989967346191406,
        21.930932998657227,
        20.284175872802734,
        23.021697998046875,
        26.905059814453125,
        23.215770721435547,
        19.380569458007812,
        18.178701400756836,
        23.84185791015625,
        19.509553909301758,
        23.547649383544922,
        23.13709259033203,
        19.42133903503418,
        28.173208236694336,
        28.90610694885254,
        22.174358367919922,
        20.363330841064453,
        26.775836944580078,
        22.080421447753906,
        19.06442642211914,
        24.762868881225586,
        20.142555236816406,
        23.812294006347656,
        20.94244956970215,
        18.561124801635742,
        29.60968017578125,
        22.185564041137695,
        18.92828941345215,
        25.864362716674805
    ]
}