{
    "wrong_email_times_account1": [
        19.875764846801758,
        15.477895736694336,
        12.766599655151367,
        15.045166015625,
        15.707969665527344,
        14.123201370239258,
        13.795137405395508,
        12.603998184204102,
        12.969493865966797,
        19.461631774902344,
        16.475915908813477,
        13.556957244873047,
        14.354944229125977,
        12.822389602661133,
        13.35763931274414,
        14.081239700317383,
        13.016700744628906,
        14.11128044128418,
        13.364076614379883,
        12.04681396484375,
        15.912532806396484,
        14.081716537475586,
        11.813640594482422,
        13.81683349609375,
        15.294075012207031,
        13.137578964233398,
        19.269466400146484,
        15.170097351074219,
        13.307809829711914,
        10.811328887939453,
        14.573097229003906,
        15.046358108520508,
        14.001131057739258,
        15.874862670898438,
        14.066219329833984,
        15.376806259155273,
        13.922691345214844,
        14.208316802978516,
        12.267589569091797,
        14.096498489379883,
        13.651371002197266,
        14.254331588745117,
        13.669490814208984,
        12.671470642089844,
        12.497663497924805,
        15.55180549621582,
        13.273239135742188,
        14.854192733764648,
        12.921810150146484,
        14.59050178527832
    ],
    "wrong_pw_times_account1": [
        34.96813774108887,
        22.294044494628906,
        22.33600616455078,
        21.181583404541016,
        19.251108169555664,
        22.366762161254883,
        17.29273796081543,
        20.448923110961914,
        19.99664306640625,
        20.81584930419922,
        24.003028869628906,
        22.20463752746582,
        19.60015296936035,
        18.872976303100586,
        25.768041610717773,
        20.488739013671875,
        21.146774291992188,
        25.67434310913086,
        19.88840103149414,
        22.96924591064453,
        19.667863845825195,
        18.739700317382812,
        23.360490798950195,
        19.5920467376709,
        19.0737247467041,
        22.56298065185547,
        19.26255226135254,
        18.003463745117188,
        22.596120834350586,
        21.787166595458984,
        24.6584415435791,
        18.967390060424805,
        19.163846969604492,
        22.282123565673828,
        21.801471710205078,
        17.943382263183594,
        19.87314224243164,
        18.276453018188477,
        20.879507064819336,
        23.089170455932617,
        19.459247589111328,
        23.488283157348633,
        26.079654693603516,
        19.19722557067871,
        18.4783935546875,
        27.18067169189453,
        21.882057189941406,
        25.526762008666992,
        19.7141170501709,
        19.20604705810547
    ],
    "wrong_email_times_account2": [
        13.025522232055664,
        12.290716171264648,
        12.099981307983398,
        12.140035629272461,
        15.101432800292969,
        12.26949691772461,
        14.869928359985352,
        13.716936111450195,
        12.23611831665039,
        13.726949691772461,
        14.936685562133789,
        11.96742057800293,
        12.540340423583984,
        11.893033981323242,
        13.5650634765625,
        14.626502990722656,
        16.5555477142334,
        14.3585205078125,
        13.962030410766602,
        14.662742614746094,
        12.629508972167969,
        15.612125396728516,
        11.974096298217773,
        14.687776565551758,
        13.968944549560547,
        11.737346649169922,
        11.638879776000977,
        12.427568435668945,
        15.976428985595703,
        12.287378311157227,
        11.607646942138672,
        14.205217361450195,
        11.71731948852539,
        11.977434158325195,
        11.44099235534668,
        11.66224479675293,
        13.820886611938477,
        13.301372528076172,
        12.75181770324707,
        12.28475570678711,
        11.721134185791016,
        12.354135513305664,
        12.832164764404297,
        13.9312744140625,
        13.437271118164062,
        15.715837478637695,
        11.59214973449707,
        11.439085006713867,
        13.551950454711914,
        13.053417205810547
    ],
    "wrong_pw_times_account2": [
        22.541046142578125,
        19.866943359375,
        19.04129981994629,
        18.834829330444336,
        22.39084243774414,
        18.11957359313965,
        19.517898559570312,
        21.64626121520996,
        19.141197204589844,
        18.355607986450195,
        22.57847785949707,
        20.66493034362793,
        18.748760223388672,
        24.9483585357666,
        24.29819107055664,
        22.681474685668945,
        20.693063735961914,
        25.994300842285156,
        22.06110954284668,
        24.68085289001465,
        18.846511840820312,
        22.210121154785156,
        22.887468338012695,
        20.82371711730957,
        18.71037483215332,
        20.200252532958984,
        22.336721420288086,
        20.25461196899414,
        26.100873947143555,
        19.518375396728516,
        21.60811424255371,
        19.618749618530273,
        19.34814453125,
        28.68485450744629,
        20.44510841369629,
        21.7745304107666,
        25.47931671142578,
        19.349336624145508,
        20.47562599182129,
        19.89579200744629,
        24.97410774230957,
        18.85366439819336,
        23.86617660522461,
        22.051334381103516,
        20.39313316345215,
        19.400596618652344,
        21.157503128051758,
        18.1577205657959,
        18.903493881225586,
        19.396305084228516
    ]
}