{
    "wrong_email_times_account1": [
        26.511669158935547,
        16.86382293701172,
        15.374183654785156,
        15.84935188293457,
        12.67695426940918,
        12.229204177856445,
        14.214038848876953,
        12.796163558959961,
        13.156414031982422,
        15.000343322753906,
        12.043476104736328,
        14.468908309936523,
        13.67640495300293,
        16.564369201660156,
        12.911796569824219,
        14.361143112182617,
        13.850688934326172,
        15.197515487670898,
        15.487432479858398,
        12.56251335144043,
        14.422178268432617,
        12.664556503295898,
        15.672683715820312,
        12.857913970947266,
        12.168169021606445,
        18.11528205871582,
        12.26949691772461,
        12.458324432373047,
        11.439323425292969,
        15.22207260131836,
        14.692306518554688,
        16.012191772460938,
        12.69674301147461,
        14.77956771850586,
        19.99187469482422,
        13.191938400268555,
        12.563943862915039,
        66.64705276489258,
        10.402441024780273,
        12.771368026733398,
        13.50545883178711,
        15.012502670288086,
        14.091253280639648,
        15.586376190185547,
        16.573190689086914,
        11.620759963989258,
        13.79704475402832,
        15.150070190429688,
        13.868331909179688,
        16.658544540405273
    ],
    "wrong_pw_times_account1": [
        34.616708755493164,
        21.201610565185547,
        23.77915382385254,
        21.120548248291016,
        18.641233444213867,
        20.396947860717773,
        19.614696502685547,
        18.72539520263672,
        19.169330596923828,
        19.634008407592773,
        19.75536346435547,
        25.724172592163086,
        20.493745803833008,
        20.684242248535156,
        22.49884605407715,
        22.328615188598633,
        21.66128158569336,
        19.491910934448242,
        20.999431610107422,
        21.663188934326172,
        21.863937377929688,
        22.737979888916016,
        19.325971603393555,
        22.912979125976562,
        22.496461868286133,
        18.282413482666016,
        18.310546875,
        19.399404525756836,
        19.762754440307617,
        18.391132354736328,
        20.6453800201416,
        19.773244857788086,
        23.231029510498047,
        25.707483291625977,
        19.768953323364258,
        22.066593170166016,
        20.803213119506836,
        26.37028694152832,
        22.593975067138672,
        21.106719970703125,
        17.48824119567871,
        21.596908569335938,
        19.753694534301758,
        22.176027297973633,
        22.463560104370117,
        21.437406539916992,
        19.612789154052734,
        20.251989364624023,
        22.751808166503906,
        18.939733505249023
    ],
    "wrong_email_times_account2": [
        12.291908264160156,
        14.904022216796875,
        12.851715087890625,
        11.697053909301758,
        17.460346221923828,
        11.154651641845703,
        14.190435409545898,
        12.289047241210938,
        15.14577865600586,
        16.690969467163086,
        10.860681533813477,
        17.714500427246094,
        13.592004776000977,
        14.642953872680664,
        13.925790786743164,
        12.588262557983398,
        14.3585205078125,
        12.295961380004883,
        11.848926544189453,
        11.324405670166016,
        13.584136962890625,
        15.40374755859375,
        15.834569931030273,
        13.293266296386719,
        12.315750122070312,
        13.211488723754883,
        15.912532806396484,
        11.734485626220703,
        11.320829391479492,
        15.212535858154297,
        14.512777328491211,
        16.692399978637695,
        15.695571899414062,
        16.751527786254883,
        11.617422103881836,
        14.55545425415039,
        14.455795288085938,
        11.846303939819336,
        11.907577514648438,
        14.315128326416016,
        16.260862350463867,
        13.17286491394043,
        11.595010757446289,
        14.581918716430664,
        14.635324478149414,
        12.572288513183594,
        14.667987823486328,
        14.612436294555664,
        12.69221305847168,
        12.102127075195312
    ],
    "wrong_pw_times_account2": [
        19.2263126373291,
        25.32219886779785,
        22.6743221282959,
        22.40753173828125,
        23.346662521362305,
        19.583940505981445,
        20.4317569732666,
        20.86472511291504,
        24.368762969970703,
        20.055294036865234,
        22.034168243408203,
        20.289182662963867,
        22.876977920532227,
        26.964187622070312,
        22.486209869384766,
        18.40972900390625,
        20.21026611328125,
        18.90730857849121,
        20.19524574279785,
        21.79431915283203,
        19.99950408935547,
        21.592140197753906,
        19.474267959594727,
        19.10853385925293,
        18.426179885864258,
        19.70815658569336,
        21.808624267578125,
        25.498390197753906,
        25.27475357055664,
        23.85997772216797,
        20.818710327148438,
        19.974708557128906,
        18.093109130859375,
        18.911123275756836,
        17.875194549560547,
        24.598121643066406,
        19.644975662231445,
        19.624948501586914,
        20.627975463867188,
        19.863128662109375,
        21.33798599243164,
        19.997358322143555,
        20.869731903076172,
        20.41339874267578,
        20.23172378540039,
        25.91872215270996,
        20.404338836669922,
        18.492937088012695,
        22.030353546142578,
        20.989656448364258
    ]
}