{
    "wrong_email_times_account1": [
        25.791168212890625,
        14.154195785522461,
        13.129949569702148,
        12.681722640991211,
        13.669490814208984,
        15.197038650512695,
        14.96577262878418,
        13.182401657104492,
        11.459589004516602,
        14.481544494628906,
        12.129783630371094,
        16.553401947021484,
        12.955904006958008,
        12.480020523071289,
        13.222932815551758,
        14.976978302001953,
        14.182806015014648,
        15.603780746459961,
        14.711141586303711,
        13.567447662353516,
        14.902353286743164,
        12.857437133789062,
        15.590906143188477,
        15.642404556274414,
        14.153003692626953,
        12.959957122802734,
        17.08054542541504,
        14.505147933959961,
        14.14346694946289,
        597.3243713378906,
        13.43989372253418,
        13.058900833129883,
        15.842437744140625,
        11.859655380249023,
        12.829303741455078,
        13.695955276489258,
        12.694120407104492,
        13.249874114990234,
        14.48512077331543,
        12.099266052246094,
        15.395641326904297,
        13.395071029663086,
        15.236616134643555,
        14.607667922973633,
        18.107175827026367,
        11.693239212036133,
        17.270565032958984,
        12.839317321777344,
        14.492511749267578,
        15.425443649291992
    ],
    "wrong_pw_times_account1": [
        34.41619873046875,
        21.626949310302734,
        23.98824691772461,
        17.522811889648438,
        20.150423049926758,
        20.389318466186523,
        17.13275909423828,
        18.672943115234375,
        19.293546676635742,
        18.893957138061523,
        20.19643783569336,
        19.269227981567383,
        22.08113670349121,
        21.335124969482422,
        26.6873836517334,
        19.430160522460938,
        20.43914794921875,
        21.868228912353516,
        21.318674087524414,
        23.699283599853516,
        20.813465118408203,
        22.270917892456055,
        24.116039276123047,
        18.636465072631836,
        18.911361694335938,
        20.867586135864258,
        20.099401473999023,
        19.31476593017578,
        19.126176834106445,
        547.9094982147217,
        21.944284439086914,
        20.236492156982422,
        23.861169815063477,
        23.430347442626953,
        25.747060775756836,
        20.522356033325195,
        19.56772804260254,
        26.655197143554688,
        21.784305572509766,
        20.7211971282959,
        20.756959915161133,
        25.942325592041016,
        21.161556243896484,
        21.542787551879883,
        26.764631271362305,
        20.782947540283203,
        20.17807960510254,
        19.93536949157715,
        18.63694190979004,
        19.847869873046875
    ],
    "wrong_email_times_account2": [
        11.74306869506836,
        15.051603317260742,
        14.382600784301758,
        17.22240447998047,
        11.959314346313477,
        12.39323616027832,
        12.247323989868164,
        14.809846878051758,
        13.733625411987305,
        12.9547119140625,
        13.753414154052734,
        18.277883529663086,
        12.183904647827148,
        15.008926391601562,
        12.673139572143555,
        11.66391372680664,
        11.370420455932617,
        12.091636657714844,
        13.320684432983398,
        11.237144470214844,
        12.17961311340332,
        13.437271118164062,
        12.821435928344727,
        14.798402786254883,
        13.047456741333008,
        12.146472930908203,
        13.2904052734375,
        14.229536056518555,
        14.281749725341797,
        12.639522552490234,
        12.474298477172852,
        12.017250061035156,
        12.250423431396484,
        14.515161514282227,
        14.012336730957031,
        13.361215591430664,
        14.597654342651367,
        18.141984939575195,
        10.828495025634766,
        14.939308166503906,
        12.500286102294922,
        13.359308242797852,
        13.004779815673828,
        14.104604721069336,
        13.735532760620117,
        11.765241622924805,
        14.339923858642578,
        14.066457748413086,
        12.450695037841797,
        13.833045959472656
    ],
    "wrong_pw_times_account2": [
        20.051240921020508,
        22.237062454223633,
        20.428895950317383,
        21.9879150390625,
        22.16506004333496,
        18.086910247802734,
        21.843671798706055,
        21.085500717163086,
        24.185895919799805,
        22.713899612426758,
        24.825096130371094,
        17.99774169921875,
        20.449399948120117,
        27.230262756347656,
        19.293546676635742,
        19.527912139892578,
        20.40553092956543,
        20.628929138183594,
        23.221731185913086,
        21.355390548706055,
        21.936893463134766,
        19.515514373779297,
        21.469831466674805,
        21.182537078857422,
        23.03600311279297,
        18.55778694152832,
        23.75054359436035,
        30.089855194091797,
        18.328428268432617,
        19.063949584960938,
        21.58379554748535,
        23.15974235534668,
        20.451068878173828,
        22.059917449951172,
        19.061803817749023,
        20.71857452392578,
        21.309375762939453,
        21.89493179321289,
        22.777318954467773,
        18.84293556213379,
        19.08087730407715,
        19.03080940246582,
        19.689083099365234,
        20.953655242919922,
        28.017759323120117,
        23.281097412109375,
        23.102760314941406,
        18.43094825744629,
        19.186019897460938,
        18.1427001953125
    ]
}