{
    "wrong_email_times_account1": [
        24.291038513183594,
        13.942956924438477,
        14.01972770690918,
        14.35089111328125,
        13.478517532348633,
        13.81826400756836,
        14.52326774597168,
        12.938976287841797,
        11.6424560546875,
        17.62247085571289,
        15.21611213684082,
        12.788057327270508,
        12.96234130859375,
        14.083385467529297,
        15.331745147705078,
        15.16270637512207,
        13.947486877441406,
        15.489339828491211,
        18.54419708251953,
        16.909122467041016,
        15.659570693969727,
        12.075185775756836,
        14.080047607421875,
        14.978885650634766,
        13.844490051269531,
        16.370534896850586,
        15.701055526733398,
        14.103174209594727,
        15.858173370361328,
        13.1072998046875,
        14.361143112182617,
        18.69678497314453,
        13.030290603637695,
        13.721942901611328,
        18.307209014892578,
        13.3819580078125,
        14.974117279052734,
        17.462491989135742,
        11.804819107055664,
        15.72418212890625,
        11.7340087890625,
        15.235662460327148,
        14.90330696105957,
        13.599157333374023,
        15.691995620727539,
        18.310070037841797,
        13.323783874511719,
        15.352010726928711,
        14.590263366699219,
        13.674736022949219
    ],
    "wrong_pw_times_account1": [
        31.048297882080078,
        19.438982009887695,
        19.123315811157227,
        21.401166915893555,
        18.589019775390625,
        18.075942993164062,
        19.23370361328125,
        18.60332489013672,
        23.585081100463867,
        20.5996036529541,
        17.939329147338867,
        21.04043960571289,
        21.20494842529297,
        19.403934478759766,
        17.740964889526367,
        23.571252822875977,
        20.321130752563477,
        22.251129150390625,
        22.44424819946289,
        23.370742797851562,
        19.144296646118164,
        22.177934646606445,
        17.856359481811523,
        18.82481575012207,
        18.47529411315918,
        22.776126861572266,
        20.396947860717773,
        20.529508590698242,
        22.491931915283203,
        22.307872772216797,
        27.52518653869629,
        27.45532989501953,
        21.780014038085938,
        22.997379302978516,
        18.196582794189453,
        20.328283309936523,
        22.125720977783203,
        19.95682716369629,
        22.05944061279297,
        19.686460494995117,
        20.910978317260742,
        22.02773094177246,
        21.895885467529297,
        18.46909523010254,
        23.542165756225586,
        17.76909828186035,
        23.572206497192383,
        22.31121063232422,
        22.812843322753906,
        19.959688186645508
    ],
    "wrong_email_times_account2": [
        14.580488204956055,
        14.640331268310547,
        14.703989028930664,
        14.331579208374023,
        12.140750885009766,
        13.51165771484375,
        15.942811965942383,
        15.28167724609375,
        14.684677124023438,
        14.542579650878906,
        11.533498764038086,
        14.110326766967773,
        14.444112777709961,
        16.373634338378906,
        12.549161911010742,
        16.404151916503906,
        11.699438095092773,
        12.682437896728516,
        12.276649475097656,
        14.535665512084961,
        14.293193817138672,
        14.486312866210938,
        14.795064926147461,
        11.893510818481445,
        13.57126235961914,
        13.608932495117188,
        13.795137405395508,
        12.42518424987793,
        14.28365707397461,
        14.651298522949219,
        15.542745590209961,
        15.173673629760742,
        13.423681259155273,
        12.171268463134766,
        12.1307373046875,
        14.02902603149414,
        14.415740966796875,
        17.482519149780273,
        14.134883880615234,
        14.649152755737305,
        14.421701431274414,
        13.803958892822266,
        14.3280029296875,
        12.740612030029297,
        16.39270782470703,
        13.592004776000977,
        13.32998275756836,
        13.056755065917969,
        15.328407287597656,
        13.829708099365234
    ],
    "wrong_pw_times_account2": [
        21.860122680664062,
        20.635604858398438,
        21.20494842529297,
        18.770456314086914,
        21.860361099243164,
        22.026538848876953,
        18.433570861816406,
        18.00084114074707,
        21.352291107177734,
        20.583629608154297,
        21.891117095947266,
        21.199464797973633,
        22.310972213745117,
        19.918203353881836,
        21.027088165283203,
        21.41880989074707,
        19.074678421020508,
        21.990060806274414,
        17.826318740844727,
        22.257089614868164,
        20.700693130493164,
        21.929025650024414,
        18.30148696899414,
        20.648479461669922,
        24.525165557861328,
        22.336721420288086,
        21.848678588867188,
        25.159120559692383,
        22.524118423461914,
        21.342039108276367,
        22.473573684692383,
        18.657207489013672,
        26.92103385925293,
        18.322229385375977,
        17.862319946289062,
        21.70586585998535,
        22.301435470581055,
        19.792795181274414,
        20.867347717285156,
        20.740747451782227,
        22.02153205871582,
        20.079612731933594,
        19.53411102294922,
        23.209810256958008,
        18.028974533081055,
        19.430875778198242,
        21.970748901367188,
        27.5423526763916,
        19.51885223388672,
        21.189451217651367
    ]
}