{
    "wrong_email_times_account1": [
        23.870468139648438,
        13.993501663208008,
        15.244483947753906,
        15.339851379394531,
        12.112855911254883,
        16.703128814697266,
        15.388965606689453,
        13.291597366333008,
        12.530803680419922,
        14.546871185302734,
        14.762401580810547,
        15.124320983886719,
        16.585350036621094,
        13.000249862670898,
        15.505790710449219,
        15.938758850097656,
        17.88640022277832,
        14.500617980957031,
        14.816045761108398,
        16.33167266845703,
        13.23699951171875,
        14.00303840637207,
        16.422510147094727,
        12.742996215820312,
        13.033628463745117,
        14.611005783081055,
        15.70749282836914,
        13.602495193481445,
        15.781164169311523,
        15.122175216674805,
        15.97285270690918,
        17.745494842529297,
        13.976335525512695,
        13.2904052734375,
        11.033296585083008,
        15.856504440307617,
        12.128591537475586,
        15.710592269897461,
        14.798879623413086,
        15.946388244628906,
        19.199371337890625,
        16.724348068237305,
        13.686418533325195,
        18.949270248413086,
        14.32037353515625,
        13.664722442626953,
        14.814376831054688,
        13.869524002075195,
        13.837575912475586,
        17.000675201416016
    ],
    "wrong_pw_times_account1": [
        33.487796783447266,
        18.89491081237793,
        23.082494735717773,
        18.76688003540039,
        24.144411087036133,
        19.194602966308594,
        18.564462661743164,
        19.98162269592285,
        23.446083068847656,
        20.55072784423828,
        20.343303680419922,
        25.03800392150879,
        20.990848541259766,
        22.37677574157715,
        23.56743812561035,
        21.328210830688477,
        19.054174423217773,
        22.03059196472168,
        21.517038345336914,
        18.580913543701172,
        24.450063705444336,
        19.376277923583984,
        27.368545532226562,
        24.880647659301758,
        18.63694190979004,
        21.914958953857422,
        28.159379959106445,
        21.729230880737305,
        21.634817123413086,
        19.36793327331543,
        23.12016487121582,
        21.825551986694336,
        24.325847625732422,
        19.504785537719727,
        22.303104400634766,
        17.8835391998291,
        19.146203994750977,
        19.551992416381836,
        26.105642318725586,
        19.013643264770508,
        22.401809692382812,
        24.43861961364746,
        22.314071655273438,
        20.33257484436035,
        20.673274993896484,
        24.51491355895996,
        17.76909828186035,
        17.206430435180664,
        22.582530975341797,
        19.977569580078125
    ],
    "wrong_email_times_account2": [
        12.424945831298828,
        12.649297714233398,
        14.660835266113281,
        14.809131622314453,
        12.583255767822266,
        14.89567756652832,
        14.360904693603516,
        14.850378036499023,
        14.207601547241211,
        12.588024139404297,
        14.411211013793945,
        11.031150817871094,
        13.83519172668457,
        14.712095260620117,
        14.980554580688477,
        14.123678207397461,
        14.516353607177734,
        15.101194381713867,
        14.19973373413086,
        14.662027359008789,
        15.251636505126953,
        13.752937316894531,
        16.57891273498535,
        12.79759407043457,
        14.409303665161133,
        14.70327377319336,
        11.566877365112305,
        11.849403381347656,
        13.683319091796875,
        11.198043823242188,
        13.752222061157227,
        12.685537338256836,
        13.149261474609375,
        16.364097595214844,
        16.202211380004883,
        13.676881790161133,
        11.681318283081055,
        14.929771423339844,
        11.390924453735352,
        13.825654983520508,
        14.292240142822266,
        13.76652717590332,
        14.26839828491211,
        14.54782485961914,
        16.489267349243164,
        15.262603759765625,
        14.185190200805664,
        13.701438903808594,
        14.425992965698242,
        12.968301773071289
    ],
    "wrong_pw_times_account2": [
        21.437883377075195,
        18.820524215698242,
        17.839908599853516,
        21.368741989135742,
        18.651485443115234,
        22.573471069335938,
        19.665241241455078,
        21.489381790161133,
        22.394657135009766,
        26.257991790771484,
        20.32947540283203,
        22.99022674560547,
        19.9587345123291,
        21.953344345092773,
        18.984079360961914,
        20.8284854888916,
        18.097877502441406,
        21.641016006469727,
        19.9277400970459,
        20.847558975219727,
        18.47529411315918,
        20.52760124206543,
        21.161556243896484,
        20.641565322875977,
        21.22330665588379,
        24.155139923095703,
        18.354177474975586,
        22.432327270507812,
        19.016265869140625,
        20.679235458374023,
        19.390106201171875,
        18.673419952392578,
        21.87323570251465,
        21.773815155029297,
        20.05910873413086,
        22.669553756713867,
        18.03302764892578,
        21.596431732177734,
        22.616147994995117,
        23.48923683166504,
        18.407106399536133,
        21.68726921081543,
        18.26167106628418,
        21.15154266357422,
        19.278526306152344,
        19.8516845703125,
        17.559289932250977,
        21.597862243652344,
        21.373510360717773,
        18.860340118408203
    ]
}