{
    "wrong_email_times_account1": [
        23.465394973754883,
        15.33961296081543,
        15.47098159790039,
        14.85753059387207,
        15.074014663696289,
        12.573957443237305,
        13.698577880859375,
        15.641212463378906,
        12.125253677368164,
        16.458511352539062,
        13.197183609008789,
        13.654232025146484,
        14.189958572387695,
        15.975475311279297,
        19.477367401123047,
        13.604402542114258,
        14.712333679199219,
        12.735843658447266,
        17.527341842651367,
        16.86382293701172,
        14.689922332763672,
        13.61989974975586,
        14.164447784423828,
        15.684127807617188,
        17.719268798828125,
        12.671709060668945,
        14.016866683959961,
        13.070344924926758,
        16.945838928222656,
        12.469768524169922,
        15.725135803222656,
        16.436100006103516,
        13.079643249511719,
        14.606952667236328,
        15.012979507446289,
        15.009403228759766,
        14.419794082641602,
        15.220880508422852,
        13.031005859375,
        17.224550247192383,
        13.219833374023438,
        13.247013092041016,
        13.67807388305664,
        13.93747329711914,
        12.900352478027344,
        14.683723449707031,
        14.000892639160156,
        14.626026153564453,
        15.548467636108398,
        14.062166213989258
    ],
    "wrong_pw_times_account1": [
        29.982805252075195,
        20.971059799194336,
        21.210670471191406,
        22.895336151123047,
        20.673274993896484,
        18.92995834350586,
        19.977807998657227,
        18.1887149810791,
        19.78611946105957,
        17.75527000427246,
        19.005298614501953,
        19.30713653564453,
        21.530866622924805,
        19.550800323486328,
        18.015384674072266,
        25.177478790283203,
        19.478559494018555,
        19.33884620666504,
        19.094228744506836,
        21.118879318237305,
        21.47674560546875,
        21.323680877685547,
        21.20804786682129,
        19.852638244628906,
        22.310495376586914,
        19.847631454467773,
        20.143985748291016,
        23.037195205688477,
        22.623062133789062,
        18.76664161682129,
        28.836727142333984,
        20.826339721679688,
        19.248485565185547,
        19.881486892700195,
        22.165536880493164,
        20.3249454498291,
        21.773576736450195,
        22.967815399169922,
        21.277904510498047,
        22.022008895874023,
        22.251367568969727,
        21.88706398010254,
        19.515037536621094,
        20.502805709838867,
        23.10323715209961,
        23.0560302734375,
        22.01080322265625,
        22.565126419067383,
        20.28632164001465,
        22.816896438598633
    ],
    "wrong_email_times_account2": [
        13.303279876708984,
        12.945413589477539,
        14.332294464111328,
        15.074491500854492,
        14.699697494506836,
        14.411211013793945,
        13.444900512695312,
        12.728691101074219,
        15.252828598022461,
        11.750221252441406,
        12.036323547363281,
        14.480113983154297,
        11.814117431640625,
        14.982938766479492,
        12.432336807250977,
        11.710643768310547,
        14.395952224731445,
        13.775110244750977,
        13.015270233154297,
        13.112306594848633,
        14.703989028930664,
        11.791467666625977,
        14.045953750610352,
        14.879941940307617,
        13.111114501953125,
        11.640548706054688,
        14.343738555908203,
        13.280391693115234,
        12.124300003051758,
        12.256383895874023,
        14.499425888061523,
        12.217998504638672,
        12.75777816772461,
        14.994144439697266,
        14.065980911254883,
        11.817216873168945,
        11.937141418457031,
        14.043092727661133,
        14.135360717773438,
        12.497186660766602,
        13.80300521850586,
        14.413118362426758,
        11.541366577148438,
        14.08243179321289,
        13.162374496459961,
        15.853166580200195,
        11.915922164916992,
        14.592647552490234,
        14.82844352722168,
        11.539936065673828
    ],
    "wrong_pw_times_account2": [
        19.518375396728516,
        21.49057388305664,
        20.59030532836914,
        22.67909049987793,
        21.959304809570312,
        22.393465042114258,
        22.51410484313965,
        21.78215980529785,
        21.846532821655273,
        21.054506301879883,
        21.7132568359375,
        21.692752838134766,
        23.287296295166016,
        22.63331413269043,
        21.68130874633789,
        20.494461059570312,
        19.048213958740234,
        20.969867706298828,
        22.676706314086914,
        19.02151107788086,
        20.82347869873047,
        21.5604305267334,
        21.108150482177734,
        21.42643928527832,
        22.551536560058594,
        22.00007438659668,
        21.443605422973633,
        21.67344093322754,
        21.724939346313477,
        21.70252799987793,
        19.810199737548828,
        22.05061912536621,
        21.824121475219727,
        21.0113525390625,
        19.164323806762695,
        20.020008087158203,
        21.517038345336914,
        22.440195083618164,
        22.226810455322266,
        22.267580032348633,
        22.754907608032227,
        21.730422973632812,
        18.115758895874023,
        22.047996520996094,
        22.362232208251953,
        18.003225326538086,
        21.341800689697266,
        22.907495498657227,
        18.051624298095703,
        22.679567337036133
    ]
}