{
    "wrong_email_times_account1": [
        25.772809982299805,
        15.253067016601562,
        16.149282455444336,
        16.873598098754883,
        14.97507095336914,
        12.702465057373047,
        17.086267471313477,
        15.44499397277832,
        14.136075973510742,
        13.767004013061523,
        17.719507217407227,
        14.820098876953125,
        17.502784729003906,
        14.377117156982422,
        17.32945442199707,
        15.138626098632812,
        15.999555587768555,
        12.173891067504883,
        16.85500144958496,
        14.944314956665039,
        14.760255813598633,
        14.633655548095703,
        15.605688095092773,
        18.541574478149414,
        13.517141342163086,
        16.206026077270508,
        11.144399642944336,
        15.336275100708008,
        13.302087783813477,
        14.285564422607422,
        12.389898300170898,
        11.966228485107422,
        15.504121780395508,
        15.021562576293945,
        12.814044952392578,
        14.713525772094727,
        13.905763626098633,
        14.985084533691406,
        10.82921028137207,
        11.462211608886719,
        14.652013778686523,
        13.801336288452148,
        15.357017517089844,
        14.197587966918945,
        15.89059829711914,
        14.088630676269531,
        15.424013137817383,
        14.011859893798828,
        13.484001159667969,
        16.25227928161621
    ],
    "wrong_pw_times_account1": [
        32.207489013671875,
        22.347211837768555,
        22.56321907043457,
        20.786285400390625,
        19.065380096435547,
        24.59573745727539,
        18.122434616088867,
        22.195816040039062,
        23.619651794433594,
        20.538330078125,
        21.863222122192383,
        20.328283309936523,
        20.591020584106445,
        21.337270736694336,
        21.075963973999023,
        24.289846420288086,
        19.14668083190918,
        20.048141479492188,
        20.74432373046875,
        22.54176139831543,
        20.692825317382812,
        24.336576461791992,
        19.866466522216797,
        20.3859806060791,
        23.464679718017578,
        23.845195770263672,
        22.078275680541992,
        28.150081634521484,
        21.41094207763672,
        21.28911018371582,
        21.32248878479004,
        22.40777015686035,
        26.66497230529785,
        23.63419532775879,
        19.041776657104492,
        18.639326095581055,
        21.758556365966797,
        23.181915283203125,
        23.4372615814209,
        20.04265785217285,
        17.88616180419922,
        20.978450775146484,
        22.686243057250977,
        22.37701416015625,
        19.320011138916016,
        23.181915283203125,
        18.367290496826172,
        22.526979446411133,
        22.686481475830078,
        22.322416305541992
    ],
    "wrong_email_times_account2": [
        12.140274047851562,
        13.632774353027344,
        12.640714645385742,
        15.201091766357422,
        12.308120727539062,
        11.339902877807617,
        12.542724609375,
        11.046886444091797,
        11.981487274169922,
        13.98158073425293,
        12.204885482788086,
        14.340639114379883,
        14.12343978881836,
        14.008522033691406,
        14.874458312988281,
        14.379739761352539,
        12.532234191894531,
        14.024734497070312,
        12.872457504272461,
        13.993978500366211,
        14.830589294433594,
        13.907194137573242,
        14.31131362915039,
        14.32180404663086,
        12.468576431274414,
        14.26243782043457,
        12.151002883911133,
        11.502504348754883,
        13.910770416259766,
        14.33873176574707,
        14.019966125488281,
        14.280080795288086,
        16.5255069732666,
        11.522769927978516,
        12.375116348266602,
        12.660026550292969,
        13.141870498657227,
        10.976791381835938,
        14.563322067260742,
        13.190746307373047,
        12.671947479248047,
        15.171527862548828,
        14.928102493286133,
        14.616250991821289,
        14.864921569824219,
        13.867616653442383,
        13.672351837158203,
        11.338233947753906,
        14.434337615966797,
        12.341499328613281
    ],
    "wrong_pw_times_account2": [
        22.376060485839844,
        20.41006088256836,
        18.799543380737305,
        21.636962890625,
        22.153854370117188,
        20.085811614990234,
        20.343780517578125,
        21.801471710205078,
        23.23627471923828,
        18.121719360351562,
        19.069910049438477,
        29.284000396728516,
        21.657943725585938,
        19.678831100463867,
        19.25063133239746,
        21.21114730834961,
        22.4759578704834,
        20.897388458251953,
        18.05281639099121,
        21.089553833007812,
        18.21732521057129,
        21.440982818603516,
        22.138118743896484,
        23.64325523376465,
        18.237590789794922,
        22.93109893798828,
        19.278526306152344,
        22.228240966796875,
        18.57590675354004,
        23.15545082092285,
        20.63775062561035,
        19.614458084106445,
        20.37787437438965,
        21.87943458557129,
        21.78359031677246,
        19.715547561645508,
        25.922298431396484,
        21.74830436706543,
        19.23680305480957,
        19.855260848999023,
        22.380352020263672,
        21.30913734436035,
        20.609617233276367,
        21.83985710144043,
        19.173860549926758,
        22.133827209472656,
        18.7227725982666,
        20.60222625732422,
        21.845579147338867,
        18.119335174560547
    ]
}