{
    "wrong_email_times_account1": [
        22.484540939331055,
        14.69731330871582,
        14.062166213989258,
        14.377117156982422,
        13.796567916870117,
        13.680219650268555,
        13.490676879882812,
        12.042999267578125,
        17.180204391479492,
        14.297008514404297,
        16.40772819519043,
        11.078357696533203,
        18.305063247680664,
        12.329339981079102,
        13.13328742980957,
        13.584613800048828,
        14.370918273925781,
        13.629674911499023,
        14.405965805053711,
        15.882253646850586,
        14.596939086914062,
        21.068096160888672,
        11.602163314819336,
        16.30425453186035,
        14.612674713134766,
        19.028663635253906,
        15.178442001342773,
        17.951250076293945,
        16.267776489257812,
        16.76034927368164,
        11.798858642578125,
        16.28899574279785,
        15.404224395751953,
        16.457557678222656,
        13.87333869934082,
        13.903379440307617,
        13.406515121459961,
        14.960527420043945,
        17.52161979675293,
        13.380050659179688,
        16.13330841064453,
        17.45748519897461,
        17.0290470123291,
        15.123844146728516,
        11.699438095092773,
        11.900663375854492,
        13.459205627441406,
        15.862464904785156,
        12.178421020507812,
        15.610456466674805
    ],
    "wrong_pw_times_account1": [
        29.62946891784668,
        21.15321159362793,
        23.6051082611084,
        18.939733505249023,
        19.4551944732666,
        23.917436599731445,
        17.57359504699707,
        19.362211227416992,
        18.932819366455078,
        20.66516876220703,
        19.131898880004883,
        21.077394485473633,
        21.37446403503418,
        18.971681594848633,
        20.130634307861328,
        21.674633026123047,
        18.939733505249023,
        19.980669021606445,
        21.58522605895996,
        23.331403732299805,
        28.154611587524414,
        22.963523864746094,
        22.643089294433594,
        23.000717163085938,
        21.898984909057617,
        19.35577392578125,
        21.12865447998047,
        27.474403381347656,
        19.511699676513672,
        27.64582633972168,
        23.184537887573242,
        21.644115447998047,
        23.146629333496094,
        19.31285858154297,
        23.03600311279297,
        22.88675308227539,
        21.988868713378906,
        22.141695022583008,
        24.291038513183594,
        20.50614356994629,
        21.12412452697754,
        23.306608200073242,
        23.46944808959961,
        20.684480667114258,
        19.846677780151367,
        18.917560577392578,
        17.56453514099121,
        19.121408462524414,
        22.33290672302246,
        29.610395431518555
    ],
    "wrong_email_times_account2": [
        14.751911163330078,
        14.482736587524414,
        13.89765739440918,
        13.997077941894531,
        11.675119400024414,
        14.35708999633789,
        14.929533004760742,
        12.003660202026367,
        10.729789733886719,
        14.563798904418945,
        13.201475143432617,
        14.931678771972656,
        14.22429084777832,
        13.99540901184082,
        14.052867889404297,
        13.786077499389648,
        14.315128326416016,
        13.642549514770508,
        14.800548553466797,
        14.814376831054688,
        13.87643814086914,
        14.306068420410156,
        11.602401733398438,
        12.647628784179688,
        15.055656433105469,
        11.107206344604492,
        13.716936111450195,
        14.464855194091797,
        13.555765151977539,
        11.132955551147461,
        14.057159423828125,
        14.156818389892578,
        11.587142944335938,
        14.57357406616211,
        11.746406555175781,
        13.957738876342773,
        12.467622756958008,
        13.196706771850586,
        12.224912643432617,
        14.01209831237793,
        14.301538467407227,
        14.41645622253418,
        11.497020721435547,
        15.131473541259766,
        14.844894409179688,
        11.397838592529297,
        15.104055404663086,
        13.119935989379883,
        14.159679412841797,
        11.71565055847168
    ],
    "wrong_pw_times_account2": [
        24.446964263916016,
        21.61240577697754,
        21.859407424926758,
        20.326852798461914,
        19.63949203491211,
        18.728971481323242,
        21.35014533996582,
        21.20494842529297,
        21.742820739746094,
        18.44477653503418,
        20.610809326171875,
        20.455360412597656,
        22.23658561706543,
        22.381305694580078,
        19.60468292236328,
        19.518375396728516,
        19.334793090820312,
        21.494626998901367,
        21.98624610900879,
        23.48160743713379,
        22.28093147277832,
        22.563457489013672,
        21.826744079589844,
        21.380186080932617,
        21.490097045898438,
        22.406339645385742,
        20.308256149291992,
        21.198749542236328,
        18.625497817993164,
        21.89159393310547,
        19.55437660217285,
        21.868467330932617,
        21.530866622924805,
        21.431446075439453,
        22.3238468170166,
        21.134376525878906,
        21.6367244720459,
        18.5089111328125,
        19.08731460571289,
        21.64459228515625,
        20.795583724975586,
        21.413326263427734,
        21.178007125854492,
        21.00229263305664,
        19.025564193725586,
        21.236896514892578,
        21.691322326660156,
        21.76642417907715,
        21.551847457885742,
        24.037837982177734
    ]
}