{
    "wrong_email_times_account1": [
        23.433208465576172,
        12.76850700378418,
        17.928361892700195,
        10.871410369873047,
        12.857198715209961,
        15.179872512817383,
        15.155792236328125,
        14.702320098876953,
        16.406774520874023,
        11.582136154174805,
        17.418622970581055,
        15.381813049316406,
        14.569520950317383,
        17.147302627563477,
        15.038728713989258,
        17.176151275634766,
        12.321949005126953,
        17.573118209838867,
        16.607999801635742,
        15.101432800292969,
        17.223119735717773,
        18.04804801940918,
        14.350175857543945,
        17.3337459564209,
        13.910293579101562,
        15.13671875,
        12.027263641357422,
        16.30711555480957,
        17.336130142211914,
        13.345956802368164,
        17.157316207885742,
        18.213748931884766,
        15.543460845947266,
        11.148452758789062,
        14.985799789428711,
        15.938043594360352,
        14.820575714111328,
        16.82424545288086,
        13.715982437133789,
        12.859344482421875,
        14.531373977661133,
        13.124227523803711,
        12.783527374267578,
        18.69940757751465,
        13.78631591796875,
        14.545202255249023,
        13.081073760986328,
        14.603137969970703,
        14.931440353393555,
        16.890525817871094
    ],
    "wrong_pw_times_account1": [
        32.37509727478027,
        20.923852920532227,
        19.75393295288086,
        18.482446670532227,
        18.167972564697266,
        18.39303970336914,
        23.1173038482666,
        18.05400848388672,
        24.875402450561523,
        20.755529403686523,
        21.656036376953125,
        19.488096237182617,
        22.5527286529541,
        20.586013793945312,
        18.930673599243164,
        21.858930587768555,
        23.076772689819336,
        23.19645881652832,
        21.433353424072266,
        22.091150283813477,
        28.944969177246094,
        19.171714782714844,
        22.911787033081055,
        22.754907608032227,
        23.87523651123047,
        21.93450927734375,
        23.10800552368164,
        22.352933883666992,
        19.34027671813965,
        20.92123031616211,
        18.612146377563477,
        21.836280822753906,
        19.38176155090332,
        18.25857162475586,
        20.266294479370117,
        24.150371551513672,
        22.19533920288086,
        21.419286727905273,
        19.817829132080078,
        18.880128860473633,
        22.099733352661133,
        23.186206817626953,
        22.15433120727539,
        19.375324249267578,
        18.918752670288086,
        19.58775520324707,
        22.26710319519043,
        23.35381507873535,
        19.817829132080078,
        18.763303756713867
    ],
    "wrong_email_times_account2": [
        12.911558151245117,
        16.599178314208984,
        12.3138427734375,
        14.923810958862305,
        11.546850204467773,
        14.456987380981445,
        14.885902404785156,
        14.493227005004883,
        13.871431350708008,
        12.206554412841797,
        12.855052947998047,
        12.079000473022461,
        13.792753219604492,
        14.394998550415039,
        14.729499816894531,
        11.738061904907227,
        14.287233352661133,
        14.755010604858398,
        11.936187744140625,
        10.964632034301758,
        15.03610610961914,
        13.27204704284668,
        13.770103454589844,
        14.128446578979492,
        11.959075927734375,
        11.704444885253906,
        13.300895690917969,
        14.583349227905273,
        14.668703079223633,
        15.00082015991211,
        13.421773910522461,
        14.21976089477539,
        15.08951187133789,
        13.946533203125,
        13.410806655883789,
        14.168977737426758,
        14.969825744628906,
        12.267589569091797,
        13.16976547241211,
        14.261007308959961,
        15.345335006713867,
        11.90948486328125,
        11.484622955322266,
        13.576030731201172,
        13.688802719116211,
        14.019966125488281,
        13.156652450561523,
        11.526823043823242,
        11.950492858886719,
        13.239145278930664
    ],
    "wrong_pw_times_account2": [
        23.59151840209961,
        21.514415740966797,
        20.79629898071289,
        21.346330642700195,
        21.10123634338379,
        22.997379302978516,
        24.261951446533203,
        22.312641143798828,
        20.74265480041504,
        21.558761596679688,
        23.488998413085938,
        20.75791358947754,
        19.154071807861328,
        18.858909606933594,
        21.37303352355957,
        21.566390991210938,
        21.89159393310547,
        18.430709838867188,
        22.330284118652344,
        21.972179412841797,
        19.7141170501709,
        18.10741424560547,
        22.702693939208984,
        19.67763900756836,
        21.069765090942383,
        19.70362663269043,
        21.575927734375,
        21.31056785583496,
        20.619630813598633,
        21.828413009643555,
        21.285533905029297,
        20.7674503326416,
        22.14503288269043,
        20.99466323852539,
        22.752046585083008,
        21.591663360595703,
        21.99721336364746,
        21.832942962646484,
        22.881031036376953,
        19.825458526611328,
        21.90709114074707,
        23.904085159301758,
        18.465280532836914,
        18.805980682373047,
        18.50748062133789,
        21.73757553100586,
        20.636558532714844,
        22.657394409179688,
        23.024797439575195,
        19.827842712402344
    ]
}