{
    "wrong_email_times_account1": [
        20.473241806030273,
        17.975330352783203,
        13.875722885131836,
        16.206026077270508,
        12.109041213989258,
        13.380289077758789,
        14.002561569213867,
        12.517690658569336,
        15.620708465576172,
        13.086318969726562,
        18.612146377563477,
        18.490076065063477,
        13.593673706054688,
        11.734247207641602,
        13.422250747680664,
        14.83607292175293,
        13.304471969604492,
        16.20960235595703,
        15.168428421020508,
        17.882108688354492,
        15.28024673461914,
        16.817808151245117,
        15.501022338867188,
        16.030550003051758,
        17.305612564086914,
        15.332698822021484,
        14.776945114135742,
        13.277769088745117,
        15.720367431640625,
        14.457464218139648,
        11.842012405395508,
        17.19498634338379,
        15.535831451416016,
        14.417409896850586,
        15.562057495117188,
        15.780448913574219,
        12.704133987426758,
        15.452146530151367,
        13.477087020874023,
        12.780904769897461,
        16.31331443786621,
        16.512393951416016,
        13.914823532104492,
        15.098094940185547,
        14.044761657714844,
        15.953540802001953,
        16.49332046508789,
        12.62211799621582,
        18.475770950317383,
        15.876531600952148
    ],
    "wrong_pw_times_account1": [
        28.928041458129883,
        21.45242691040039,
        24.100065231323242,
        19.982099533081055,
        19.212961196899414,
        18.34392547607422,
        19.291400909423828,
        23.4529972076416,
        18.676280975341797,
        24.328231811523438,
        20.35355567932129,
        20.350217819213867,
        21.107912063598633,
        20.671606063842773,
        20.833969116210938,
        20.4927921295166,
        22.12667465209961,
        20.6296443939209,
        20.513296127319336,
        18.303632736206055,
        22.90034294128418,
        21.258115768432617,
        18.88418197631836,
        21.3472843170166,
        20.448923110961914,
        21.007299423217773,
        21.052837371826172,
        22.447586059570312,
        22.3846435546875,
        25.882720947265625,
        22.255897521972656,
        19.315481185913086,
        20.429372787475586,
        18.506765365600586,
        20.919084548950195,
        22.621631622314453,
        22.552490234375,
        19.821882247924805,
        23.177623748779297,
        19.22297477722168,
        24.897098541259766,
        21.10433578491211,
        19.44565773010254,
        18.285036087036133,
        18.782854080200195,
        19.96016502380371,
        22.156715393066406,
        20.050048828125,
        19.41704750061035,
        21.61431312561035
    ],
    "wrong_email_times_account2": [
        14.632940292358398,
        15.005826950073242,
        19.08564567565918,
        12.678146362304688,
        13.818979263305664,
        14.418601989746094,
        13.631343841552734,
        12.444734573364258,
        12.232065200805664,
        13.769865036010742,
        12.013912200927734,
        15.345335006713867,
        14.836549758911133,
        11.664390563964844,
        14.421701431274414,
        13.396501541137695,
        12.642621994018555,
        11.707544326782227,
        15.152215957641602,
        14.524698257446289,
        14.04571533203125,
        14.139890670776367,
        12.637615203857422,
        11.424779891967773,
        14.019250869750977,
        12.026309967041016,
        12.319087982177734,
        12.659072875976562,
        14.237403869628906,
        11.665821075439453,
        15.398502349853516,
        13.994693756103516,
        11.774063110351562,
        13.601541519165039,
        14.579296112060547,
        13.319969177246094,
        12.887239456176758,
        12.519121170043945,
        14.164209365844727,
        14.896869659423828,
        13.686656951904297,
        12.080907821655273,
        12.94708251953125,
        15.557527542114258,
        13.73147964477539,
        13.873815536499023,
        12.439250946044922,
        15.063047409057617,
        13.953208923339844,
        12.447834014892578
    ],
    "wrong_pw_times_account2": [
        20.05600929260254,
        21.645069122314453,
        23.09417724609375,
        21.387338638305664,
        21.8050479888916,
        22.343158721923828,
        19.405603408813477,
        20.25628089904785,
        20.807743072509766,
        22.028684616088867,
        20.00737190246582,
        20.078182220458984,
        21.167278289794922,
        22.7048397064209,
        20.30658721923828,
        23.806095123291016,
        21.75736427307129,
        19.082307815551758,
        21.531343460083008,
        18.070459365844727,
        20.61152458190918,
        18.628358840942383,
        18.315553665161133,
        20.071744918823242,
        21.081209182739258,
        22.28689193725586,
        18.17941665649414,
        19.152164459228516,
        21.49200439453125,
        21.727561950683594,
        21.131277084350586,
        22.54462242126465,
        22.13597297668457,
        21.48747444152832,
        17.829418182373047,
        22.20630645751953,
        22.191762924194336,
        20.844221115112305,
        27.76789665222168,
        22.03512191772461,
        19.492387771606445,
        22.400379180908203,
        22.08876609802246,
        22.081375122070312,
        21.831989288330078,
        21.681547164916992,
        18.279075622558594,
        22.131919860839844,
        20.626068115234375,
        21.054744720458984
    ]
}