{
    "wrong_email_times_account1": [
        22.972822189331055,
        17.254352569580078,
        13.737916946411133,
        15.777826309204102,
        14.184713363647461,
        13.461828231811523,
        14.134645462036133,
        13.557195663452148,
        14.82248306274414,
        14.785528182983398,
        16.364336013793945,
        14.465808868408203,
        15.599250793457031,
        14.166116714477539,
        12.78233528137207,
        15.73634147644043,
        14.548540115356445,
        14.142036437988281,
        11.539697647094727,
        18.55182647705078,
        13.515233993530273,
        15.298843383789062,
        14.474868774414062,
        14.292240142822266,
        16.6015625,
        15.419244766235352,
        16.16501808166504,
        14.39046859741211,
        11.626958847045898,
        16.004085540771484,
        14.474868774414062,
        16.870498657226562,
        11.619806289672852,
        11.846303939819336,
        16.12067222595215,
        12.357950210571289,
        16.2656307220459,
        15.740394592285156,
        14.384746551513672,
        16.942262649536133,
        12.793540954589844,
        15.134334564208984,
        13.161659240722656,
        15.160083770751953,
        11.056661605834961,
        13.351678848266602,
        11.815309524536133,
        13.322830200195312,
        13.552188873291016,
        14.899492263793945
    ],
    "wrong_pw_times_account1": [
        29.366731643676758,
        22.071123123168945,
        25.765657424926758,
        19.763469696044922,
        18.467187881469727,
        20.905017852783203,
        19.190073013305664,
        18.302440643310547,
        23.682355880737305,
        24.100780487060547,
        18.6617374420166,
        19.495010375976562,
        17.920494079589844,
        19.096851348876953,
        22.011995315551758,
        20.584583282470703,
        21.39735221862793,
        22.343158721923828,
        19.825458526611328,
        20.516633987426758,
        22.284984588623047,
        21.81529998779297,
        24.369239807128906,
        20.945310592651367,
        23.533105850219727,
        19.75250244140625,
        21.715164184570312,
        21.519184112548828,
        18.991470336914062,
        21.925687789916992,
        23.047208786010742,
        22.729158401489258,
        19.262075424194336,
        20.455598831176758,
        27.160167694091797,
        23.21314811706543,
        18.95737648010254,
        18.791913986206055,
        21.625995635986328,
        19.806861877441406,
        22.482872009277344,
        23.938417434692383,
        19.887208938598633,
        22.083520889282227,
        22.88365364074707,
        19.243240356445312,
        22.66240119934082,
        21.383285522460938,
        23.22530746459961,
        21.317720413208008
    ],
    "wrong_email_times_account2": [
        14.974832534790039,
        13.451814651489258,
        14.67752456665039,
        12.593746185302734,
        14.989852905273438,
        15.004873275756836,
        11.80410385131836,
        15.558004379272461,
        15.069723129272461,
        12.773990631103516,
        14.02139663696289,
        15.078544616699219,
        11.957406997680664,
        14.984846115112305,
        13.601303100585938,
        12.826204299926758,
        14.001846313476562,
        12.790441513061523,
        14.050722122192383,
        13.257980346679688,
        14.015436172485352,
        13.010501861572266,
        13.447284698486328,
        11.85917854309082,
        11.427640914916992,
        15.53654670715332,
        14.800548553466797,
        14.589548110961914,
        12.77017593383789,
        12.354373931884766,
        11.49606704711914,
        15.776634216308594,
        14.283418655395508,
        12.305736541748047,
        11.78288459777832,
        14.828205108642578,
        15.771150588989258,
        12.683868408203125,
        14.669656753540039,
        16.666650772094727,
        14.21976089477539,
        14.087677001953125,
        14.560461044311523,
        14.900922775268555,
        14.534473419189453,
        13.228654861450195,
        15.358924865722656,
        14.679908752441406,
        12.801885604858398,
        13.19575309753418
    ],
    "wrong_pw_times_account2": [
        21.350860595703125,
        21.467208862304688,
        19.496917724609375,
        22.540807723999023,
        19.101619720458984,
        19.43349838256836,
        20.697355270385742,
        21.60477638244629,
        18.784046173095703,
        21.502017974853516,
        19.927024841308594,
        21.144628524780273,
        24.1546630859375,
        18.27239990234375,
        21.697521209716797,
        20.795583724975586,
        21.554231643676758,
        22.018909454345703,
        22.182226181030273,
        19.837141036987305,
        21.079540252685547,
        19.077062606811523,
        22.258996963500977,
        22.193431854248047,
        20.555734634399414,
        17.99750328063965,
        20.482778549194336,
        22.48835563659668,
        20.416736602783203,
        22.41230010986328,
        22.79949188232422,
        19.186973571777344,
        22.571325302124023,
        20.391225814819336,
        22.511720657348633,
        21.704435348510742,
        21.250247955322266,
        21.73638343811035,
        18.140554428100586,
        18.668174743652344,
        21.720409393310547,
        21.093368530273438,
        21.944522857666016,
        22.74918556213379,
        22.25780487060547,
        22.60899543762207,
        21.298646926879883,
        19.798755645751953,
        20.484447479248047,
        21.82912826538086
    ]
}