{
    "wrong_email_times_account1": [
        25.72011947631836,
        15.87367057800293,
        14.180898666381836,
        15.531539916992188,
        13.666152954101562,
        12.001752853393555,
        16.783475875854492,
        14.018058776855469,
        12.958049774169922,
        14.049768447875977,
        13.39268684387207,
        14.908313751220703,
        16.083717346191406,
        12.347698211669922,
        14.835119247436523,
        14.378547668457031,
        14.304876327514648,
        13.954639434814453,
        15.752553939819336,
        15.903234481811523,
        18.341541290283203,
        15.841960906982422,
        14.27912712097168,
        17.820358276367188,
        17.690420150756836,
        16.08109474182129,
        11.308431625366211,
        17.58098602294922,
        17.608642578125,
        13.181924819946289,
        14.83154296875,
        17.625808715820312,
        20.316362380981445,
        14.075994491577148,
        18.36681365966797,
        13.165473937988281,
        17.46392250061035,
        16.71457290649414,
        13.089656829833984,
        16.379117965698242,
        17.28224754333496,
        14.662504196166992,
        14.310359954833984,
        15.65098762512207,
        17.449140548706055,
        15.366554260253906,
        17.287015914916992,
        16.64590835571289,
        12.88747787475586,
        13.458490371704102
    ],
    "wrong_pw_times_account1": [
        31.059741973876953,
        21.63100242614746,
        22.675514221191406,
        21.367311477661133,
        23.186922073364258,
        18.355846405029297,
        19.79684829711914,
        26.214122772216797,
        18.126726150512695,
        17.255544662475586,
        19.161462783813477,
        20.017385482788086,
        23.98228645324707,
        20.636796951293945,
        19.22774314880371,
        19.2563533782959,
        20.353317260742188,
        20.593881607055664,
        20.491838455200195,
        21.825075149536133,
        20.623445510864258,
        22.484540939331055,
        21.984100341796875,
        21.56519889831543,
        22.40753173828125,
        20.142555236816406,
        22.655725479125977,
        20.943641662597656,
        19.459962844848633,
        20.107507705688477,
        18.520116806030273,
        24.646282196044922,
        17.697572708129883,
        21.270751953125,
        19.7601318359375,
        22.086143493652344,
        19.49453353881836,
        20.701885223388672,
        21.008729934692383,
        19.240617752075195,
        20.691394805908203,
        19.586563110351562,
        19.00625228881836,
        20.82347869873047,
        20.985841751098633,
        20.16735076904297,
        24.463653564453125,
        18.880367279052734,
        21.80314064025879,
        22.237300872802734
    ],
    "wrong_email_times_account2": [
        14.570474624633789,
        13.40484619140625,
        14.278888702392578,
        11.931896209716797,
        16.210556030273438,
        14.165163040161133,
        11.133909225463867,
        11.379718780517578,
        12.831926345825195,
        13.671398162841797,
        14.4500732421875,
        14.17088508605957,
        11.746406555175781,
        13.824224472045898,
        14.551877975463867,
        15.391349792480469,
        11.996030807495117,
        14.110803604125977,
        11.646032333374023,
        14.873266220092773,
        13.104677200317383,
        13.659477233886719,
        14.369726181030273,
        11.233091354370117,
        14.862537384033203,
        13.505935668945312,
        14.901161193847656,
        13.140201568603516,
        14.647245407104492,
        11.687994003295898,
        14.237403869628906,
        14.350175857543945,
        15.686750411987305,
        14.719247817993164,
        13.743400573730469,
        14.473199844360352,
        11.184215545654297,
        13.309001922607422,
        11.584758758544922,
        11.70802116394043,
        14.160394668579102,
        11.480093002319336,
        13.693094253540039,
        16.466140747070312,
        11.57522201538086,
        12.008428573608398,
        13.150453567504883,
        14.998674392700195,
        13.481855392456055,
        14.042377471923828
    ],
    "wrong_pw_times_account2": [
        20.59006690979004,
        22.304296493530273,
        24.1701602935791,
        20.539522171020508,
        22.98283576965332,
        17.87710189819336,
        20.354032516479492,
        22.334814071655273,
        19.59061622619629,
        21.675586700439453,
        22.46236801147461,
        22.03083038330078,
        18.781185150146484,
        21.500349044799805,
        21.433115005493164,
        21.773099899291992,
        21.348237991333008,
        24.550199508666992,
        19.17552947998047,
        19.075870513916016,
        20.949363708496094,
        19.730567932128906,
        20.895957946777344,
        19.44708824157715,
        21.291255950927734,
        19.614458084106445,
        20.984172821044922,
        18.572092056274414,
        18.19777488708496,
        17.86184310913086,
        18.742084503173828,
        18.857240676879883,
        21.498680114746094,
        18.13673973083496,
        20.938873291015625,
        21.970748901367188,
        18.894195556640625,
        22.197961807250977,
        21.38996124267578,
        24.373531341552734,
        20.282268524169922,
        21.373987197875977,
        19.31619644165039,
        19.472837448120117,
        18.625497817993164,
        18.54252815246582,
        18.635034561157227,
        18.075227737426758,
        20.72620391845703,
        21.30270004272461
    ]
}