{
    "wrong_email_times_account1": [
        27.080059051513672,
        15.056848526000977,
        12.705564498901367,
        14.226675033569336,
        15.783548355102539,
        15.269756317138672,
        14.354228973388672,
        15.849113464355469,
        16.45183563232422,
        15.138387680053711,
        11.162042617797852,
        12.117147445678711,
        16.033649444580078,
        13.704776763916016,
        13.729333877563477,
        15.038728713989258,
        15.667200088500977,
        15.741825103759766,
        12.82191276550293,
        13.822555541992188,
        17.86041259765625,
        14.847040176391602,
        17.455101013183594,
        14.043092727661133,
        14.86659049987793,
        12.325763702392578,
        16.776561737060547,
        17.179489135742188,
        13.98611068725586,
        14.080524444580078,
        11.567354202270508,
        14.916419982910156,
        16.09182357788086,
        15.632867813110352,
        17.107009887695312,
        13.930559158325195,
        14.578580856323242,
        17.148494720458984,
        14.525651931762695,
        15.476465225219727,
        15.522480010986328,
        12.006998062133789,
        14.247417449951172,
        18.039703369140625,
        13.409614562988281,
        18.16248893737793,
        15.633106231689453,
        16.324281692504883,
        14.830350875854492,
        12.595415115356445
    ],
    "wrong_pw_times_account1": [
        34.450531005859375,
        21.25072479248047,
        23.41008186340332,
        24.833202362060547,
        19.34647560119629,
        19.071102142333984,
        22.205352783203125,
        19.43206787109375,
        20.441293716430664,
        18.259525299072266,
        20.25771141052246,
        20.69568634033203,
        18.874406814575195,
        20.687341690063477,
        18.366098403930664,
        22.264719009399414,
        18.31364631652832,
        22.313356399536133,
        21.092891693115234,
        18.508434295654297,
        18.37754249572754,
        26.854515075683594,
        21.917343139648438,
        18.362045288085938,
        23.357629776000977,
        22.876977920532227,
        20.063161849975586,
        22.726774215698242,
        19.702672958374023,
        22.156953811645508,
        20.732879638671875,
        21.7587947845459,
        22.92633056640625,
        20.07603645324707,
        20.978689193725586,
        21.438121795654297,
        22.492170333862305,
        22.166728973388672,
        18.17941665649414,
        26.96084976196289,
        19.336462020874023,
        18.073320388793945,
        21.15488052368164,
        22.505521774291992,
        22.680997848510742,
        23.2088565826416,
        22.761106491088867,
        22.331953048706055,
        19.27638053894043,
        21.905183792114258
    ],
    "wrong_email_times_account2": [
        15.95449447631836,
        17.055034637451172,
        15.210390090942383,
        15.12598991394043,
        14.672994613647461,
        15.142679214477539,
        14.842987060546875,
        12.928962707519531,
        15.974044799804688,
        13.228654861450195,
        12.200355529785156,
        11.817216873168945,
        14.278411865234375,
        18.790245056152344,
        14.704704284667969,
        14.676094055175781,
        14.572858810424805,
        14.468669891357422,
        14.398336410522461,
        16.396760940551758,
        13.210535049438477,
        14.563798904418945,
        14.160394668579102,
        12.226104736328125,
        14.450788497924805,
        13.263225555419922,
        14.813899993896484,
        14.662504196166992,
        14.576196670532227,
        13.288736343383789,
        14.745235443115234,
        14.036893844604492,
        15.16413688659668,
        15.13528823852539,
        11.91401481628418,
        11.355161666870117,
        13.91744613647461,
        14.493465423583984,
        14.65463638305664,
        15.247583389282227,
        14.451026916503906,
        15.470027923583984,
        14.115571975708008,
        16.23988151550293,
        14.48512077331543,
        14.29295539855957,
        14.395713806152344,
        14.110326766967773,
        12.289762496948242,
        12.51530647277832
    ],
    "wrong_pw_times_account2": [
        19.256591796875,
        21.011829376220703,
        22.290945053100586,
        19.187450408935547,
        20.096540451049805,
        21.856307983398438,
        21.03590965270996,
        20.941972732543945,
        19.335508346557617,
        19.047260284423828,
        22.41683006286621,
        21.687030792236328,
        20.7822322845459,
        21.437644958496094,
        20.41006088256836,
        20.27606964111328,
        21.490097045898438,
        18.129587173461914,
        21.89183235168457,
        21.522045135498047,
        21.731138229370117,
        23.786067962646484,
        21.89159393310547,
        18.85390281677246,
        21.986722946166992,
        20.832538604736328,
        21.41427993774414,
        22.151470184326172,
        21.32248878479004,
        20.47562599182129,
        22.605180740356445,
        21.6522216796875,
        21.59428596496582,
        20.037174224853516,
        21.9419002532959,
        21.70848846435547,
        23.592233657836914,
        19.731760025024414,
        20.304441452026367,
        22.742033004760742,
        20.604610443115234,
        19.735097885131836,
        18.39160919189453,
        22.17698097229004,
        21.41571044921875,
        19.962072372436523,
        24.315595626831055,
        19.03557777404785,
        21.925926208496094,
        17.69089698791504
    ]
}