{
    "wrong_email_times_account1": [
        27.25696563720703,
        16.215085983276367,
        12.438774108886719,
        17.0133113861084,
        16.312122344970703,
        14.766931533813477,
        13.981103897094727,
        13.164997100830078,
        13.690471649169922,
        12.927532196044922,
        14.161825180053711,
        15.918731689453125,
        14.540672302246094,
        15.646934509277344,
        12.630701065063477,
        15.819549560546875,
        14.960527420043945,
        15.894412994384766,
        44.12698745727539,
        12.648582458496094,
        17.28653907775879,
        17.574310302734375,
        24.660587310791016,
        11.906623840332031,
        15.027046203613281,
        16.039371490478516,
        16.106367111206055,
        12.287616729736328,
        14.347314834594727,
        16.061782836914062,
        16.708850860595703,
        15.622615814208984,
        14.817953109741211,
        30.150651931762695,
        17.575502395629883,
        14.92452621459961,
        16.94464683532715,
        16.264915466308594,
        11.863231658935547,
        14.538288116455078,
        16.913652420043945,
        15.108823776245117,
        13.977289199829102,
        13.493537902832031,
        20.913124084472656,
        12.200117111206055,
        12.97450065612793,
        14.119148254394531,
        14.42575454711914,
        17.101764678955078
    ],
    "wrong_pw_times_account1": [
        38.21110725402832,
        22.71890640258789,
        20.117521286010742,
        23.885250091552734,
        22.79353141784668,
        25.867938995361328,
        25.226354598999023,
        21.78668975830078,
        20.80821990966797,
        24.571657180786133,
        27.382850646972656,
        17.077922821044922,
        19.370079040527344,
        19.613265991210938,
        18.870830535888672,
        23.648977279663086,
        27.817726135253906,
        23.072481155395508,
        19.27351951599121,
        20.078420639038086,
        22.525310516357422,
        22.601842880249023,
        22.44281768798828,
        49.20506477355957,
        23.05006980895996,
        20.613908767700195,
        22.12357521057129,
        23.2241153717041,
        19.084692001342773,
        24.784564971923828,
        19.080162048339844,
        19.83475685119629,
        18.258094787597656,
        18.06044578552246,
        26.461124420166016,
        19.85478401184082,
        22.833824157714844,
        26.18694305419922,
        31.159162521362305,
        24.765729904174805,
        22.026538848876953,
        18.01609992980957,
        22.209644317626953,
        21.22044563293457,
        19.863605499267578,
        30.788898468017578,
        20.609378814697266,
        19.432783126831055,
        30.838489532470703,
        23.30636978149414
    ],
    "wrong_email_times_account2": [
        11.990070343017578,
        14.845848083496094,
        15.848398208618164,
        12.96234130859375,
        12.964963912963867,
        12.678146362304688,
        14.402389526367188,
        14.004945755004883,
        15.17343521118164,
        12.18414306640625,
        14.420032501220703,
        13.123750686645508,
        13.458967208862305,
        13.113737106323242,
        14.616250991821289,
        13.848304748535156,
        17.412424087524414,
        17.81916618347168,
        16.294479370117188,
        14.063358306884766,
        14.441967010498047,
        18.167972564697266,
        12.534379959106445,
        17.830610275268555,
        13.626337051391602,
        12.757062911987305,
        13.433456420898438,
        15.110254287719727,
        19.562959671020508,
        12.47262954711914,
        14.01972770690918,
        16.342878341674805,
        13.540506362915039,
        17.673492431640625,
        12.103796005249023,
        23.30780029296875,
        13.564109802246094,
        19.74010467529297,
        12.88747787475586,
        15.197515487670898,
        17.685413360595703,
        12.511968612670898,
        17.383813858032227,
        12.877225875854492,
        22.831201553344727,
        12.957572937011719,
        12.935876846313477,
        16.340017318725586,
        12.383222579956055,
        15.53201675415039
    ],
    "wrong_pw_times_account2": [
        24.311065673828125,
        21.674394607543945,
        22.034883499145508,
        24.852514266967773,
        18.24641227722168,
        24.019241333007812,
        19.170761108398438,
        24.430036544799805,
        23.55504035949707,
        28.519392013549805,
        23.947954177856445,
        28.52606773376465,
        26.744365692138672,
        29.683589935302734,
        27.04000473022461,
        20.697355270385742,
        19.01412010192871,
        18.07570457458496,
        26.01313591003418,
        24.76644515991211,
        17.975807189941406,
        34.561872482299805,
        23.340463638305664,
        27.6944637298584,
        40.31801223754883,
        21.337270736694336,
        26.067018508911133,
        29.08015251159668,
        21.5303897857666,
        28.87248992919922,
        26.444435119628906,
        36.490440368652344,
        23.987770080566406,
        19.551753997802734,
        19.353151321411133,
        21.75140380859375,
        23.360490798950195,
        22.448062896728516,
        33.113956451416016,
        23.98991584777832,
        24.17755126953125,
        19.301414489746094,
        21.614551544189453,
        28.30362319946289,
        25.539398193359375,
        18.546342849731445,
        26.05152130126953,
        21.12293243408203,
        21.04806900024414,
        21.302461624145508
    ]
}