{
    "wrong_email_times_account1": [
        30.968666076660156,
        13.615846633911133,
        14.16325569152832,
        15.42210578918457,
        14.674186706542969,
        16.933202743530273,
        15.46788215637207,
        13.084888458251953,
        11.647462844848633,
        12.745857238769531,
        15.333175659179688,
        14.212846755981445,
        13.096332550048828,
        16.812562942504883,
        11.671066284179688,
        14.168262481689453,
        13.675689697265625,
        13.27967643737793,
        17.200708389282227,
        11.332511901855469,
        15.745878219604492,
        18.702268600463867,
        17.999887466430664,
        16.77417755126953,
        11.724710464477539,
        17.293453216552734,
        15.153884887695312,
        13.345718383789062,
        14.906644821166992,
        15.696287155151367,
        19.088029861450195,
        13.678550720214844,
        13.525009155273438,
        13.11802864074707,
        14.842033386230469,
        13.472557067871094,
        13.350486755371094,
        17.529726028442383,
        13.951301574707031,
        17.182350158691406,
        16.7694091796875,
        12.521743774414062,
        16.224384307861328,
        15.265941619873047,
        14.707565307617188,
        11.742115020751953,
        15.068769454956055,
        16.137361526489258,
        18.105506896972656,
        15.28024673461914
    ],
    "wrong_pw_times_account1": [
        51.03135108947754,
        20.32470703125,
        22.304058074951172,
        21.460294723510742,
        18.98360252380371,
        25.666236877441406,
        20.74575424194336,
        18.506526947021484,
        21.166324615478516,
        23.73504638671875,
        31.128883361816406,
        24.35779571533203,
        20.055294036865234,
        17.55523681640625,
        22.21512794494629,
        23.76866340637207,
        20.82967758178711,
        22.9952335357666,
        20.72739601135254,
        21.511316299438477,
        25.35843849182129,
        27.96149253845215,
        36.43512725830078,
        24.224519729614258,
        31.98862075805664,
        24.768829345703125,
        21.35920524597168,
        32.44137763977051,
        22.81641960144043,
        21.959781646728516,
        30.90953826904297,
        25.19989013671875,
        19.257068634033203,
        26.0770320892334,
        26.659727096557617,
        19.449234008789062,
        25.279998779296875,
        23.700475692749023,
        25.870084762573242,
        22.08089828491211,
        19.51432228088379,
        23.01812171936035,
        24.85036849975586,
        24.614334106445312,
        33.58745574951172,
        25.48670768737793,
        18.996477127075195,
        26.05891227722168,
        26.464462280273438,
        25.029659271240234
    ],
    "wrong_email_times_account2": [
        14.88351821899414,
        20.797014236450195,
        15.222787857055664,
        11.269569396972656,
        13.165712356567383,
        13.574600219726562,
        12.888908386230469,
        16.836166381835938,
        13.11039924621582,
        13.207435607910156,
        12.897014617919922,
        14.829635620117188,
        16.443729400634766,
        11.33871078491211,
        12.675285339355469,
        15.478849411010742,
        20.489215850830078,
        13.100385665893555,
        12.702226638793945,
        16.289472579956055,
        15.37179946899414,
        13.293981552124023,
        21.100521087646484,
        12.257099151611328,
        14.246940612792969,
        11.770248413085938,
        11.534929275512695,
        18.430233001708984,
        11.507749557495117,
        17.09437370300293,
        12.645721435546875,
        15.787601470947266,
        12.191534042358398,
        16.832828521728516,
        14.745235443115234,
        16.299962997436523,
        16.730785369873047,
        15.758275985717773,
        15.161752700805664,
        18.405437469482422,
        14.067888259887695,
        12.256383895874023,
        16.598224639892578,
        14.091968536376953,
        13.915300369262695,
        15.319108963012695,
        13.172626495361328,
        13.571977615356445,
        13.582468032836914,
        12.10641860961914
    ],
    "wrong_pw_times_account2": [
        27.87947654724121,
        20.88785171508789,
        22.068500518798828,
        27.051687240600586,
        22.4149227142334,
        20.82037925720215,
        21.948575973510742,
        19.27638053894043,
        21.027326583862305,
        25.381803512573242,
        20.714998245239258,
        20.71237564086914,
        24.590015411376953,
        24.335861206054688,
        18.975257873535156,
        26.140213012695312,
        27.518272399902344,
        19.748210906982422,
        24.501800537109375,
        21.507978439331055,
        30.70998191833496,
        26.244163513183594,
        45.3946590423584,
        25.455474853515625,
        34.66987609863281,
        19.166946411132812,
        21.952152252197266,
        23.44036102294922,
        21.933794021606445,
        23.843050003051758,
        20.750761032104492,
        30.044078826904297,
        22.919893264770508,
        19.173860549926758,
        20.19500732421875,
        27.3892879486084,
        25.276660919189453,
        25.983333587646484,
        32.26041793823242,
        18.87035369873047,
        21.422386169433594,
        18.24808120727539,
        20.45154571533203,
        20.823955535888672,
        29.848575592041016,
        20.163297653198242,
        19.209861755371094,
        25.6044864654541,
        24.236440658569336,
        19.800901412963867
    ]
}