{
    "wrong_email_times_account1": [
        21.81720733642578,
        17.644882202148438,
        12.886762619018555,
        19.52505111694336,
        17.169952392578125,
        16.712665557861328,
        14.244318008422852,
        17.789125442504883,
        12.867927551269531,
        12.453079223632812,
        12.145280838012695,
        15.419244766235352,
        13.059854507446289,
        16.308069229125977,
        15.465497970581055,
        14.029264450073242,
        12.11857795715332,
        15.10477066040039,
        13.874053955078125,
        44.11506652832031,
        14.48822021484375,
        14.342784881591797,
        12.085914611816406,
        13.336658477783203,
        12.810468673706055,
        15.071868896484375,
        15.540361404418945,
        14.83297348022461,
        15.334367752075195,
        12.721538543701172,
        13.096809387207031,
        11.725187301635742,
        16.440391540527344,
        43.44582557678223,
        12.985706329345703,
        21.195650100708008,
        26.05271339416504,
        18.998146057128906,
        12.402534484863281,
        27.89759635925293,
        10.669469833374023,
        15.281915664672852,
        13.38505744934082,
        12.31837272644043,
        19.522905349731445,
        14.263391494750977,
        14.602899551391602,
        12.185811996459961,
        13.082265853881836,
        11.779546737670898
    ],
    "wrong_pw_times_account1": [
        36.222219467163086,
        24.572372436523438,
        21.915674209594727,
        30.260801315307617,
        22.444486618041992,
        20.900249481201172,
        23.505210876464844,
        21.944284439086914,
        18.866539001464844,
        21.633386611938477,
        29.64496612548828,
        23.994922637939453,
        27.573347091674805,
        29.27994728088379,
        19.958019256591797,
        22.578716278076172,
        22.8116512298584,
        24.28293228149414,
        23.415088653564453,
        37.6439094543457,
        25.540828704833984,
        18.367767333984375,
        24.262189865112305,
        23.21481704711914,
        22.621870040893555,
        26.752710342407227,
        27.983427047729492,
        22.351980209350586,
        17.818212509155273,
        26.622772216796875,
        30.597686767578125,
        25.583267211914062,
        23.288965225219727,
        23.235797882080078,
        27.738332748413086,
        26.75151824951172,
        48.85530471801758,
        30.684471130371094,
        21.847009658813477,
        29.07705307006836,
        28.49602699279785,
        31.721115112304688,
        38.97285461425781,
        18.39303970336914,
        34.848928451538086,
        30.625104904174805,
        22.69601821899414,
        32.89151191711426,
        18.78499984741211,
        19.14072036743164
    ],
    "wrong_email_times_account2": [
        11.857748031616211,
        12.621402740478516,
        11.17706298828125,
        12.412309646606445,
        18.781661987304688,
        17.932415008544922,
        18.434524536132812,
        22.318363189697266,
        17.3184871673584,
        11.307716369628906,
        13.432979583740234,
        12.417078018188477,
        15.341043472290039,
        13.093948364257812,
        12.20560073852539,
        13.88406753540039,
        13.911962509155273,
        15.57469367980957,
        20.8284854888916,
        18.133163452148438,
        15.274286270141602,
        13.70549201965332,
        18.2802677154541,
        12.3748779296875,
        17.674922943115234,
        12.447357177734375,
        18.772363662719727,
        13.666152954101562,
        17.414331436157227,
        14.55545425415039,
        17.521142959594727,
        14.092683792114258,
        13.959646224975586,
        22.68815040588379,
        13.338088989257812,
        14.186620712280273,
        15.111207962036133,
        13.675212860107422,
        15.301227569580078,
        17.657756805419922,
        13.68856430053711,
        13.269662857055664,
        12.392997741699219,
        36.840200424194336,
        15.909910202026367,
        19.53411102294922,
        20.392656326293945,
        17.995834350585938,
        14.033794403076172,
        17.566204071044922
    ],
    "wrong_pw_times_account2": [
        20.770788192749023,
        18.61715316772461,
        30.089616775512695,
        20.85733413696289,
        21.601200103759766,
        18.4323787689209,
        24.112939834594727,
        25.449514389038086,
        19.30689811706543,
        22.489309310913086,
        23.731470108032227,
        18.105506896972656,
        24.494171142578125,
        20.450830459594727,
        26.882648468017578,
        23.05459976196289,
        25.852203369140625,
        24.677276611328125,
        21.370887756347656,
        22.675514221191406,
        19.96636390686035,
        31.20875358581543,
        27.752399444580078,
        20.272016525268555,
        18.76997947692871,
        31.957387924194336,
        22.51148223876953,
        20.60842514038086,
        19.433975219726562,
        21.403074264526367,
        21.24309539794922,
        19.36626434326172,
        26.624202728271484,
        23.80681037902832,
        25.77495574951172,
        23.263931274414062,
        20.206451416015625,
        20.98226547241211,
        26.26633644104004,
        27.5723934173584,
        29.383420944213867,
        20.216941833496094,
        25.348186492919922,
        21.203041076660156,
        32.65023231506348,
        20.661592483520508,
        20.2939510345459,
        20.508527755737305,
        21.442413330078125,
        24.13463592529297
    ]
}