{
    "wrong_email_times_account1": [
        25.61497688293457,
        13.8702392578125,
        15.040397644042969,
        13.36050033569336,
        12.065887451171875,
        16.17598533630371,
        15.403270721435547,
        17.35067367553711,
        13.3209228515625,
        15.547752380371094,
        14.097929000854492,
        15.520572662353516,
        18.15176010131836,
        13.402700424194336,
        17.6544189453125,
        13.185501098632812,
        14.730453491210938,
        14.876842498779297,
        14.039278030395508,
        13.183116912841797,
        15.416145324707031,
        17.839670181274414,
        14.15109634399414,
        14.89114761352539,
        15.278100967407227,
        16.734600067138672,
        11.43503189086914,
        15.192270278930664,
        15.367507934570312,
        16.373872756958008,
        15.735626220703125,
        14.905691146850586,
        15.13051986694336,
        16.712665557861328,
        15.359878540039062,
        15.212774276733398,
        13.427972793579102,
        12.022733688354492,
        13.080596923828125,
        14.179706573486328,
        15.172004699707031,
        13.00668716430664,
        15.752315521240234,
        12.246847152709961,
        15.802621841430664,
        15.356063842773438,
        13.45372200012207,
        16.012191772460938,
        11.951923370361328,
        16.872406005859375
    ],
    "wrong_pw_times_account1": [
        32.47261047363281,
        25.513172149658203,
        23.194074630737305,
        18.335819244384766,
        20.89524269104004,
        24.37138557434082,
        24.271726608276367,
        22.282123565673828,
        27.530193328857422,
        27.296066284179688,
        21.22354507446289,
        29.87384796142578,
        21.48723602294922,
        21.025419235229492,
        23.969173431396484,
        23.024320602416992,
        18.68462562561035,
        21.87037467956543,
        30.9450626373291,
        26.293039321899414,
        22.171735763549805,
        33.61153602600098,
        25.795698165893555,
        19.937753677368164,
        20.63131332397461,
        30.2581787109375,
        22.917985916137695,
        23.005008697509766,
        35.918235778808594,
        25.959253311157227,
        23.44822883605957,
        27.570247650146484,
        26.164531707763672,
        30.405521392822266,
        27.63819694519043,
        18.93782615661621,
        24.976253509521484,
        18.964767456054688,
        20.844221115112305,
        24.097204208374023,
        17.75050163269043,
        18.964529037475586,
        19.003629684448242,
        23.30160140991211,
        27.58502960205078,
        19.676923751831055,
        28.815746307373047,
        19.73247528076172,
        22.647857666015625,
        21.759510040283203
    ],
    "wrong_email_times_account2": [
        13.504981994628906,
        14.664411544799805,
        19.82903480529785,
        14.157772064208984,
        15.310049057006836,
        14.600276947021484,
        16.628503799438477,
        15.434980392456055,
        12.564420700073242,
        12.389659881591797,
        14.541387557983398,
        14.182806015014648,
        11.85154914855957,
        12.405872344970703,
        12.82191276550293,
        15.540838241577148,
        12.341499328613281,
        17.39954948425293,
        15.14124870300293,
        19.552946090698242,
        16.468286514282227,
        11.765003204345703,
        16.972780227661133,
        12.274742126464844,
        13.709545135498047,
        14.437675476074219,
        12.759685516357422,
        13.395309448242188,
        13.496637344360352,
        11.623859405517578,
        12.778520584106445,
        24.070024490356445,
        14.492273330688477,
        16.388654708862305,
        11.705636978149414,
        15.464544296264648,
        13.469696044921875,
        13.186931610107422,
        15.062332153320312,
        11.553764343261719,
        12.842655181884766,
        12.093305587768555,
        13.210535049438477,
        12.804269790649414,
        11.974096298217773,
        12.246131896972656,
        13.810157775878906,
        12.977361679077148,
        13.35453987121582,
        13.139724731445312
    ],
    "wrong_pw_times_account2": [
        21.327972412109375,
        22.961854934692383,
        22.853374481201172,
        21.100759506225586,
        30.792236328125,
        28.124094009399414,
        19.824981689453125,
        22.72963523864746,
        24.414777755737305,
        29.30474281311035,
        18.37468147277832,
        31.10051155090332,
        29.854536056518555,
        27.851343154907227,
        31.41164779663086,
        31.47721290588379,
        22.849559783935547,
        18.047809600830078,
        22.65191078186035,
        28.172731399536133,
        17.38739013671875,
        26.491641998291016,
        29.439687728881836,
        30.432701110839844,
        22.52650260925293,
        30.114412307739258,
        21.337509155273438,
        32.601118087768555,
        24.920940399169922,
        20.74742317199707,
        29.568910598754883,
        25.028467178344727,
        22.468090057373047,
        21.19159698486328,
        25.571107864379883,
        25.780439376831055,
        23.29397201538086,
        20.25580406188965,
        21.081209182739258,
        20.339488983154297,
        20.7517147064209,
        43.898820877075195,
        30.324220657348633,
        18.310546875,
        29.786109924316406,
        24.904489517211914,
        18.303632736206055,
        27.94647216796875,
        22.524595260620117,
        23.73671531677246
    ]
}