{
    "wrong_email_times_account1": [
        25.20155906677246,
        14.355897903442383,
        15.010356903076172,
        12.834310531616211,
        18.194198608398438,
        16.440153121948242,
        12.277841567993164,
        14.917135238647461,
        12.593984603881836,
        15.45858383178711,
        19.440650939941406,
        12.525796890258789,
        15.520334243774414,
        13.083934783935547,
        12.703418731689453,
        20.64228057861328,
        13.965129852294922,
        17.212867736816406,
        15.84482192993164,
        17.183542251586914,
        12.802362442016602,
        16.79849624633789,
        12.561321258544922,
        13.312101364135742,
        14.218330383300781,
        15.642166137695312,
        15.929222106933594,
        34.12771224975586,
        11.30223274230957,
        16.600608825683594,
        13.200521469116211,
        13.035774230957031,
        13.344764709472656,
        15.885353088378906,
        14.596700668334961,
        12.657642364501953,
        17.6546573638916,
        16.86406135559082,
        14.210939407348633,
        13.593196868896484,
        17.487287521362305,
        15.038490295410156,
        11.325597763061523,
        13.88692855834961,
        15.706539154052734,
        14.890909194946289,
        11.967658996582031,
        13.456106185913086,
        16.237497329711914,
        15.528440475463867
    ],
    "wrong_pw_times_account1": [
        35.32266616821289,
        27.469873428344727,
        27.959585189819336,
        18.92542839050293,
        33.573150634765625,
        27.509212493896484,
        21.28744125366211,
        18.546581268310547,
        23.55670928955078,
        30.066728591918945,
        20.387649536132812,
        19.880294799804688,
        18.20993423461914,
        23.453712463378906,
        27.585506439208984,
        25.94590187072754,
        20.96104621887207,
        19.239425659179688,
        19.15907859802246,
        20.808696746826172,
        17.35854148864746,
        21.983861923217773,
        24.190187454223633,
        18.23711395263672,
        21.562576293945312,
        19.19698715209961,
        32.34362602233887,
        21.658658981323242,
        30.151844024658203,
        25.556325912475586,
        18.178701400756836,
        28.870344161987305,
        17.70329475402832,
        18.159866333007812,
        18.72086524963379,
        23.317337036132812,
        18.421411514282227,
        27.34088897705078,
        24.420738220214844,
        27.974605560302734,
        21.655559539794922,
        25.179386138916016,
        21.442413330078125,
        19.9124813079834,
        22.247791290283203,
        21.36373519897461,
        21.440505981445312,
        29.257535934448242,
        19.629240036010742,
        21.866559982299805
    ],
    "wrong_email_times_account2": [
        18.2497501373291,
        13.944864273071289,
        12.614250183105469,
        15.526533126831055,
        15.333414077758789,
        12.79306411743164,
        15.706777572631836,
        12.012958526611328,
        12.534141540527344,
        17.777204513549805,
        11.884212493896484,
        14.628171920776367,
        11.98720932006836,
        12.807607650756836,
        13.298749923706055,
        16.05367660522461,
        13.224124908447266,
        11.81340217590332,
        13.627052307128906,
        15.917062759399414,
        13.785839080810547,
        20.74742317199707,
        14.862537384033203,
        33.10537338256836,
        11.772394180297852,
        19.34671401977539,
        14.74308967590332,
        12.287139892578125,
        11.355161666870117,
        12.390613555908203,
        17.81153678894043,
        16.82138442993164,
        14.412164688110352,
        13.878345489501953,
        15.611886978149414,
        12.86005973815918,
        14.066934585571289,
        12.659549713134766,
        19.527673721313477,
        15.127897262573242,
        18.953800201416016,
        14.599084854125977,
        14.47153091430664,
        14.549970626831055,
        16.283750534057617,
        13.890981674194336,
        17.92454719543457,
        17.258644104003906,
        11.934995651245117,
        13.355016708374023
    ],
    "wrong_pw_times_account2": [
        26.987075805664062,
        27.28581428527832,
        23.86188507080078,
        21.485567092895508,
        25.900602340698242,
        23.34141731262207,
        28.561115264892578,
        19.28400993347168,
        20.885229110717773,
        35.10308265686035,
        24.924755096435547,
        18.182992935180664,
        20.075559616088867,
        28.95808219909668,
        25.670528411865234,
        20.25318145751953,
        30.188560485839844,
        32.279253005981445,
        27.672767639160156,
        24.611711502075195,
        26.118040084838867,
        20.130395889282227,
        19.14215087890625,
        19.957780838012695,
        30.640125274658203,
        20.160436630249023,
        19.416093826293945,
        19.183635711669922,
        30.58004379272461,
        24.99556541442871,
        27.329444885253906,
        27.359724044799805,
        38.66910934448242,
        25.806188583374023,
        18.430709838867188,
        23.909330368041992,
        20.21050453186035,
        22.94611930847168,
        24.858474731445312,
        23.483753204345703,
        21.00658416748047,
        22.640228271484375,
        19.373178482055664,
        26.909828186035156,
        25.798559188842773,
        47.048330307006836,
        24.431228637695312,
        52.90365219116211,
        25.609493255615234,
        20.07770538330078
    ]
}