{
    "wrong_email_times_account1": [
        30.17735481262207,
        14.971256256103516,
        14.99032974243164,
        14.957904815673828,
        12.457847595214844,
        13.321161270141602,
        11.715173721313477,
        14.102697372436523,
        13.275384902954102,
        16.562223434448242,
        12.653112411499023,
        13.946771621704102,
        13.844490051269531,
        13.9617919921875,
        16.829252243041992,
        12.451410293579102,
        14.278173446655273,
        18.731117248535156,
        13.442277908325195,
        14.979839324951172,
        12.502908706665039,
        16.419172286987305,
        15.363454818725586,
        11.835813522338867,
        12.611865997314453,
        11.207103729248047,
        12.92562484741211,
        16.65520668029785,
        15.241622924804688,
        20.564556121826172,
        11.512041091918945,
        14.882087707519531,
        16.90816879272461,
        17.225265502929688,
        15.418767929077148,
        13.344764709472656,
        17.49396324157715,
        14.655590057373047,
        14.433622360229492,
        13.2293701171875,
        17.213106155395508,
        17.36617088317871,
        14.765739440917969,
        14.04571533203125,
        21.564483642578125,
        12.933492660522461,
        15.557050704956055,
        11.710643768310547,
        14.461517333984375,
        13.466358184814453
    ],
    "wrong_pw_times_account1": [
        37.224531173706055,
        23.99301528930664,
        20.363330841064453,
        21.944046020507812,
        20.681142807006836,
        29.497861862182617,
        19.921064376831055,
        21.30413055419922,
        19.427776336669922,
        17.48204231262207,
        20.77031135559082,
        21.340131759643555,
        21.65365219116211,
        21.934986114501953,
        29.98661994934082,
        19.277572631835938,
        22.4459171295166,
        25.191307067871094,
        22.714853286743164,
        19.44875717163086,
        21.227598190307617,
        21.386384963989258,
        30.55286407470703,
        25.40278434753418,
        19.99807357788086,
        32.18650817871094,
        22.488832473754883,
        26.643991470336914,
        37.96744346618652,
        22.912979125976562,
        19.394636154174805,
        20.90597152709961,
        20.14303207397461,
        23.027420043945312,
        36.041975021362305,
        18.062114715576172,
        21.646976470947266,
        19.535303115844727,
        22.250652313232422,
        27.822494506835938,
        26.89838409423828,
        27.620315551757812,
        23.715496063232422,
        18.715381622314453,
        19.083261489868164,
        24.975299835205078,
        35.72273254394531,
        22.68385887145996,
        29.230594635009766,
        26.52716636657715
    ],
    "wrong_email_times_account2": [
        21.64149284362793,
        12.88294792175293,
        14.775991439819336,
        13.692855834960938,
        18.08023452758789,
        16.249895095825195,
        13.181686401367188,
        13.41557502746582,
        12.109041213989258,
        13.14687728881836,
        16.652345657348633,
        12.904644012451172,
        13.518333435058594,
        16.50261878967285,
        12.356996536254883,
        12.196063995361328,
        15.835762023925781,
        12.059211730957031,
        16.263723373413086,
        12.207746505737305,
        17.23194122314453,
        23.697853088378906,
        20.692110061645508,
        16.845226287841797,
        13.509273529052734,
        15.594720840454102,
        12.521505355834961,
        15.667200088500977,
        13.625144958496094,
        12.799263000488281,
        16.201496124267578,
        12.298345565795898,
        14.058113098144531,
        13.453483581542969,
        12.282133102416992,
        15.240907669067383,
        16.830921173095703,
        15.216588973999023,
        15.677213668823242,
        16.160964965820312,
        28.168439865112305,
        13.255834579467773,
        12.993812561035156,
        13.671398162841797,
        17.979145050048828,
        13.054370880126953,
        16.472816467285156,
        14.011383056640625,
        13.181924819946289,
        12.616157531738281
    ],
    "wrong_pw_times_account2": [
        33.31160545349121,
        21.747350692749023,
        29.254674911499023,
        30.21097183227539,
        35.37297248840332,
        24.97100830078125,
        21.63410186767578,
        19.72055435180664,
        27.956008911132812,
        22.75705337524414,
        19.208669662475586,
        21.233797073364258,
        23.769140243530273,
        20.837068557739258,
        23.520946502685547,
        19.846677780151367,
        19.800901412963867,
        19.01721954345703,
        21.90685272216797,
        24.083614349365234,
        30.282974243164062,
        20.5380916595459,
        28.01680564880371,
        18.456697463989258,
        34.677982330322266,
        29.235363006591797,
        34.42811965942383,
        26.819229125976562,
        26.08346939086914,
        18.80025863647461,
        18.833160400390625,
        28.05304527282715,
        20.334959030151367,
        22.021055221557617,
        25.088071823120117,
        21.869897842407227,
        18.248319625854492,
        21.306514739990234,
        25.78139305114746,
        24.504423141479492,
        21.224260330200195,
        23.490190505981445,
        22.385358810424805,
        25.706052780151367,
        23.386240005493164,
        20.27440071105957,
        20.263195037841797,
        28.171062469482422,
        29.750585556030273,
        30.455827713012695
    ]
}