{
    "wrong_email_times_account1": [
        22.6898193359375,
        16.526222229003906,
        13.139486312866211,
        14.810800552368164,
        10.916471481323242,
        14.721393585205078,
        13.944625854492188,
        17.429351806640625,
        11.732816696166992,
        18.614530563354492,
        13.015985488891602,
        15.430927276611328,
        13.144731521606445,
        11.92474365234375,
        12.307882308959961,
        14.42718505859375,
        13.819694519042969,
        13.456583023071289,
        18.53036880493164,
        14.998197555541992,
        15.722513198852539,
        15.066385269165039,
        14.710664749145508,
        58.740854263305664,
        11.215448379516602,
        15.188217163085938,
        12.688398361206055,
        11.629104614257812,
        12.954473495483398,
        18.435955047607422,
        12.438297271728516,
        38.59114646911621,
        11.719226837158203,
        13.913869857788086,
        17.041444778442383,
        14.442205429077148,
        16.19434356689453,
        12.58993148803711,
        12.458324432373047,
        16.053199768066406,
        15.088081359863281,
        13.32855224609375,
        13.61227035522461,
        13.751506805419922,
        15.745878219604492,
        15.714406967163086,
        15.287160873413086,
        16.59870147705078,
        13.391256332397461,
        15.976905822753906
    ],
    "wrong_pw_times_account1": [
        33.141374588012695,
        38.62428665161133,
        20.450353622436523,
        18.727779388427734,
        18.94545555114746,
        23.145675659179688,
        22.275924682617188,
        21.41118049621582,
        26.215314865112305,
        26.549100875854492,
        22.16029167175293,
        23.416996002197266,
        21.795034408569336,
        21.786212921142578,
        18.7375545501709,
        23.624658584594727,
        33.46562385559082,
        20.045042037963867,
        26.387453079223633,
        20.537614822387695,
        26.62372589111328,
        19.01531219482422,
        19.59824562072754,
        19.768476486206055,
        27.502059936523438,
        23.864269256591797,
        21.83246612548828,
        23.125410079956055,
        23.355484008789062,
        22.45783805847168,
        22.99356460571289,
        22.43947982788086,
        32.67550468444824,
        19.814491271972656,
        22.703170776367188,
        18.710851669311523,
        23.93364906311035,
        21.408557891845703,
        20.368337631225586,
        29.837846755981445,
        19.250154495239258,
        25.221586227416992,
        21.76833152770996,
        20.39933204650879,
        24.538278579711914,
        26.049137115478516,
        23.73480796813965,
        23.39029312133789,
        22.857666015625,
        22.031545639038086
    ],
    "wrong_email_times_account2": [
        21.417856216430664,
        11.808633804321289,
        11.626005172729492,
        16.522645950317383,
        20.813703536987305,
        12.038946151733398,
        17.556190490722656,
        11.36922836303711,
        16.3729190826416,
        11.154651641845703,
        14.016151428222656,
        12.319564819335938,
        13.55886459350586,
        14.564990997314453,
        12.943029403686523,
        11.964559555053711,
        14.373302459716797,
        14.242410659790039,
        12.635469436645508,
        15.16580581665039,
        12.679338455200195,
        19.222736358642578,
        12.161493301391602,
        12.321233749389648,
        12.431621551513672,
        12.383699417114258,
        12.249231338500977,
        15.971660614013672,
        14.539957046508789,
        11.701345443725586,
        19.289016723632812,
        17.917871475219727,
        12.223958969116211,
        14.153003692626953,
        16.715049743652344,
        14.320850372314453,
        12.639760971069336,
        11.039972305297852,
        14.965295791625977,
        12.030839920043945,
        5.714178085327148,
        11.545658111572266,
        13.829231262207031,
        12.660741806030273,
        12.122869491577148,
        11.499643325805664,
        14.702558517456055,
        14.225482940673828,
        12.012720108032227,
        13.321638107299805
    ],
    "wrong_pw_times_account2": [
        23.416757583618164,
        24.55282211303711,
        27.931690216064453,
        19.464492797851562,
        56.83612823486328,
        19.8819637298584,
        24.18684959411621,
        25.121688842773438,
        22.505521774291992,
        18.318891525268555,
        27.90689468383789,
        22.938966751098633,
        20.595312118530273,
        28.852462768554688,
        20.53236961364746,
        18.641233444213867,
        27.339696884155273,
        19.385576248168945,
        26.146650314331055,
        27.774333953857422,
        21.636486053466797,
        27.437210083007812,
        21.163463592529297,
        23.253440856933594,
        23.695707321166992,
        21.962881088256836,
        18.294095993041992,
        24.073123931884766,
        19.59967613220215,
        22.864341735839844,
        24.715662002563477,
        21.55613899230957,
        26.811838150024414,
        25.705575942993164,
        20.487070083618164,
        23.780345916748047,
        26.358366012573242,
        26.807546615600586,
        20.82347869873047,
        21.249055862426758,
        21.038532257080078,
        21.49653434753418,
        19.365549087524414,
        27.44603157043457,
        21.909713745117188,
        22.225141525268555,
        32.57250785827637,
        19.865989685058594,
        27.77242660522461,
        19.526958465576172
    ]
}