{
    "wrong_email_times_account1": [
        29.21295166015625,
        19.037485122680664,
        15.575170516967773,
        11.022567749023438,
        17.327070236206055,
        15.321016311645508,
        18.036842346191406,
        22.32050895690918,
        13.358116149902344,
        13.857841491699219,
        11.517763137817383,
        22.603511810302734,
        12.667417526245117,
        19.943952560424805,
        17.445802688598633,
        19.63186264038086,
        13.447761535644531,
        13.972043991088867,
        21.142005920410156,
        12.953758239746094,
        15.529155731201172,
        12.450695037841797,
        13.114452362060547,
        12.166738510131836,
        12.63427734375,
        13.831615447998047,
        11.533021926879883,
        12.214422225952148,
        18.57781410217285,
        14.133691787719727,
        14.406681060791016,
        14.86349105834961,
        12.341976165771484,
        13.17143440246582,
        15.366315841674805,
        13.860225677490234,
        24.123668670654297,
        22.020339965820312,
        13.340234756469727,
        15.508174896240234,
        15.218734741210938,
        16.54338836669922,
        15.827178955078125,
        14.79339599609375,
        16.397476196289062,
        13.133764266967773,
        16.92676544189453,
        14.018774032592773,
        12.01486587524414,
        14.654874801635742
    ],
    "wrong_pw_times_account1": [
        37.03761100769043,
        37.07289695739746,
        24.36208724975586,
        21.506786346435547,
        23.618221282958984,
        25.801658630371094,
        26.886940002441406,
        35.657644271850586,
        17.634153366088867,
        19.719600677490234,
        24.98173713684082,
        38.20943832397461,
        24.59573745727539,
        21.33345603942871,
        26.312828063964844,
        40.86804389953613,
        26.798486709594727,
        20.854949951171875,
        26.169300079345703,
        18.862485885620117,
        26.84497833251953,
        27.205228805541992,
        20.650863647460938,
        17.556190490722656,
        38.0558967590332,
        19.78325843811035,
        18.07260513305664,
        27.075529098510742,
        32.72867202758789,
        19.61970329284668,
        27.45985984802246,
        21.436452865600586,
        19.063711166381836,
        20.611047744750977,
        25.22873878479004,
        23.386478424072266,
        19.997358322143555,
        19.795894622802734,
        25.403738021850586,
        29.203414916992188,
        19.49787139892578,
        26.16095542907715,
        18.820524215698242,
        19.140005111694336,
        21.31199836730957,
        17.72022247314453,
        19.371509552001953,
        23.318052291870117,
        17.97175407409668,
        18.652677536010742
    ],
    "wrong_email_times_account2": [
        18.499135971069336,
        13.436317443847656,
        16.810894012451172,
        13.73291015625,
        13.166189193725586,
        14.181375503540039,
        18.36991310119629,
        17.264842987060547,
        12.9241943359375,
        12.972354888916016,
        12.841939926147461,
        15.788793563842773,
        13.211965560913086,
        20.4470157623291,
        12.781620025634766,
        12.773752212524414,
        12.268543243408203,
        18.73040199279785,
        11.683940887451172,
        13.841629028320312,
        13.148307800292969,
        12.69388198852539,
        12.953519821166992,
        14.322757720947266,
        13.424396514892578,
        12.734651565551758,
        13.859987258911133,
        14.807701110839844,
        18.373966217041016,
        16.025781631469727,
        13.556957244873047,
        12.369871139526367,
        14.74142074584961,
        16.579389572143555,
        31.091928482055664,
        16.999483108520508,
        14.230012893676758,
        19.51146125793457,
        18.046855926513672,
        14.24860954284668,
        14.157295227050781,
        15.125036239624023,
        14.423608779907227,
        13.387203216552734,
        13.09967041015625,
        11.604070663452148,
        18.39923858642578,
        17.711162567138672,
        20.10035514831543,
        13.968229293823242
    ],
    "wrong_pw_times_account2": [
        21.332263946533203,
        24.256229400634766,
        21.086692810058594,
        18.860340118408203,
        30.224323272705078,
        31.419754028320312,
        21.069049835205078,
        20.555496215820312,
        28.990983963012695,
        33.92791748046875,
        23.672103881835938,
        25.059938430786133,
        18.579959869384766,
        24.530410766601562,
        18.624067306518555,
        23.136615753173828,
        29.402494430541992,
        20.64347267150879,
        20.543336868286133,
        23.1931209564209,
        19.54340934753418,
        25.572776794433594,
        19.3326473236084,
        41.0771369934082,
        40.4202938079834,
        21.47984504699707,
        27.181386947631836,
        20.969867706298828,
        18.751859664916992,
        24.317026138305664,
        19.879579544067383,
        26.46636962890625,
        23.027420043945312,
        19.438982009887695,
        23.927688598632812,
        26.430368423461914,
        23.937463760375977,
        31.755924224853516,
        19.619226455688477,
        24.65367317199707,
        65.28425216674805,
        25.91991424560547,
        19.596099853515625,
        28.35822105407715,
        24.31178092956543,
        20.66826820373535,
        26.450157165527344,
        38.68508338928223,
        25.038719177246094,
        22.42875099182129
    ]
}