{
    "wrong_email_times_account1": [
        27.552366256713867,
        17.103195190429688,
        11.36016845703125,
        14.722108840942383,
        17.580747604370117,
        13.872861862182617,
        12.224912643432617,
        14.205694198608398,
        12.436866760253906,
        34.665584564208984,
        11.559247970581055,
        16.675233840942383,
        16.788482666015625,
        10.924577713012695,
        13.480424880981445,
        13.283252716064453,
        19.345760345458984,
        16.217708587646484,
        13.834714889526367,
        13.424873352050781,
        11.811971664428711,
        15.078544616699219,
        13.786554336547852,
        12.374401092529297,
        16.981840133666992,
        12.123823165893555,
        22.135496139526367,
        14.061212539672852,
        11.223554611206055,
        16.283273696899414,
        10.98012924194336,
        16.940593719482422,
        17.54593849182129,
        18.596410751342773,
        11.534452438354492,
        15.665292739868164,
        17.610549926757812,
        16.023635864257812,
        14.204740524291992,
        11.708736419677734,
        15.667438507080078,
        12.982368469238281,
        13.942241668701172,
        14.013290405273438,
        15.904426574707031,
        12.588024139404297,
        16.350746154785156,
        17.868518829345703,
        16.567468643188477,
        14.211893081665039
    ],
    "wrong_pw_times_account1": [
        38.20347785949707,
        36.57650947570801,
        24.985074996948242,
        21.24643325805664,
        31.916379928588867,
        28.52487564086914,
        17.97962188720703,
        19.15144920349121,
        25.32029151916504,
        27.522563934326172,
        20.59769630432129,
        32.72223472595215,
        24.67489242553711,
        24.582862854003906,
        36.904096603393555,
        25.083065032958984,
        25.21061897277832,
        36.310672760009766,
        19.07658576965332,
        27.605772018432617,
        18.34559440612793,
        24.615049362182617,
        22.345781326293945,
        20.525693893432617,
        29.58393096923828,
        26.467323303222656,
        25.531768798828125,
        20.956039428710938,
        20.998477935791016,
        20.392179489135742,
        20.437955856323242,
        23.229598999023438,
        20.16282081604004,
        28.31244468688965,
        29.529809951782227,
        20.182371139526367,
        27.74214744567871,
        22.513628005981445,
        20.598173141479492,
        19.6225643157959,
        25.908946990966797,
        18.840551376342773,
        24.88541603088379,
        26.08966827392578,
        21.532535552978516,
        22.17841148376465,
        25.89869499206543,
        24.46913719177246,
        18.228769302368164,
        31.296730041503906
    ],
    "wrong_email_times_account2": [
        13.380765914916992,
        13.50092887878418,
        13.916969299316406,
        12.752771377563477,
        18.53156089782715,
        12.069463729858398,
        12.044429779052734,
        15.653371810913086,
        11.939764022827148,
        12.749195098876953,
        12.167930603027344,
        12.125730514526367,
        16.49188995361328,
        13.986825942993164,
        17.14015007019043,
        13.85807991027832,
        16.219615936279297,
        18.064498901367188,
        16.167879104614258,
        12.5274658203125,
        15.392780303955078,
        15.743255615234375,
        17.395973205566406,
        15.475273132324219,
        12.282609939575195,
        15.91348648071289,
        13.58795166015625,
        11.64555549621582,
        14.056205749511719,
        10.935544967651367,
        13.460874557495117,
        13.824224472045898,
        14.271974563598633,
        11.922121047973633,
        15.61594009399414,
        12.06350326538086,
        12.61138916015625,
        12.2833251953125,
        14.548301696777344,
        17.017602920532227,
        15.743255615234375,
        11.731147766113281,
        12.23611831665039,
        20.336627960205078,
        12.948036193847656,
        13.80300521850586,
        17.64082908630371,
        16.318082809448242,
        12.118101119995117,
        21.814346313476562
    ],
    "wrong_pw_times_account2": [
        18.984317779541016,
        20.838260650634766,
        19.000768661499023,
        26.480674743652344,
        22.04418182373047,
        23.17214012145996,
        32.43827819824219,
        21.91305160522461,
        22.415637969970703,
        22.377967834472656,
        24.22928810119629,
        27.741670608520508,
        27.859210968017578,
        21.0113525390625,
        21.520137786865234,
        19.330263137817383,
        25.90179443359375,
        20.564794540405273,
        19.848108291625977,
        22.695064544677734,
        18.318891525268555,
        23.070335388183594,
        24.469375610351562,
        26.146411895751953,
        29.05559539794922,
        25.160551071166992,
        26.797056198120117,
        20.386457443237305,
        28.413057327270508,
        22.815704345703125,
        19.508838653564453,
        24.107694625854492,
        25.971174240112305,
        19.183635711669922,
        23.205041885375977,
        24.453401565551758,
        22.918224334716797,
        36.09585762023926,
        34.040212631225586,
        21.28124237060547,
        26.27873420715332,
        20.65873146057129,
        18.14413070678711,
        21.243572235107422,
        19.631147384643555,
        20.712614059448242,
        19.802331924438477,
        47.85776138305664,
        20.28346061706543,
        27.06313133239746
    ]
}