{
    "wrong_email_times_account1": [
        26.974916458129883,
        17.082929611206055,
        13.325691223144531,
        15.472650527954102,
        15.597820281982422,
        12.529373168945312,
        17.58742332458496,
        14.854907989501953,
        17.38119125366211,
        28.095006942749023,
        17.157554626464844,
        16.40939712524414,
        14.932632446289062,
        15.989303588867188,
        15.008926391601562,
        14.091014862060547,
        15.752792358398438,
        13.53597640991211,
        14.061927795410156,
        17.154693603515625,
        14.275550842285156,
        14.77360725402832,
        16.572952270507812,
        16.184568405151367,
        18.691539764404297,
        16.71457290649414,
        13.142108917236328,
        15.84935188293457,
        13.910531997680664,
        19.318342208862305,
        13.693094253540039,
        15.928983688354492,
        14.714717864990234,
        12.881755828857422,
        17.984390258789062,
        18.618345260620117,
        10.631799697875977,
        17.949342727661133,
        15.475988388061523,
        14.191865921020508,
        17.264366149902344,
        32.015323638916016,
        11.714935302734375,
        15.980958938598633,
        17.514467239379883,
        13.769388198852539,
        10.930061340332031,
        14.158964157104492,
        12.953996658325195,
        13.731956481933594
    ],
    "wrong_pw_times_account1": [
        31.95667266845703,
        26.571273803710938,
        24.898529052734375,
        25.495529174804688,
        21.64435386657715,
        20.946025848388672,
        23.546218872070312,
        24.6737003326416,
        22.439241409301758,
        20.80249786376953,
        21.91758155822754,
        28.002500534057617,
        28.246402740478516,
        23.18286895751953,
        25.627613067626953,
        27.669668197631836,
        18.770456314086914,
        18.515825271606445,
        26.17025375366211,
        20.168781280517578,
        17.545700073242188,
        32.5624942779541,
        18.774986267089844,
        20.417213439941406,
        20.856142044067383,
        20.10178565979004,
        19.52648162841797,
        29.562950134277344,
        26.340723037719727,
        18.387794494628906,
        19.625425338745117,
        18.709182739257812,
        20.164012908935547,
        20.76435089111328,
        25.170326232910156,
        21.14582061767578,
        23.012399673461914,
        17.36593246459961,
        19.692182540893555,
        20.69830894470215,
        30.40766716003418,
        24.77860450744629,
        24.889707565307617,
        23.14925193786621,
        51.61786079406738,
        19.746780395507812,
        29.712200164794922,
        19.512176513671875,
        26.477813720703125,
        20.111799240112305
    ],
    "wrong_email_times_account2": [
        12.357473373413086,
        16.174793243408203,
        18.13673973083496,
        12.287378311157227,
        12.244224548339844,
        20.441770553588867,
        17.636775970458984,
        17.67110824584961,
        12.740135192871094,
        15.720844268798828,
        14.886140823364258,
        12.352943420410156,
        21.1639404296875,
        13.304948806762695,
        12.384653091430664,
        13.58795166015625,
        16.931533813476562,
        14.646768569946289,
        15.981912612915039,
        12.757062911987305,
        13.444900512695312,
        15.199661254882812,
        13.67640495300293,
        12.586116790771484,
        14.482736587524414,
        14.149904251098633,
        13.632535934448242,
        12.136459350585938,
        13.077020645141602,
        13.040781021118164,
        19.376277923583984,
        14.978170394897461,
        15.284538269042969,
        19.85788345336914,
        18.915414810180664,
        16.541481018066406,
        12.743949890136719,
        15.923023223876953,
        13.504743576049805,
        15.42210578918457,
        14.46533203125,
        12.842178344726562,
        13.870477676391602,
        17.52614974975586,
        14.833450317382812,
        13.43989372253418,
        12.473106384277344,
        19.90342140197754,
        11.591672897338867,
        19.829750061035156
    ],
    "wrong_pw_times_account2": [
        28.70917320251465,
        20.44844627380371,
        27.06432342529297,
        19.79851722717285,
        20.714759826660156,
        26.180505752563477,
        22.35269546508789,
        23.37050437927246,
        28.156518936157227,
        24.382352828979492,
        20.748615264892578,
        32.920122146606445,
        19.664525985717773,
        20.002365112304688,
        25.89702606201172,
        19.62733268737793,
        19.914865493774414,
        21.74210548400879,
        27.791976928710938,
        27.910947799682617,
        18.06950569152832,
        23.35643768310547,
        24.60026741027832,
        28.443098068237305,
        20.34282684326172,
        24.59430694580078,
        19.176959991455078,
        26.279211044311523,
        20.081758499145508,
        31.16011619567871,
        19.28114891052246,
        19.963741302490234,
        19.7293758392334,
        27.519702911376953,
        18.49079132080078,
        19.910812377929688,
        22.65024185180664,
        22.65787124633789,
        28.313398361206055,
        32.517194747924805,
        22.336483001708984,
        26.406049728393555,
        25.603055953979492,
        23.324966430664062,
        23.949861526489258,
        24.43861961364746,
        23.801326751708984,
        19.683837890625,
        21.431446075439453,
        23.155927658081055
    ]
}