{
    "wrong_email_times_account1": [
        30.36355972290039,
        19.35291290283203,
        35.70079803466797,
        21.549224853515625,
        53.91526222229004,
        98.14167022705078,
        12.188434600830078,
        19.468069076538086,
        21.236181259155273,
        13.695478439331055,
        19.46544647216797,
        18.175125122070312,
        15.703678131103516,
        17.23456382751465,
        12.068033218383789,
        18.291234970092773,
        14.321088790893555,
        12.940406799316406,
        11.67607307434082,
        15.250921249389648,
        13.704299926757812,
        12.03608512878418,
        15.239953994750977,
        12.664794921875,
        13.551473617553711,
        36.50951385498047,
        12.219905853271484,
        20.557403564453125,
        15.16580581665039,
        23.683547973632812,
        16.011476516723633,
        12.944221496582031,
        12.572526931762695,
        14.330863952636719,
        12.543916702270508,
        14.158010482788086,
        14.408588409423828,
        12.778997421264648,
        16.48545265197754,
        12.903928756713867,
        18.55754852294922,
        16.21389389038086,
        15.493154525756836,
        15.478134155273438,
        11.986970901489258,
        14.333963394165039,
        19.022464752197266,
        16.347885131835938,
        13.904571533203125,
        15.666723251342773
    ],
    "wrong_pw_times_account1": [
        42.66357421875,
        34.73520278930664,
        45.18866539001465,
        39.28828239440918,
        59.171438217163086,
        86.68208122253418,
        23.578882217407227,
        25.58279037475586,
        34.10744667053223,
        25.816917419433594,
        43.02358627319336,
        24.67632293701172,
        18.35012435913086,
        27.875423431396484,
        40.21716117858887,
        37.23406791687012,
        30.594348907470703,
        22.538185119628906,
        26.967287063598633,
        28.732776641845703,
        86.81058883666992,
        27.20022201538086,
        25.595664978027344,
        30.5633544921875,
        23.564815521240234,
        20.851850509643555,
        21.448135375976562,
        27.571439743041992,
        19.876718521118164,
        24.19257164001465,
        20.00880241394043,
        19.450664520263672,
        26.760101318359375,
        22.511005401611328,
        20.158052444458008,
        29.412269592285156,
        22.792577743530273,
        24.037599563598633,
        19.051551818847656,
        25.822162628173828,
        20.687341690063477,
        22.235393524169922,
        33.82110595703125,
        28.435468673706055,
        27.959108352661133,
        26.793479919433594,
        28.057336807250977,
        29.28471565246582,
        25.201082229614258,
        24.255752563476562
    ],
    "wrong_email_times_account2": [
        19.530534744262695,
        14.145135879516602,
        21.157264709472656,
        18.31221580505371,
        22.10402488708496,
        21.024227142333984,
        17.5323486328125,
        19.744873046875,
        14.917612075805664,
        27.39429473876953,
        23.01764488220215,
        76.69353485107422,
        13.834714889526367,
        16.536474227905273,
        21.466493606567383,
        23.272037506103516,
        15.239715576171875,
        14.117956161499023,
        19.06275749206543,
        38.57254981994629,
        18.689632415771484,
        13.11945915222168,
        16.31760597229004,
        17.858505249023438,
        17.856121063232422,
        21.262407302856445,
        20.406484603881836,
        12.419939041137695,
        21.948575973510742,
        19.217729568481445,
        29.005765914916992,
        24.29485321044922,
        15.157699584960938,
        13.411283493041992,
        14.652013778686523,
        15.675544738769531,
        14.883041381835938,
        21.32582664489746,
        25.2535343170166,
        15.88749885559082,
        18.19300651550293,
        15.644550323486328,
        18.98932456970215,
        12.409687042236328,
        18.769025802612305,
        15.709400177001953,
        12.926101684570312,
        16.663789749145508,
        19.787073135375977,
        21.029949188232422
    ],
    "wrong_pw_times_account2": [
        30.569076538085938,
        19.97685432434082,
        21.248340606689453,
        35.562992095947266,
        154.0846824645996,
        23.985862731933594,
        30.670881271362305,
        31.175613403320312,
        29.438257217407227,
        20.54309844970703,
        31.075000762939453,
        22.655010223388672,
        24.29366111755371,
        44.380903244018555,
        23.844480514526367,
        31.023025512695312,
        66.30206108093262,
        45.33815383911133,
        38.23447227478027,
        34.0120792388916,
        32.03535079956055,
        25.513887405395508,
        76.63226127624512,
        26.632070541381836,
        18.316984176635742,
        23.77009391784668,
        55.7401180267334,
        30.096769332885742,
        28.592824935913086,
        24.773597717285156,
        23.005962371826172,
        30.466556549072266,
        28.37347984313965,
        24.711132049560547,
        23.33354949951172,
        39.51668739318848,
        24.188518524169922,
        30.263662338256836,
        41.442155838012695,
        63.76051902770996,
        32.59015083312988,
        28.248310089111328,
        28.58138084411621,
        28.483867645263672,
        25.559425354003906,
        28.04422378540039,
        24.670839309692383,
        20.659685134887695,
        31.4788818359375,
        25.473356246948242
    ]
}