{
    "wrong_email_times_account1": [
        30.855178833007812,
        20.991086959838867,
        16.993045806884766,
        13.871908187866211,
        12.64190673828125,
        15.289783477783203,
        10.703325271606445,
        14.628171920776367,
        17.079830169677734,
        10.815858840942383,
        16.13640785217285,
        17.90642738342285,
        18.922805786132812,
        40.598154067993164,
        16.603469848632812,
        20.368576049804688,
        20.149707794189453,
        16.520977020263672,
        18.370866775512695,
        19.568443298339844,
        22.066116333007812,
        15.828847885131836,
        19.32692527770996,
        16.07489585876465,
        16.684532165527344,
        18.398761749267578,
        16.525745391845703,
        13.906478881835938,
        14.211893081665039,
        49.40342903137207,
        23.663043975830078,
        91.96710586547852,
        27.411937713623047,
        16.023874282836914,
        14.010906219482422,
        17.5015926361084,
        13.894796371459961,
        19.109487533569336,
        49.70049858093262,
        23.131608963012695,
        24.895668029785156,
        19.296646118164062,
        16.225099563598633,
        22.687435150146484,
        20.293235778808594,
        16.61992073059082,
        15.358924865722656,
        31.727313995361328,
        13.45682144165039,
        13.661861419677734
    ],
    "wrong_pw_times_account1": [
        37.57452964782715,
        55.14979362487793,
        43.7777042388916,
        27.136802673339844,
        22.08852767944336,
        19.685983657836914,
        21.93450927734375,
        39.22843933105469,
        31.931161880493164,
        20.205020904541016,
        21.47364616394043,
        33.90049934387207,
        27.81510353088379,
        23.082733154296875,
        20.63441276550293,
        35.47811508178711,
        31.310081481933594,
        26.582717895507812,
        21.08001708984375,
        26.721715927124023,
        31.229019165039062,
        30.497312545776367,
        26.25584602355957,
        30.738115310668945,
        40.647268295288086,
        94.3598747253418,
        20.639657974243164,
        49.09205436706543,
        20.35975456237793,
        38.76805305480957,
        46.19574546813965,
        27.252197265625,
        47.77097702026367,
        21.039485931396484,
        32.37438201904297,
        34.409284591674805,
        32.43517875671387,
        42.57798194885254,
        60.834407806396484,
        35.60924530029297,
        25.571107864379883,
        33.49423408508301,
        24.599790573120117,
        29.00099754333496,
        23.275375366210938,
        44.31462287902832,
        70.08481025695801,
        45.8378791809082,
        44.63839530944824,
        22.804737091064453
    ],
    "wrong_email_times_account2": [
        14.934539794921875,
        15.141963958740234,
        34.210205078125,
        11.998176574707031,
        12.891054153442383,
        25.856733322143555,
        13.897895812988281,
        13.44919204711914,
        26.763439178466797,
        17.1811580657959,
        49.59535598754883,
        14.164924621582031,
        27.70519256591797,
        12.63570785522461,
        16.180992126464844,
        42.050838470458984,
        14.031171798706055,
        60.48750877380371,
        24.7039794921875,
        19.742965698242188,
        14.322042465209961,
        17.821550369262695,
        17.572641372680664,
        18.969297409057617,
        20.514249801635742,
        16.501665115356445,
        13.805389404296875,
        25.263071060180664,
        56.81920051574707,
        19.77086067199707,
        26.51071548461914,
        17.345666885375977,
        19.368886947631836,
        16.858577728271484,
        21.108627319335938,
        26.075363159179688,
        15.883922576904297,
        20.68305015563965,
        12.988805770874023,
        14.911890029907227,
        11.922121047973633,
        16.869783401489258,
        23.80061149597168,
        18.32270622253418,
        22.644758224487305,
        13.181447982788086,
        20.285844802856445,
        18.19300651550293,
        14.604568481445312,
        17.363309860229492
    ],
    "wrong_pw_times_account2": [
        21.86894416809082,
        28.721332550048828,
        35.19606590270996,
        34.563302993774414,
        41.21041297912598,
        24.387598037719727,
        23.099660873413086,
        41.0001277923584,
        25.21681785583496,
        77.82864570617676,
        30.616283416748047,
        33.212900161743164,
        24.382829666137695,
        28.42545509338379,
        68.32599639892578,
        43.772220611572266,
        29.890775680541992,
        20.4312801361084,
        31.38589859008789,
        23.25129508972168,
        26.590824127197266,
        32.27090835571289,
        26.65090560913086,
        31.302928924560547,
        30.30252456665039,
        35.5527400970459,
        30.874252319335938,
        25.528669357299805,
        21.22640609741211,
        28.76114845275879,
        20.842313766479492,
        37.13655471801758,
        31.687021255493164,
        33.182382583618164,
        28.589963912963867,
        28.65743637084961,
        24.60169792175293,
        18.31364631652832,
        145.38908004760742,
        34.32631492614746,
        31.866073608398438,
        29.096603393554688,
        20.64990997314453,
        81.81118965148926,
        22.60446548461914,
        39.07465934753418,
        23.182392120361328,
        69.44894790649414,
        19.90485191345215,
        54.79884147644043
    ]
}