{
    "wrong_email_times_account1": [
        52.422285079956055,
        10.759353637695312,
        21.092891693115234,
        18.820762634277344,
        19.03843879699707,
        19.820690155029297,
        16.02315902709961,
        20.142316818237305,
        20.832538604736328,
        21.486282348632812,
        15.91348648071289,
        19.245624542236328,
        11.621713638305664,
        14.956235885620117,
        21.84772491455078,
        15.836715698242188,
        31.32009506225586,
        25.769710540771484,
        16.41559600830078,
        16.96491241455078,
        14.281988143920898,
        20.341157913208008,
        18.175601959228516,
        56.39791488647461,
        24.509668350219727,
        13.632059097290039,
        21.265745162963867,
        12.160301208496094,
        13.607263565063477,
        15.784740447998047,
        20.33376693725586,
        15.518426895141602,
        23.325204849243164,
        49.898386001586914,
        15.26784896850586,
        20.725488662719727,
        17.254114151000977,
        13.484716415405273,
        28.961658477783203,
        12.208700180053711,
        20.03955841064453,
        11.493444442749023,
        78.24254035949707,
        22.031068801879883,
        16.157865524291992,
        13.580799102783203,
        17.078876495361328,
        15.846967697143555,
        18.595218658447266,
        16.2355899810791
    ],
    "wrong_pw_times_account1": [
        68.88246536254883,
        24.10268783569336,
        32.53483772277832,
        23.35643768310547,
        28.615713119506836,
        20.245075225830078,
        23.35333824157715,
        34.36756134033203,
        34.23786163330078,
        24.286985397338867,
        27.915477752685547,
        39.615631103515625,
        27.07695960998535,
        25.48360824584961,
        29.274463653564453,
        20.755290985107422,
        52.46257781982422,
        24.120330810546875,
        19.61803436279297,
        27.564287185668945,
        22.809743881225586,
        25.477170944213867,
        27.735471725463867,
        49.8509407043457,
        21.688222885131836,
        34.006595611572266,
        57.5566291809082,
        23.514986038208008,
        27.626991271972656,
        21.35157585144043,
        18.465757369995117,
        27.187108993530273,
        19.91128921508789,
        22.054195404052734,
        42.48356819152832,
        24.636268615722656,
        38.898468017578125,
        28.52606773376465,
        35.416364669799805,
        26.932477951049805,
        25.396108627319336,
        26.507139205932617,
        55.8469295501709,
        23.385286331176758,
        20.611286163330078,
        38.733720779418945,
        27.61673927307129,
        28.975248336791992,
        33.0049991607666,
        22.954225540161133
    ],
    "wrong_email_times_account2": [
        15.204668045043945,
        13.28897476196289,
        26.346206665039062,
        20.28942108154297,
        15.903949737548828,
        12.207508087158203,
        22.30525016784668,
        12.154102325439453,
        11.888504028320312,
        20.55978775024414,
        15.606403350830078,
        15.313386917114258,
        19.23513412475586,
        15.323877334594727,
        20.302772521972656,
        23.094892501831055,
        17.795801162719727,
        23.13399314880371,
        11.075258255004883,
        15.691757202148438,
        16.39413833618164,
        21.786928176879883,
        28.712749481201172,
        14.109373092651367,
        13.854503631591797,
        20.964384078979492,
        21.330595016479492,
        18.154144287109375,
        23.354053497314453,
        13.683319091796875,
        79.58078384399414,
        259.0968608856201,
        15.012979507446289,
        19.666194915771484,
        12.666702270507812,
        23.63109588623047,
        24.702072143554688,
        22.718191146850586,
        13.741254806518555,
        20.137548446655273,
        45.886993408203125,
        12.209415435791016,
        18.02229881286621,
        12.300491333007812,
        18.38517189025879,
        12.650489807128906,
        25.72798728942871,
        12.676715850830078,
        18.561363220214844,
        18.350839614868164
    ],
    "wrong_pw_times_account2": [
        23.503780364990234,
        23.397445678710938,
        29.25252914428711,
        24.041175842285156,
        33.213138580322266,
        28.415679931640625,
        20.48778533935547,
        26.674509048461914,
        32.66191482543945,
        23.29421043395996,
        34.10077095031738,
        20.099163055419922,
        38.218021392822266,
        24.304628372192383,
        47.698259353637695,
        50.18305778503418,
        24.404525756835938,
        18.718719482421875,
        35.735368728637695,
        22.92323112487793,
        20.268678665161133,
        27.693986892700195,
        37.14275360107422,
        30.557870864868164,
        18.320322036743164,
        33.83994102478027,
        22.253036499023438,
        31.377077102661133,
        22.566556930541992,
        41.89133644104004,
        27.733325958251953,
        35.6287956237793,
        34.84797477722168,
        33.1423282623291,
        25.57063102722168,
        21.82745933532715,
        29.35957908630371,
        18.714189529418945,
        28.075456619262695,
        27.315616607666016,
        28.526782989501953,
        21.194934844970703,
        39.3214225769043,
        31.2347412109375,
        31.258106231689453,
        35.11643409729004,
        32.19938278198242,
        21.11053466796875,
        23.160934448242188,
        25.465011596679688
    ]
}