{
    "wrong_email_times_account1": [
        45.56465148925781,
        17.39978790283203,
        17.78721809387207,
        18.37944984436035,
        14.184713363647461,
        14.30368423461914,
        15.86008071899414,
        16.655683517456055,
        18.634319305419922,
        15.206575393676758,
        18.48125457763672,
        15.969514846801758,
        38.40923309326172,
        36.0407829284668,
        15.997171401977539,
        19.175291061401367,
        16.649246215820312,
        21.904945373535156,
        16.312837600708008,
        17.6241397857666,
        14.040946960449219,
        34.42025184631348,
        60.52231788635254,
        14.086008071899414,
        17.134904861450195,
        12.491703033447266,
        22.47786521911621,
        11.792421340942383,
        18.306255340576172,
        39.1383171081543,
        12.34745979309082,
        14.651298522949219,
        13.05246353149414,
        21.89946174621582,
        14.890909194946289,
        19.10686492919922,
        16.73126220703125,
        15.385866165161133,
        18.74709129333496,
        17.014503479003906,
        16.499996185302734,
        15.35177230834961,
        17.076492309570312,
        18.593311309814453,
        30.06601333618164,
        15.209436416625977,
        26.517868041992188,
        22.0797061920166,
        21.692752838134766,
        17.629146575927734
    ],
    "wrong_pw_times_account1": [
        77.56423950195312,
        25.442838668823242,
        30.020952224731445,
        35.126686096191406,
        33.10656547546387,
        27.2066593170166,
        22.07660675048828,
        28.000593185424805,
        23.79441261291504,
        75.85716247558594,
        42.40727424621582,
        20.480871200561523,
        27.94623374938965,
        28.50055694580078,
        20.3704833984375,
        33.093929290771484,
        27.487516403198242,
        39.518117904663086,
        21.91162109375,
        22.970914840698242,
        30.922412872314453,
        93.65200996398926,
        106.38904571533203,
        25.000333786010742,
        33.18190574645996,
        24.139404296875,
        26.842117309570312,
        40.8477783203125,
        39.04414176940918,
        31.087160110473633,
        27.176856994628906,
        25.930404663085938,
        26.3521671295166,
        44.70109939575195,
        24.274110794067383,
        28.74755859375,
        28.7783145904541,
        19.26398277282715,
        21.695852279663086,
        32.8977108001709,
        24.217844009399414,
        57.489871978759766,
        21.30436897277832,
        28.092622756958008,
        24.4748592376709,
        23.602724075317383,
        22.022008895874023,
        21.076679229736328,
        19.101619720458984,
        23.322582244873047
    ],
    "wrong_email_times_account2": [
        18.517494201660156,
        21.881580352783203,
        12.288331985473633,
        16.163110733032227,
        23.004531860351562,
        18.62502098083496,
        38.2542610168457,
        135.21885871887207,
        36.80610656738281,
        16.164302825927734,
        14.749526977539062,
        18.639087677001953,
        14.08243179321289,
        13.407230377197266,
        13.201713562011719,
        16.662120819091797,
        40.160179138183594,
        14.748334884643555,
        15.149831771850586,
        25.85768699645996,
        19.213438034057617,
        16.78633689880371,
        20.041942596435547,
        19.143104553222656,
        17.60125160217285,
        13.648509979248047,
        15.603303909301758,
        21.970272064208984,
        20.653486251831055,
        13.540029525756836,
        16.030550003051758,
        16.187429428100586,
        49.631595611572266,
        23.471355438232422,
        40.46988487243652,
        25.63190460205078,
        17.47727394104004,
        20.224332809448242,
        19.127845764160156,
        21.563291549682617,
        32.34434127807617,
        14.539718627929688,
        23.103713989257812,
        16.884803771972656,
        19.201040267944336,
        82.95440673828125,
        13.809442520141602,
        11.879444122314453,
        29.746055603027344,
        19.041776657104492
    ],
    "wrong_pw_times_account2": [
        25.408029556274414,
        23.378372192382812,
        26.62181854248047,
        28.301239013671875,
        22.136449813842773,
        23.745298385620117,
        25.62117576599121,
        32.95397758483887,
        24.905681610107422,
        22.083282470703125,
        25.071382522583008,
        35.67957878112793,
        20.112037658691406,
        20.730972290039062,
        21.66891098022461,
        30.2278995513916,
        19.24753189086914,
        36.59558296203613,
        55.542945861816406,
        51.841020584106445,
        30.607938766479492,
        41.93878173828125,
        32.625436782836914,
        38.628578186035156,
        26.33523941040039,
        21.38996124267578,
        34.133195877075195,
        28.82242202758789,
        26.5810489654541,
        26.35049819946289,
        35.65645217895508,
        24.191856384277344,
        23.447275161743164,
        23.46205711364746,
        27.792692184448242,
        41.87440872192383,
        22.954225540161133,
        28.9151668548584,
        20.844697952270508,
        29.51359748840332,
        27.382612228393555,
        46.31662368774414,
        26.660680770874023,
        26.474714279174805,
        36.40413284301758,
        24.350881576538086,
        23.298263549804688,
        24.326086044311523,
        27.177810668945312,
        29.0677547454834
    ]
}