{
    "wrong_email_times_account1": [
        39.41965103149414,
        120.7587718963623,
        19.392967224121094,
        11.606931686401367,
        17.681598663330078,
        15.516519546508789,
        46.41842842102051,
        19.666194915771484,
        20.489931106567383,
        12.023687362670898,
        14.876127243041992,
        25.91109275817871,
        12.463569641113281,
        16.650676727294922,
        15.015840530395508,
        12.009620666503906,
        25.45619010925293,
        11.620521545410156,
        12.532472610473633,
        14.783143997192383,
        17.043590545654297,
        43.51639747619629,
        13.234138488769531,
        27.040719985961914,
        39.067745208740234,
        15.522241592407227,
        13.510942459106445,
        12.120962142944336,
        19.266366958618164,
        25.87127685546875,
        35.60042381286621,
        12.827634811401367,
        11.439323425292969,
        11.245489120483398,
        14.958381652832031,
        16.644954681396484,
        41.25237464904785,
        37.22524642944336,
        31.549692153930664,
        16.25370979309082,
        16.034841537475586,
        14.221429824829102,
        24.80912208557129,
        49.28326606750488,
        11.433839797973633,
        18.34702491760254,
        46.430110931396484,
        14.640092849731445,
        19.614696502685547,
        17.240047454833984
    ],
    "wrong_pw_times_account1": [
        48.163652420043945,
        169.23975944519043,
        34.86013412475586,
        21.724700927734375,
        20.750999450683594,
        30.89618682861328,
        29.528379440307617,
        32.91749954223633,
        39.85118865966797,
        21.419286727905273,
        28.452157974243164,
        69.30017471313477,
        25.213241577148438,
        24.468660354614258,
        63.424110412597656,
        27.635574340820312,
        29.49833869934082,
        25.79212188720703,
        21.799564361572266,
        51.25617980957031,
        21.429777145385742,
        18.787145614624023,
        47.72186279296875,
        39.66784477233887,
        40.3599739074707,
        25.757551193237305,
        21.244287490844727,
        20.864486694335938,
        19.281864166259766,
        81.24303817749023,
        40.96817970275879,
        22.38917350769043,
        20.49732208251953,
        24.993181228637695,
        22.16053009033203,
        25.820016860961914,
        28.756141662597656,
        32.60350227355957,
        23.720741271972656,
        17.934560775756836,
        20.854711532592773,
        20.931720733642578,
        30.210494995117188,
        27.670860290527344,
        29.41155433654785,
        31.998872756958008,
        26.583433151245117,
        24.357080459594727,
        21.361827850341797,
        22.84717559814453
    ],
    "wrong_email_times_account2": [
        19.633054733276367,
        18.785953521728516,
        16.889572143554688,
        23.426532745361328,
        15.032529830932617,
        19.484996795654297,
        18.088817596435547,
        20.465612411499023,
        23.161649703979492,
        24.81222152709961,
        16.58034324645996,
        17.468929290771484,
        55.483102798461914,
        14.244318008422852,
        16.76774024963379,
        15.939712524414062,
        26.920318603515625,
        12.697219848632812,
        47.99699783325195,
        16.18051528930664,
        11.960268020629883,
        26.066064834594727,
        18.37897300720215,
        17.52924919128418,
        23.206710815429688,
        14.13273811340332,
        24.407386779785156,
        17.250537872314453,
        32.2871208190918,
        12.07280158996582,
        25.087594985961914,
        18.060922622680664,
        18.40519905090332,
        22.479772567749023,
        20.380020141601562,
        20.252466201782227,
        21.990537643432617,
        18.677711486816406,
        15.753746032714844,
        21.404743194580078,
        30.488967895507812,
        12.887001037597656,
        21.629810333251953,
        16.548633575439453,
        22.541284561157227,
        12.845039367675781,
        13.335227966308594,
        17.925024032592773,
        19.872188568115234,
        18.474102020263672
    ],
    "wrong_pw_times_account2": [
        63.68899345397949,
        26.119709014892578,
        23.28348159790039,
        35.851240158081055,
        32.52124786376953,
        40.389299392700195,
        24.197101593017578,
        25.599956512451172,
        27.730703353881836,
        21.92854881286621,
        64.16082382202148,
        35.314083099365234,
        127.63833999633789,
        122.66802787780762,
        28.421401977539062,
        31.284093856811523,
        27.527570724487305,
        41.481971740722656,
        27.04620361328125,
        28.905868530273438,
        22.01104164123535,
        25.624752044677734,
        23.253917694091797,
        27.675390243530273,
        22.9337215423584,
        92.29278564453125,
        53.77626419067383,
        24.5361328125,
        30.0443172454834,
        34.94000434875488,
        20.20096778869629,
        33.792734146118164,
        62.43777275085449,
        38.92803192138672,
        24.84416961669922,
        26.15070343017578,
        35.24327278137207,
        30.775785446166992,
        31.249523162841797,
        61.18917465209961,
        22.7813720703125,
        19.00959014892578,
        26.116371154785156,
        33.70404243469238,
        26.549339294433594,
        31.830787658691406,
        18.857240676879883,
        34.124135971069336,
        30.31182289123535,
        54.88920211791992
    ]
}