{
    "wrong_email_times_account1": [
        37.33181953430176,
        16.415119171142578,
        10.639667510986328,
        13.037681579589844,
        16.661643981933594,
        19.03247833251953,
        16.299724578857422,
        16.211986541748047,
        14.049530029296875,
        16.67618751525879,
        14.247655868530273,
        13.42010498046875,
        11.862516403198242,
        13.379573822021484,
        12.624502182006836,
        15.341043472290039,
        43.9610481262207,
        11.149406433105469,
        23.722410202026367,
        31.623363494873047,
        11.666059494018555,
        15.598297119140625,
        12.53056526184082,
        11.328697204589844,
        23.108959197998047,
        20.95627784729004,
        14.229774475097656,
        12.634515762329102,
        12.88914680480957,
        19.889354705810547,
        17.5778865814209,
        14.700889587402344,
        59.33880805969238,
        17.055273056030273,
        12.956619262695312,
        13.582229614257812,
        51.20682716369629,
        18.082618713378906,
        24.32870864868164,
        12.463092803955078,
        13.799667358398438,
        58.91609191894531,
        16.069412231445312,
        17.88640022277832,
        17.635345458984375,
        28.989315032958984,
        16.538381576538086,
        17.615079879760742,
        22.808074951171875,
        26.747465133666992
    ],
    "wrong_pw_times_account1": [
        50.39620399475098,
        28.34343910217285,
        21.809101104736328,
        23.73981475830078,
        24.42026138305664,
        34.92140769958496,
        22.55988121032715,
        21.01874351501465,
        35.256147384643555,
        28.05185317993164,
        27.187585830688477,
        30.420541763305664,
        18.91636848449707,
        17.55547523498535,
        20.06983757019043,
        33.84685516357422,
        21.01731300354004,
        22.86839485168457,
        24.733304977416992,
        27.32682228088379,
        20.2789306640625,
        25.989770889282227,
        18.929481506347656,
        19.67906951904297,
        29.114246368408203,
        19.08135414123535,
        23.872852325439453,
        21.858930587768555,
        38.83218765258789,
        26.43609046936035,
        27.2216796875,
        22.227764129638672,
        36.47208213806152,
        24.03998374938965,
        23.88787269592285,
        64.11623954772949,
        34.37304496765137,
        25.891542434692383,
        40.177345275878906,
        18.614768981933594,
        30.857563018798828,
        139.04237747192383,
        20.93362808227539,
        22.198200225830078,
        41.473388671875,
        61.72800064086914,
        64.22901153564453,
        18.687963485717773,
        34.67106819152832,
        25.455713272094727
    ],
    "wrong_email_times_account2": [
        12.252569198608398,
        68.73154640197754,
        33.124685287475586,
        14.751672744750977,
        19.250869750976562,
        18.19133758544922,
        15.47098159790039,
        24.184226989746094,
        16.097068786621094,
        21.75736427307129,
        19.81377601623535,
        20.085811614990234,
        17.808198928833008,
        12.972831726074219,
        16.198396682739258,
        14.491796493530273,
        15.930652618408203,
        12.848377227783203,
        11.724472045898438,
        13.303518295288086,
        45.3336238861084,
        20.670413970947266,
        12.430429458618164,
        36.57078742980957,
        13.319253921508789,
        19.086599349975586,
        13.739585876464844,
        24.809598922729492,
        15.538454055786133,
        12.597084045410156,
        24.512052536010742,
        27.22001075744629,
        30.829191207885742,
        15.099048614501953,
        13.597965240478516,
        17.924070358276367,
        20.373821258544922,
        16.58034324645996,
        18.94545555114746,
        16.561031341552734,
        13.432741165161133,
        19.42133903503418,
        16.106367111206055,
        18.83697509765625,
        19.21534538269043,
        15.174388885498047,
        28.5036563873291,
        15.450716018676758,
        21.0115909576416,
        11.725187301635742
    ],
    "wrong_pw_times_account2": [
        20.352840423583984,
        36.03649139404297,
        42.46807098388672,
        27.1756649017334,
        49.368858337402344,
        36.38124465942383,
        21.178245544433594,
        47.08576202392578,
        29.805421829223633,
        32.42349624633789,
        25.84528923034668,
        26.972293853759766,
        34.13081169128418,
        23.610591888427734,
        21.06499671936035,
        29.865741729736328,
        29.50310707092285,
        26.584625244140625,
        30.20620346069336,
        40.7261848449707,
        36.139726638793945,
        29.749631881713867,
        36.14974021911621,
        21.23737335205078,
        19.004106521606445,
        22.31121063232422,
        24.960756301879883,
        25.521278381347656,
        75.2110481262207,
        20.098447799682617,
        21.685123443603516,
        28.077125549316406,
        42.56725311279297,
        22.373437881469727,
        27.62460708618164,
        33.93197059631348,
        25.98118782043457,
        31.259775161743164,
        36.84520721435547,
        23.26822280883789,
        20.33233642578125,
        78.54223251342773,
        35.16387939453125,
        22.983074188232422,
        20.709991455078125,
        75.89602470397949,
        20.171642303466797,
        74.91469383239746,
        20.121335983276367,
        24.88112449645996
    ]
}