{
    "wrong_email_times_account1": [
        43.33209991455078,
        17.251253128051758,
        13.519048690795898,
        17.401695251464844,
        28.30648422241211,
        15.69223403930664,
        16.64280891418457,
        16.492366790771484,
        13.180255889892578,
        15.586137771606445,
        12.858152389526367,
        15.083789825439453,
        32.83858299255371,
        14.596939086914062,
        11.799812316894531,
        17.733097076416016,
        14.794111251831055,
        39.298295974731445,
        38.45930099487305,
        11.465072631835938,
        16.556978225708008,
        15.39921760559082,
        11.604070663452148,
        20.378828048706055,
        14.375448226928711,
        15.846490859985352,
        20.43914794921875,
        22.182703018188477,
        51.08976364135742,
        11.379003524780273,
        18.27716827392578,
        19.049882888793945,
        11.745214462280273,
        17.78697967529297,
        30.790328979492188,
        709.6090316772461,
        16.558408737182617,
        11.218547821044922,
        17.06242561340332,
        21.019935607910156,
        13.686656951904297,
        13.53597640991211,
        21.75140380859375,
        18.47982406616211,
        17.026424407958984,
        19.09780502319336,
        28.244495391845703,
        54.71014976501465,
        22.95708656311035,
        14.119625091552734
    ],
    "wrong_pw_times_account1": [
        51.56755447387695,
        25.858640670776367,
        28.664827346801758,
        19.585371017456055,
        53.06434631347656,
        22.136211395263672,
        25.658845901489258,
        29.00862693786621,
        26.090383529663086,
        21.934032440185547,
        34.563541412353516,
        25.246620178222656,
        32.350778579711914,
        27.50992774963379,
        18.65696907043457,
        18.398761749267578,
        18.776655197143555,
        29.263973236083984,
        18.055200576782227,
        27.107715606689453,
        26.007413864135742,
        25.518417358398438,
        19.946813583374023,
        84.29169654846191,
        25.265216827392578,
        32.062530517578125,
        27.480602264404297,
        31.239986419677734,
        45.03464698791504,
        22.877931594848633,
        28.569936752319336,
        53.731679916381836,
        29.989957809448242,
        22.36199378967285,
        69.84281539916992,
        602.6673316955566,
        25.52199363708496,
        23.60057830810547,
        21.66748046875,
        27.6033878326416,
        31.33249282836914,
        35.69841384887695,
        25.435447692871094,
        26.892662048339844,
        31.9058895111084,
        30.764102935791016,
        27.724266052246094,
        26.102542877197266,
        24.284839630126953,
        33.13255310058594
    ],
    "wrong_email_times_account2": [
        14.749288558959961,
        16.082048416137695,
        12.86458969116211,
        19.491195678710938,
        20.5841064453125,
        16.315221786499023,
        14.295101165771484,
        17.881393432617188,
        21.0416316986084,
        15.31362533569336,
        14.839410781860352,
        14.494657516479492,
        21.336793899536133,
        16.9069766998291,
        22.263288497924805,
        21.099328994750977,
        14.72163200378418,
        22.318124771118164,
        17.46845245361328,
        15.42973518371582,
        16.384601593017578,
        18.115758895874023,
        17.05336570739746,
        19.00768280029297,
        22.52030372619629,
        19.025325775146484,
        13.820648193359375,
        20.332813262939453,
        21.169185638427734,
        18.35036277770996,
        15.609025955200195,
        18.352985382080078,
        20.247459411621094,
        11.947154998779297,
        19.004344940185547,
        14.515399932861328,
        19.464969635009766,
        20.92432975769043,
        16.3424015045166,
        17.431974411010742,
        31.153440475463867,
        21.7282772064209,
        13.138532638549805,
        19.522428512573242,
        11.63792610168457,
        18.415451049804688,
        25.40898323059082,
        49.19266700744629,
        16.547441482543945,
        20.70140838623047
    ],
    "wrong_pw_times_account2": [
        20.748376846313477,
        38.59829902648926,
        29.862642288208008,
        35.900115966796875,
        53.35116386413574,
        23.1173038482666,
        23.53382110595703,
        21.85964584350586,
        50.09102821350098,
        24.863004684448242,
        74.81265068054199,
        30.31301498413086,
        43.86281967163086,
        19.759178161621094,
        29.27374839782715,
        23.457765579223633,
        26.11374855041504,
        24.37758445739746,
        29.994487762451172,
        23.865699768066406,
        44.21067237854004,
        32.93347358703613,
        30.86996078491211,
        17.963171005249023,
        26.471376419067383,
        20.107746124267578,
        48.18320274353027,
        30.15899658203125,
        39.452552795410156,
        21.9576358795166,
        31.85415267944336,
        18.837690353393555,
        19.367694854736328,
        29.965877532958984,
        22.472381591796875,
        26.859045028686523,
        24.98650550842285,
        29.307842254638672,
        41.12386703491211,
        28.608322143554688,
        19.093990325927734,
        26.593446731567383,
        21.201372146606445,
        26.238679885864258,
        56.80251121520996,
        25.52032470703125,
        33.350467681884766,
        26.88002586364746,
        32.186031341552734,
        32.655954360961914
    ]
}