{
    "wrong_email_times_account1": [
        26.760339736938477,
        35.59541702270508,
        20.961999893188477,
        18.034696578979492,
        18.955230712890625,
        11.490345001220703,
        13.202667236328125,
        28.99003028869629,
        13.766765594482422,
        13.170957565307617,
        17.294645309448242,
        21.795988082885742,
        19.652128219604492,
        12.253522872924805,
        19.17243003845215,
        16.749858856201172,
        26.5810489654541,
        24.617910385131836,
        15.421152114868164,
        15.829801559448242,
        11.156082153320312,
        39.59488868713379,
        15.643835067749023,
        12.801408767700195,
        19.427776336669922,
        26.292085647583008,
        20.220041275024414,
        69.30851936340332,
        37.51564025878906,
        12.105703353881836,
        12.57944107055664,
        125.82898139953613,
        13.181924819946289,
        16.35146141052246,
        16.56365394592285,
        90.45267105102539,
        15.617132186889648,
        11.3525390625,
        18.557310104370117,
        25.483369827270508,
        21.661758422851562,
        16.74365997314453,
        14.823198318481445,
        17.73381233215332,
        13.065099716186523,
        12.390613555908203,
        14.829635620117188,
        17.740726470947266,
        40.09747505187988,
        13.99540901184082
    ],
    "wrong_pw_times_account1": [
        33.65373611450195,
        42.03057289123535,
        38.43998908996582,
        36.412715911865234,
        31.795024871826172,
        24.81555938720703,
        25.36797523498535,
        17.520427703857422,
        54.709434509277344,
        28.204917907714844,
        23.067712783813477,
        32.636404037475586,
        29.280424118041992,
        18.769025802612305,
        26.677608489990234,
        36.917924880981445,
        24.898767471313477,
        30.135154724121094,
        20.62392234802246,
        22.35698699951172,
        21.108627319335938,
        25.431394577026367,
        23.659944534301758,
        26.87668800354004,
        20.631074905395508,
        68.07923316955566,
        26.871442794799805,
        31.175851821899414,
        37.26816177368164,
        23.18096160888672,
        44.85058784484863,
        56.88953399658203,
        33.99348258972168,
        23.96106719970703,
        22.372007369995117,
        36.24701499938965,
        28.684616088867188,
        37.74070739746094,
        27.517318725585938,
        30.156373977661133,
        66.56122207641602,
        35.16507148742676,
        20.39957046508789,
        39.78371620178223,
        20.720481872558594,
        20.68352699279785,
        29.201269149780273,
        35.00008583068848,
        20.831823348999023,
        21.496295928955078
    ],
    "wrong_email_times_account2": [
        12.224435806274414,
        27.931690216064453,
        15.464305877685547,
        15.819549560546875,
        12.331962585449219,
        22.666215896606445,
        99.57313537597656,
        21.432876586914062,
        19.644498825073242,
        21.64626121520996,
        29.85072135925293,
        14.118432998657227,
        18.29695701599121,
        17.093896865844727,
        17.18449592590332,
        14.288663864135742,
        15.107154846191406,
        13.392925262451172,
        18.465280532836914,
        54.67867851257324,
        15.598773956298828,
        23.131608963012695,
        16.343116760253906,
        12.25733757019043,
        17.414093017578125,
        15.428781509399414,
        41.948795318603516,
        17.341136932373047,
        19.74630355834961,
        18.48149299621582,
        16.829967498779297,
        30.046463012695312,
        12.99285888671875,
        24.564743041992188,
        18.556833267211914,
        24.378061294555664,
        14.275789260864258,
        15.008211135864258,
        20.483016967773438,
        12.389421463012695,
        14.547109603881836,
        66.58411026000977,
        13.949155807495117,
        14.527082443237305,
        16.336917877197266,
        22.406339645385742,
        13.42153549194336,
        51.151275634765625,
        11.950016021728516,
        16.798973083496094
    ],
    "wrong_pw_times_account2": [
        20.48635482788086,
        31.783103942871094,
        31.1126708984375,
        38.45381736755371,
        60.16707420349121,
        24.97720718383789,
        30.780553817749023,
        37.80817985534668,
        32.999515533447266,
        23.41461181640625,
        34.28006172180176,
        101.87125205993652,
        26.342153549194336,
        23.499011993408203,
        33.934593200683594,
        24.18208122253418,
        21.379947662353516,
        28.172969818115234,
        22.58753776550293,
        34.682512283325195,
        29.99567985534668,
        24.42479133605957,
        32.530784606933594,
        19.0889835357666,
        33.852577209472656,
        31.203269958496094,
        23.276805877685547,
        21.593093872070312,
        32.84931182861328,
        21.163463592529297,
        24.06477928161621,
        24.49321746826172,
        24.44601058959961,
        31.73375129699707,
        32.113075256347656,
        24.260759353637695,
        20.313739776611328,
        24.29342269897461,
        22.362947463989258,
        30.5330753326416,
        20.712614059448242,
        20.593643188476562,
        29.139041900634766,
        31.517744064331055,
        21.280765533447266,
        29.597759246826172,
        18.064498901367188,
        34.41262245178223,
        32.018423080444336,
        32.52220153808594
    ]
}