{
    "wrong_email_times_account1": [
        26.391267776489258,
        13.98777961730957,
        43.450355529785156,
        18.88561248779297,
        17.61341094970703,
        16.196727752685547,
        20.549535751342773,
        28.25927734375,
        14.268875122070312,
        33.82253646850586,
        16.96181297302246,
        11.766672134399414,
        13.477802276611328,
        17.122745513916016,
        32.17911720275879,
        20.522356033325195,
        41.015625,
        14.38760757446289,
        12.067556381225586,
        17.35067367553711,
        18.489360809326172,
        34.781455993652344,
        13.668060302734375,
        34.18874740600586,
        11.550426483154297,
        21.43263816833496,
        14.356613159179688,
        18.080949783325195,
        12.887239456176758,
        21.068811416625977,
        22.156238555908203,
        30.803442001342773,
        24.76811408996582,
        40.54617881774902,
        21.41118049621582,
        25.50053596496582,
        17.627954483032227,
        15.432357788085938,
        12.31694221496582,
        84.01894569396973,
        40.94839096069336,
        12.295246124267578,
        53.48610877990723,
        27.09794044494629,
        18.0361270904541,
        14.576435089111328,
        13.050556182861328,
        13.866186141967773,
        15.892267227172852,
        88.06324005126953
    ],
    "wrong_pw_times_account1": [
        36.98325157165527,
        24.344682693481445,
        56.242942810058594,
        24.860858917236328,
        24.695396423339844,
        22.145986557006836,
        22.845029830932617,
        27.76336669921875,
        36.12518310546875,
        51.3150691986084,
        21.592378616333008,
        20.776987075805664,
        34.97910499572754,
        19.952774047851562,
        42.656898498535156,
        20.534992218017578,
        39.90745544433594,
        36.23199462890625,
        31.439781188964844,
        36.82255744934082,
        27.246952056884766,
        123.53372573852539,
        30.631303787231445,
        35.34865379333496,
        19.946575164794922,
        26.196956634521484,
        20.944833755493164,
        39.51430320739746,
        31.14485740661621,
        40.37833213806152,
        72.94964790344238,
        34.51657295227051,
        36.5605354309082,
        32.22370147705078,
        21.8961238861084,
        28.324604034423828,
        25.513410568237305,
        47.10674285888672,
        31.3260555267334,
        20.72930335998535,
        20.937204360961914,
        43.52617263793945,
        25.56777000427246,
        19.09041404724121,
        81.09331130981445,
        51.3913631439209,
        24.851083755493164,
        36.99207305908203,
        18.839359283447266,
        21.90113067626953
    ],
    "wrong_email_times_account2": [
        19.698381423950195,
        48.08354377746582,
        22.687196731567383,
        13.327836990356445,
        18.12577247619629,
        20.076513290405273,
        17.10200309753418,
        90.02327919006348,
        25.4209041595459,
        20.742177963256836,
        21.030664443969727,
        13.955354690551758,
        17.36927032470703,
        22.746562957763672,
        29.918193817138672,
        23.738384246826172,
        14.388322830200195,
        16.434669494628906,
        17.865896224975586,
        13.710975646972656,
        14.659643173217773,
        20.2481746673584,
        18.382549285888672,
        18.186569213867188,
        13.86880874633789,
        20.941972732543945,
        18.82195472717285,
        16.736507415771484,
        13.31949234008789,
        25.68531036376953,
        18.72396469116211,
        14.251232147216797,
        33.06245803833008,
        12.37034797668457,
        23.299694061279297,
        15.133857727050781,
        13.556957244873047,
        12.624025344848633,
        21.262407302856445,
        16.739368438720703,
        18.872976303100586,
        16.70670509338379,
        21.641969680786133,
        16.465425491333008,
        15.687942504882812,
        16.03245735168457,
        14.153718948364258,
        18.132925033569336,
        17.214059829711914,
        16.64257049560547
    ],
    "wrong_pw_times_account2": [
        21.72231674194336,
        34.6531867980957,
        26.602506637573242,
        30.542612075805664,
        32.68885612487793,
        24.54376220703125,
        43.703317642211914,
        22.733449935913086,
        30.538558959960938,
        35.17603874206543,
        21.213769912719727,
        34.446001052856445,
        27.74357795715332,
        23.482799530029297,
        34.05594825744629,
        24.777650833129883,
        19.349336624145508,
        26.158571243286133,
        26.059865951538086,
        33.18071365356445,
        20.055294036865234,
        36.21172904968262,
        24.901866912841797,
        19.359827041625977,
        24.988651275634766,
        39.37172889709473,
        40.44032096862793,
        30.306100845336914,
        21.8353271484375,
        27.776241302490234,
        19.25969123840332,
        52.42419242858887,
        27.059078216552734,
        33.61058235168457,
        30.54666519165039,
        29.0830135345459,
        23.080110549926758,
        28.6562442779541,
        41.030168533325195,
        22.917509078979492,
        21.416187286376953,
        29.69813346862793,
        21.854877471923828,
        43.53690147399902,
        89.52617645263672,
        25.845766067504883,
        24.425268173217773,
        19.23847198486328,
        37.29128837585449,
        31.884193420410156
    ]
}