{
    "wrong_email_times_account1": [
        30.63511848449707,
        19.2258358001709,
        18.325328826904297,
        16.956090927124023,
        19.452333450317383,
        18.593549728393555,
        20.392179489135742,
        17.03190803527832,
        20.961999893188477,
        15.870809555053711,
        28.498172760009766,
        16.725778579711914,
        15.98048210144043,
        19.24610137939453,
        22.2322940826416,
        17.844438552856445,
        16.24608039855957,
        12.115955352783203,
        11.531352996826172,
        17.653942108154297,
        13.90838623046875,
        24.490833282470703,
        16.261816024780273,
        14.330863952636719,
        15.362977981567383,
        21.20685577392578,
        16.138553619384766,
        17.15683937072754,
        17.277002334594727,
        16.437053680419922,
        19.74177360534668,
        18.085718154907227,
        14.009952545166016,
        15.564441680908203,
        13.916015625,
        13.582944869995117,
        13.177871704101562,
        16.247034072875977,
        48.735857009887695,
        11.156082153320312,
        15.458822250366211,
        17.03929901123047,
        14.944076538085938,
        13.147592544555664,
        19.27947998046875,
        10.895967483520508,
        17.357587814331055,
        19.533872604370117,
        19.12522315979004,
        11.954307556152344
    ],
    "wrong_pw_times_account1": [
        46.401262283325195,
        30.469894409179688,
        35.92491149902344,
        27.76503562927246,
        20.483016967773438,
        25.035858154296875,
        26.331186294555664,
        26.796817779541016,
        32.89604187011719,
        24.117469787597656,
        32.92250633239746,
        32.42015838623047,
        31.542539596557617,
        35.07184982299805,
        40.11249542236328,
        29.24656867980957,
        26.568174362182617,
        30.229568481445312,
        27.968883514404297,
        22.762298583984375,
        24.35612678527832,
        22.50838279724121,
        26.03292465209961,
        32.81831741333008,
        31.488418579101562,
        64.7268295288086,
        34.467220306396484,
        19.577503204345703,
        25.893688201904297,
        21.915435791015625,
        22.21393585205078,
        32.50622749328613,
        26.537179946899414,
        29.204607009887695,
        35.37178039550781,
        19.847869873046875,
        23.108959197998047,
        22.339582443237305,
        19.57416534423828,
        19.669055938720703,
        20.36118507385254,
        24.97243881225586,
        20.95508575439453,
        19.332170486450195,
        22.696256637573242,
        24.578094482421875,
        22.806882858276367,
        21.861553192138672,
        37.75358200073242,
        18.63694190979004
    ],
    "wrong_email_times_account2": [
        40.077924728393555,
        22.205829620361328,
        12.642860412597656,
        34.46459770202637,
        17.85731315612793,
        19.940614700317383,
        49.43060874938965,
        21.40069007873535,
        15.122652053833008,
        18.765687942504883,
        17.574071884155273,
        14.590740203857422,
        16.832590103149414,
        13.098716735839844,
        43.351173400878906,
        17.717361450195312,
        19.346952438354492,
        25.322675704956055,
        17.234325408935547,
        15.258312225341797,
        23.128747940063477,
        13.335943222045898,
        22.72319793701172,
        17.060279846191406,
        11.477470397949219,
        12.858390808105469,
        12.071609497070312,
        18.07570457458496,
        25.279760360717773,
        16.59226417541504,
        21.413087844848633,
        17.104387283325195,
        17.438411712646484,
        28.774261474609375,
        21.69036865234375,
        31.67247772216797,
        12.783050537109375,
        26.183366775512695,
        14.426469802856445,
        16.974449157714844,
        17.51875877380371,
        15.001773834228516,
        13.684511184692383,
        14.280319213867188,
        17.093896865844727,
        30.48253059387207,
        22.306203842163086,
        18.030881881713867,
        13.997077941894531,
        17.062902450561523
    ],
    "wrong_pw_times_account2": [
        65.80758094787598,
        31.37063980102539,
        27.231216430664062,
        71.19441032409668,
        27.19855308532715,
        20.822763442993164,
        23.372173309326172,
        25.67434310913086,
        34.58833694458008,
        31.876802444458008,
        22.88198471069336,
        24.31797981262207,
        21.79431915283203,
        29.996395111083984,
        18.231868743896484,
        39.65353965759277,
        21.45862579345703,
        29.862642288208008,
        23.719310760498047,
        19.286155700683594,
        23.926496505737305,
        19.78611946105957,
        26.516437530517578,
        25.98094940185547,
        25.467634201049805,
        29.910802841186523,
        20.34282684326172,
        28.33080291748047,
        21.298885345458984,
        32.386064529418945,
        164.6592617034912,
        75.11186599731445,
        44.37756538391113,
        20.110130310058594,
        51.97787284851074,
        27.85468101501465,
        31.267642974853516,
        29.161930084228516,
        34.813642501831055,
        30.047893524169922,
        20.72930335998535,
        23.059844970703125,
        24.73926544189453,
        25.20751953125,
        23.252010345458984,
        20.69234848022461,
        21.407604217529297,
        27.66704559326172,
        24.587392807006836,
        30.23529052734375
    ]
}