{
    "wrong_email_times_account1": [
        29.022216796875,
        33.31327438354492,
        36.432504653930664,
        33.33544731140137,
        31.737565994262695,
        33.986568450927734,
        34.854888916015625,
        32.52696990966797,
        31.47578239440918,
        32.7143669128418,
        18.510818481445312,
        33.966064453125,
        17.84992218017578,
        32.018423080444336,
        18.401384353637695,
        32.50885009765625,
        32.90367126464844,
        33.56361389160156,
        30.86543083190918,
        41.65816307067871,
        33.99658203125,
        28.71990203857422,
        35.2020263671875,
        34.52134132385254,
        18.30601692199707,
        32.30786323547363,
        32.62162208557129,
        20.418405532836914,
        33.167362213134766,
        36.60869598388672,
        18.29051971435547,
        32.74250030517578,
        33.135414123535156,
        18.01323890686035,
        17.846345901489258,
        17.502784729003906,
        32.47523307800293,
        17.670631408691406,
        18.45407485961914,
        33.67495536804199,
        31.24094009399414,
        32.645463943481445,
        34.471750259399414,
        34.034013748168945,
        17.913818359375,
        33.54072570800781,
        21.19302749633789,
        17.861366271972656,
        18.8748836517334,
        34.09075736999512
    ],
    "wrong_pw_times_account1": [
        102.15425491333008,
        99.92766380310059,
        62.56461143493652,
        102.58841514587402,
        102.07748413085938,
        72.50499725341797,
        64.6066665649414,
        103.52730751037598,
        103.14440727233887,
        100.96406936645508,
        102.12516784667969,
        63.28868865966797,
        102.23269462585449,
        106.88471794128418,
        109.18784141540527,
        64.48912620544434,
        64.11576271057129,
        61.25807762145996,
        103.41596603393555,
        61.94329261779785,
        104.27594184875488,
        64.99719619750977,
        103.66082191467285,
        63.45796585083008,
        102.4782657623291,
        104.9044132232666,
        104.16507720947266,
        102.36716270446777,
        61.05661392211914,
        100.76284408569336,
        61.858177185058594,
        100.14510154724121,
        72.64447212219238,
        101.30429267883301,
        62.65664100646973,
        63.01569938659668,
        69.75674629211426,
        101.8228530883789,
        101.12667083740234,
        102.33712196350098,
        62.2861385345459,
        63.96031379699707,
        104.72798347473145,
        105.01646995544434,
        101.39107704162598,
        101.37033462524414,
        104.32052612304688,
        61.64431571960449,
        62.241315841674805,
        66.06340408325195
    ],
    "wrong_email_times_account2": [
        48.58994483947754,
        36.315202713012695,
        32.26733207702637,
        33.29300880432129,
        20.309925079345703,
        34.01517868041992,
        31.23617172241211,
        19.504070281982422,
        21.765947341918945,
        42.818546295166016,
        22.63927459716797,
        18.123149871826172,
        17.77482032775879,
        32.15646743774414,
        33.39719772338867,
        21.97408676147461,
        33.269643783569336,
        23.225784301757812,
        33.50090980529785,
        34.68656539916992,
        17.5473690032959,
        17.998218536376953,
        18.032550811767578,
        19.327878952026367,
        31.455278396606445,
        17.93670654296875,
        35.42828559875488,
        17.66681671142578,
        31.291961669921875,
        33.486366271972656,
        33.179521560668945,
        32.997846603393555,
        18.89944076538086,
        32.89484977722168,
        33.85114669799805,
        18.02539825439453,
        34.21664237976074,
        34.34467315673828,
        22.09615707397461,
        31.606674194335938,
        33.12516212463379,
        51.659345626831055,
        33.74433517456055,
        31.21662139892578,
        34.46340560913086,
        33.43772888183594,
        18.184900283813477,
        32.18865394592285,
        36.229610443115234,
        17.185688018798828
    ],
    "wrong_pw_times_account2": [
        101.34005546569824,
        120.71442604064941,
        78.77707481384277,
        65.38033485412598,
        100.93903541564941,
        64.58640098571777,
        104.01129722595215,
        64.81170654296875,
        100.80122947692871,
        64.27288055419922,
        63.300132751464844,
        71.9611644744873,
        103.43623161315918,
        104.02393341064453,
        103.13916206359863,
        62.46590614318848,
        64.29100036621094,
        65.61422348022461,
        62.06369400024414,
        66.43319129943848,
        101.48453712463379,
        60.956478118896484,
        102.81896591186523,
        108.30068588256836,
        102.24509239196777,
        104.09712791442871,
        61.0501766204834,
        62.54744529724121,
        67.71683692932129,
        67.66581535339355,
        61.41543388366699,
        70.4488754272461,
        61.0501766204834,
        61.95783615112305,
        103.63197326660156,
        101.7613410949707,
        122.11298942565918,
        102.83398628234863,
        102.71310806274414,
        68.27068328857422,
        64.3765926361084,
        63.61079216003418,
        63.26794624328613,
        103.97911071777344,
        101.40490531921387,
        102.65016555786133,
        61.2645149230957,
        70.48177719116211,
        61.801910400390625,
        62.584877014160156
    ]
}