{
    "wrong_email_times_account1": [
        33.090829849243164,
        33.77890586853027,
        17.791748046875,
        33.31875801086426,
        19.552230834960938,
        24.794340133666992,
        30.0443172454834,
        33.72645378112793,
        33.21337699890137,
        35.592079162597656,
        17.87567138671875,
        33.10704231262207,
        34.68942642211914,
        17.953872680664062,
        17.4100399017334,
        28.460264205932617,
        17.549991607666016,
        18.49651336669922,
        33.728599548339844,
        35.74776649475098,
        33.44273567199707,
        18.213748931884766,
        32.51028060913086,
        18.277883529663086,
        31.476974487304688,
        30.765533447265625,
        18.048763275146484,
        32.48453140258789,
        31.177282333374023,
        18.513917922973633,
        41.79573059082031,
        19.411802291870117,
        19.98734474182129,
        33.1721305847168,
        50.446510314941406,
        34.316301345825195,
        36.485910415649414,
        41.162729263305664,
        33.358097076416016,
        32.324790954589844,
        19.426584243774414,
        32.892704010009766,
        17.90904998779297,
        32.10139274597168,
        32.75489807128906,
        18.50414276123047,
        17.52185821533203,
        31.658649444580078,
        33.094167709350586,
        22.244691848754883
    ],
    "wrong_pw_times_account1": [
        62.78204917907715,
        71.38848304748535,
        102.03814506530762,
        61.91229820251465,
        107.25092887878418,
        115.08369445800781,
        62.78491020202637,
        117.31719970703125,
        101.80783271789551,
        102.65660285949707,
        103.29723358154297,
        62.17145919799805,
        101.67407989501953,
        71.34652137756348,
        62.35861778259277,
        62.80112266540527,
        62.30640411376953,
        102.56147384643555,
        102.71120071411133,
        67.7180290222168,
        105.17358779907227,
        102.46562957763672,
        62.43467330932617,
        63.20834159851074,
        62.92462348937988,
        72.20649719238281,
        64.03350830078125,
        64.23020362854004,
        67.41142272949219,
        61.005353927612305,
        106.05716705322266,
        102.92506217956543,
        106.86397552490234,
        105.73363304138184,
        101.6085147857666,
        102.82278060913086,
        63.43960762023926,
        101.94134712219238,
        102.86521911621094,
        62.49666213989258,
        66.04671478271484,
        101.5162467956543,
        105.93938827514648,
        111.04416847229004,
        103.70349884033203,
        64.53442573547363,
        62.778472900390625,
        104.12025451660156,
        101.46355628967285,
        63.53759765625
    ],
    "wrong_email_times_account2": [
        24.114131927490234,
        17.804384231567383,
        33.503055572509766,
        34.151315689086914,
        43.532609939575195,
        18.157243728637695,
        32.65118598937988,
        34.86061096191406,
        33.5843563079834,
        19.89126205444336,
        33.502817153930664,
        22.331953048706055,
        33.50520133972168,
        32.531023025512695,
        17.80247688293457,
        21.26908302307129,
        31.403064727783203,
        33.133745193481445,
        33.39695930480957,
        17.73524284362793,
        31.058788299560547,
        33.98537635803223,
        18.407344818115234,
        30.8377742767334,
        45.13096809387207,
        22.045373916625977,
        33.634185791015625,
        19.400358200073242,
        32.149314880371094,
        35.72416305541992,
        34.154415130615234,
        17.864227294921875,
        32.69028663635254,
        17.76266098022461,
        33.39505195617676,
        21.54541015625,
        32.10854530334473,
        18.184900283813477,
        17.815351486206055,
        31.0671329498291,
        17.822265625,
        17.397165298461914,
        31.505823135375977,
        33.100128173828125,
        33.86831283569336,
        18.390417098999023,
        18.37635040283203,
        28.049707412719727,
        32.45115280151367,
        32.53912925720215
    ],
    "wrong_pw_times_account2": [
        102.7529239654541,
        105.64351081848145,
        62.723398208618164,
        102.30207443237305,
        103.08146476745605,
        62.523603439331055,
        61.65933609008789,
        102.4017333984375,
        125.57220458984375,
        102.96773910522461,
        61.057329177856445,
        61.75732612609863,
        102.87261009216309,
        102.04148292541504,
        65.87338447570801,
        102.15139389038086,
        104.48265075683594,
        100.56757926940918,
        104.63881492614746,
        103.37638854980469,
        101.23896598815918,
        79.12206649780273,
        99.54428672790527,
        62.50596046447754,
        103.28960418701172,
        62.03746795654297,
        103.01804542541504,
        62.21508979797363,
        118.00622940063477,
        61.39636039733887,
        62.88886070251465,
        103.60169410705566,
        61.37895584106445,
        62.552452087402344,
        102.94127464294434,
        65.32001495361328,
        99.76387023925781,
        115.60773849487305,
        102.60748863220215,
        100.86369514465332,
        62.64615058898926,
        63.25101852416992,
        63.25721740722656,
        101.8209457397461,
        62.294721603393555,
        63.870906829833984,
        104.43782806396484,
        109.60888862609863,
        115.19527435302734,
        63.04192543029785
    ]
}