{
    "wrong_email_times_account1": [
        21.7592716217041,
        20.1261043548584,
        53.96842956542969,
        31.787872314453125,
        32.85336494445801,
        49.64017868041992,
        32.51361846923828,
        33.2331657409668,
        34.5158576965332,
        33.50830078125,
        30.88688850402832,
        20.99752426147461,
        46.89621925354004,
        19.64402198791504,
        17.48800277709961,
        33.08248519897461,
        35.70437431335449,
        32.233476638793945,
        18.012523651123047,
        33.72454643249512,
        32.75895118713379,
        17.972469329833984,
        33.47969055175781,
        32.99760818481445,
        35.079240798950195,
        36.56435012817383,
        18.52107048034668,
        33.0357551574707,
        26.60393714904785,
        32.361507415771484,
        39.44897651672363,
        32.27734565734863,
        27.624845504760742,
        33.63156318664551,
        19.41204071044922,
        18.12267303466797,
        17.49396324157715,
        16.93558692932129,
        34.20686721801758,
        18.462419509887695,
        33.62560272216797,
        18.998146057128906,
        32.43899345397949,
        31.277179718017578,
        32.474517822265625,
        18.152475357055664,
        28.049468994140625,
        33.21957588195801,
        33.57267379760742,
        34.92617607116699
    ],
    "wrong_pw_times_account1": [
        62.55078315734863,
        63.55881690979004,
        123.51274490356445,
        103.52039337158203,
        104.46763038635254,
        60.68682670593262,
        102.64849662780762,
        60.96792221069336,
        100.51679611206055,
        62.09993362426758,
        104.51173782348633,
        61.35439872741699,
        62.25728988647461,
        103.32322120666504,
        101.15551948547363,
        66.27321243286133,
        64.73398208618164,
        104.17890548706055,
        100.36611557006836,
        101.06444358825684,
        65.7501220703125,
        61.87129020690918,
        63.25197219848633,
        62.348365783691406,
        64.29219245910645,
        60.79459190368652,
        65.18387794494629,
        102.44178771972656,
        102.32686996459961,
        100.45886039733887,
        101.04179382324219,
        63.48705291748047,
        103.32632064819336,
        62.18671798706055,
        61.42783164978027,
        103.14202308654785,
        100.77166557312012,
        115.68903923034668,
        68.33934783935547,
        103.11627388000488,
        103.57999801635742,
        63.253164291381836,
        103.14297676086426,
        62.105655670166016,
        99.78747367858887,
        97.73397445678711,
        61.99979782104492,
        101.19199752807617,
        62.323570251464844,
        61.9051456451416
    ],
    "wrong_email_times_account2": [
        33.103227615356445,
        17.776012420654297,
        42.78874397277832,
        17.521142959594727,
        33.09130668640137,
        18.756389617919922,
        23.913145065307617,
        32.4101448059082,
        28.042078018188477,
        34.0120792388916,
        17.319440841674805,
        18.240928649902344,
        20.9197998046875,
        18.94211769104004,
        18.014192581176758,
        33.180952072143555,
        31.136751174926758,
        45.893192291259766,
        24.11031723022461,
        17.987728118896484,
        31.63456916809082,
        22.55415916442871,
        27.843713760375977,
        31.444311141967773,
        18.36872100830078,
        33.92982482910156,
        33.617496490478516,
        21.453857421875,
        19.214630126953125,
        18.7680721282959,
        17.755746841430664,
        32.35769271850586,
        18.143415451049805,
        28.058528900146484,
        21.445274353027344,
        33.91075134277344,
        18.874168395996094,
        31.437397003173828,
        31.169891357421875,
        33.74528884887695,
        20.741701126098633,
        27.455568313598633,
        19.588947296142578,
        18.49818229675293,
        33.28251838684082,
        22.017717361450195,
        18.749237060546875,
        34.49606895446777,
        31.3565731048584,
        19.119739532470703
    ],
    "wrong_pw_times_account2": [
        102.6155948638916,
        65.44160842895508,
        104.1252613067627,
        101.32694244384766,
        69.1378116607666,
        71.54655456542969,
        99.19404983520508,
        61.635494232177734,
        61.347246170043945,
        103.08218002319336,
        62.66665458679199,
        101.67884826660156,
        101.49335861206055,
        62.64781951904297,
        116.51206016540527,
        71.8681812286377,
        62.148094177246094,
        102.08606719970703,
        102.53715515136719,
        101.86386108398438,
        62.151193618774414,
        101.56869888305664,
        102.66613960266113,
        102.72097587585449,
        102.53334045410156,
        101.20415687561035,
        103.63125801086426,
        61.4171028137207,
        72.91579246520996,
        61.28573417663574,
        64.15343284606934,
        102.41889953613281,
        101.19843482971191,
        61.5692138671875,
        101.27830505371094,
        63.11392784118652,
        62.6223087310791,
        101.18961334228516,
        103.21903228759766,
        61.400651931762695,
        61.72657012939453,
        64.49031829833984,
        103.34300994873047,
        100.8908748626709,
        101.46951675415039,
        102.34928131103516,
        68.79210472106934,
        62.18528747558594,
        64.85962867736816,
        71.90489768981934
    ]
}