{
    "wrong_email_times_account1": [
        32.77778625488281,
        33.19835662841797,
        19.86551284790039,
        32.680511474609375,
        31.121492385864258,
        19.429683685302734,
        32.54270553588867,
        17.42839813232422,
        32.75179862976074,
        33.41841697692871,
        26.75151824951172,
        17.748594284057617,
        33.050537109375,
        48.525333404541016,
        32.817840576171875,
        34.48057174682617,
        34.01803970336914,
        33.92291069030762,
        19.446372985839844,
        32.96780586242676,
        18.85056495666504,
        18.14866065979004,
        31.933069229125977,
        17.537355422973633,
        18.6617374420166,
        47.51920700073242,
        17.821073532104492,
        21.247148513793945,
        27.002334594726562,
        20.229578018188477,
        31.70633316040039,
        18.856287002563477,
        33.875465393066406,
        32.80067443847656,
        38.29669952392578,
        47.36757278442383,
        22.02153205871582,
        30.41386604309082,
        17.254114151000977,
        31.617403030395508,
        20.346879959106445,
        20.958662033081055,
        33.70523452758789,
        27.075767517089844,
        34.93976593017578,
        18.62645149230957,
        17.879962921142578,
        31.8450927734375,
        17.69542694091797,
        31.892061233520508
    ],
    "wrong_pw_times_account1": [
        62.222957611083984,
        63.67659568786621,
        62.87813186645508,
        102.93078422546387,
        60.7142448425293,
        103.02090644836426,
        62.82210350036621,
        72.60918617248535,
        114.8068904876709,
        102.17809677124023,
        60.99534034729004,
        61.84864044189453,
        62.80517578125,
        63.91620635986328,
        62.598228454589844,
        129.1048526763916,
        101.53889656066895,
        101.3495922088623,
        102.00142860412598,
        62.345266342163086,
        61.58924102783203,
        71.17676734924316,
        104.04205322265625,
        100.97002983093262,
        61.37824058532715,
        61.63287162780762,
        67.75593757629395,
        102.43391990661621,
        61.72823905944824,
        105.4379940032959,
        62.88599967956543,
        62.55483627319336,
        62.41297721862793,
        77.117919921875,
        102.46706008911133,
        102.87904739379883,
        62.03508377075195,
        100.32963752746582,
        63.64297866821289,
        102.62894630432129,
        61.417579650878906,
        61.20014190673828,
        63.817739486694336,
        63.09652328491211,
        62.15238571166992,
        62.00075149536133,
        59.8909854888916,
        61.33627891540527,
        103.33967208862305,
        107.02896118164062
    ],
    "wrong_email_times_account2": [
        33.127546310424805,
        19.39105987548828,
        32.42850303649902,
        32.048702239990234,
        18.723011016845703,
        18.625497817993164,
        31.619787216186523,
        34.91020202636719,
        20.921945571899414,
        19.032001495361328,
        31.295299530029297,
        19.78921890258789,
        18.099308013916016,
        32.47213363647461,
        18.539905548095703,
        32.67717361450195,
        39.353132247924805,
        32.459259033203125,
        32.3033332824707,
        32.633304595947266,
        33.81466865539551,
        31.853437423706055,
        24.65057373046875,
        18.212556838989258,
        32.225847244262695,
        21.580219268798828,
        32.6848030090332,
        17.927169799804688,
        28.07784080505371,
        32.14526176452637,
        34.45911407470703,
        17.51399040222168,
        17.72475242614746,
        33.19573402404785,
        17.45319366455078,
        31.907081604003906,
        33.17117691040039,
        34.00540351867676,
        49.07059669494629,
        33.99062156677246,
        21.453142166137695,
        18.394947052001953,
        18.522024154663086,
        33.966779708862305,
        18.24808120727539,
        22.10259437561035,
        32.08494186401367,
        24.358272552490234,
        33.12206268310547,
        22.910356521606445
    ],
    "wrong_pw_times_account2": [
        62.10517883300781,
        70.64390182495117,
        114.81714248657227,
        62.255144119262695,
        100.7542610168457,
        103.89590263366699,
        102.67376899719238,
        102.61988639831543,
        62.69693374633789,
        62.11566925048828,
        67.59762763977051,
        99.41792488098145,
        102.49066352844238,
        61.63287162780762,
        100.27742385864258,
        62.53242492675781,
        62.45899200439453,
        102.65564918518066,
        62.04533576965332,
        61.71727180480957,
        102.75936126708984,
        62.2410774230957,
        102.20527648925781,
        61.56778335571289,
        102.98609733581543,
        101.7599105834961,
        64.83864784240723,
        68.79878044128418,
        60.938358306884766,
        61.13767623901367,
        63.07077407836914,
        65.44804573059082,
        99.42507743835449,
        103.05976867675781,
        102.73861885070801,
        66.27988815307617,
        99.86591339111328,
        70.58548927307129,
        61.34533882141113,
        62.0265007019043,
        103.60288619995117,
        70.4646110534668,
        68.79758834838867,
        61.205387115478516,
        61.60449981689453,
        110.73160171508789,
        67.90614128112793,
        103.12199592590332,
        102.62703895568848,
        64.00465965270996
    ]
}