{
    "wrong_email_times_account1": [
        17.936229705810547,
        38.053274154663086,
        17.168760299682617,
        18.05710792541504,
        18.024444580078125,
        31.53252601623535,
        31.960010528564453,
        21.829605102539062,
        18.262624740600586,
        36.174774169921875,
        32.27114677429199,
        19.058942794799805,
        33.28561782836914,
        49.64017868041992,
        18.730640411376953,
        34.03782844543457,
        31.362056732177734,
        33.254384994506836,
        20.03622055053711,
        33.40506553649902,
        22.27616310119629,
        33.438682556152344,
        19.984006881713867,
        21.547555923461914,
        17.85135269165039,
        18.294334411621094,
        28.214693069458008,
        26.428699493408203,
        17.923831939697266,
        34.01637077331543,
        33.49423408508301,
        33.56599807739258,
        18.356800079345703,
        49.19791221618652,
        17.834901809692383,
        48.155784606933594,
        20.953893661499023,
        18.977642059326172,
        32.9287052154541,
        18.1732177734375,
        19.454002380371094,
        32.540321350097656,
        17.66371726989746,
        24.96027946472168,
        37.14919090270996,
        18.008708953857422,
        19.048213958740234,
        48.482656478881836,
        17.442703247070312,
        33.77079963684082
    ],
    "wrong_pw_times_account1": [
        102.90288925170898,
        87.0048999786377,
        101.96089744567871,
        62.39819526672363,
        62.105417251586914,
        102.96368598937988,
        61.345577239990234,
        103.80315780639648,
        103.43146324157715,
        71.02704048156738,
        99.27988052368164,
        101.42874717712402,
        103.75094413757324,
        104.32124137878418,
        70.92404365539551,
        61.15531921386719,
        61.80882453918457,
        100.60811042785645,
        103.58929634094238,
        62.71767616271973,
        62.20555305480957,
        114.13288116455078,
        70.18828392028809,
        103.89161109924316,
        99.80559349060059,
        62.354326248168945,
        63.687801361083984,
        60.51921844482422,
        101.50361061096191,
        67.61360168457031,
        102.19669342041016,
        99.95460510253906,
        102.8585433959961,
        132.47370719909668,
        103.21879386901855,
        104.6757698059082,
        65.2313232421875,
        102.97918319702148,
        101.32718086242676,
        61.460256576538086,
        63.92407417297363,
        103.1346321105957,
        101.60684585571289,
        127.9900074005127,
        72.04222679138184,
        62.21818923950195,
        72.29995727539062,
        103.38592529296875,
        61.68413162231445,
        64.09478187561035
    ],
    "wrong_email_times_account2": [
        39.786338806152344,
        34.11722183227539,
        34.00254249572754,
        17.656803131103516,
        32.90104866027832,
        24.4290828704834,
        18.456697463989258,
        32.904624938964844,
        33.309221267700195,
        35.18962860107422,
        32.10735321044922,
        18.993139266967773,
        19.64545249938965,
        33.40506553649902,
        18.55015754699707,
        19.436120986938477,
        18.30315589904785,
        34.131526947021484,
        18.403291702270508,
        34.645795822143555,
        32.84907341003418,
        22.278547286987305,
        16.983747482299805,
        38.78903388977051,
        18.05591583251953,
        21.326303482055664,
        34.05880928039551,
        20.850181579589844,
        19.747495651245117,
        19.711732864379883,
        17.81320571899414,
        33.29873085021973,
        25.116443634033203,
        26.120901107788086,
        19.917011260986328,
        26.1080265045166,
        19.5314884185791,
        32.4397087097168,
        33.60176086425781,
        18.95427703857422,
        33.414363861083984,
        18.568992614746094,
        16.828536987304688,
        17.462730407714844,
        22.844791412353516,
        41.80717468261719,
        33.25033187866211,
        17.461538314819336,
        35.62450408935547,
        33.06841850280762
    ],
    "wrong_pw_times_account2": [
        101.39632225036621,
        65.91415405273438,
        63.28749656677246,
        62.13665008544922,
        118.99161338806152,
        101.41587257385254,
        103.34897041320801,
        67.4581527709961,
        100.72684288024902,
        102.5238037109375,
        61.91706657409668,
        62.94584274291992,
        101.64213180541992,
        68.59970092773438,
        62.62612342834473,
        63.34185600280762,
        99.94196891784668,
        101.88698768615723,
        61.79332733154297,
        63.58695030212402,
        104.21967506408691,
        103.15966606140137,
        102.67996788024902,
        61.716318130493164,
        102.29706764221191,
        63.53473663330078,
        61.658382415771484,
        62.75653839111328,
        61.23805046081543,
        107.36250877380371,
        62.74914741516113,
        101.3803482055664,
        103.69014739990234,
        103.54495048522949,
        62.72578239440918,
        64.28027153015137,
        62.54863739013672,
        64.45789337158203,
        113.48342895507812,
        61.806678771972656,
        63.89427185058594,
        100.69894790649414,
        101.87697410583496,
        73.02045822143555,
        104.77066040039062,
        71.25306129455566,
        111.46283149719238,
        112.04767227172852,
        61.78879737854004,
        66.04743003845215
    ]
}