{
    "wrong_email_times_account1": [
        43.24603080749512,
        31.74114227294922,
        41.01681709289551,
        38.262128829956055,
        33.02407264709473,
        47.540903091430664,
        24.90544319152832,
        33.21242332458496,
        23.32305908203125,
        37.995100021362305,
        34.546852111816406,
        33.22768211364746,
        32.207489013671875,
        30.673980712890625,
        32.3176383972168,
        18.334627151489258,
        31.93974494934082,
        35.044193267822266,
        32.76848793029785,
        21.167278289794922,
        26.515722274780273,
        17.75956153869629,
        34.51180458068848,
        19.575834274291992,
        43.688058853149414,
        34.473419189453125,
        19.167184829711914,
        17.688989639282227,
        34.65914726257324,
        20.786285400390625,
        33.2026481628418,
        26.43895149230957,
        34.7599983215332,
        18.08333396911621,
        31.408071517944336,
        30.989646911621094,
        18.22042465209961,
        33.35118293762207,
        31.45909309387207,
        33.57958793640137,
        18.097877502441406,
        32.76324272155762,
        22.501468658447266,
        24.39141273498535,
        32.480478286743164,
        18.239974975585938,
        28.93376350402832,
        33.78009796142578,
        21.766185760498047,
        25.79498291015625
    ],
    "wrong_pw_times_account1": [
        103.26099395751953,
        62.10947036743164,
        71.18725776672363,
        103.72114181518555,
        101.09734535217285,
        102.29921340942383,
        99.70760345458984,
        68.48502159118652,
        101.69196128845215,
        101.79519653320312,
        103.24788093566895,
        63.27033042907715,
        65.53459167480469,
        63.356876373291016,
        61.8131160736084,
        102.05888748168945,
        63.582420349121094,
        62.67237663269043,
        62.5150203704834,
        101.78565979003906,
        111.58609390258789,
        102.74791717529297,
        104.18295860290527,
        62.68596649169922,
        102.39434242248535,
        103.68204116821289,
        103.0418872833252,
        102.54073143005371,
        61.0806941986084,
        102.03957557678223,
        62.04676628112793,
        62.22271919250488,
        101.58920288085938,
        60.434579849243164,
        101.57108306884766,
        101.74441337585449,
        63.34066390991211,
        105.0424575805664,
        64.33939933776855,
        66.12825393676758,
        68.52054595947266,
        102.50115394592285,
        102.08010673522949,
        61.368465423583984,
        62.59441375732422,
        62.07919120788574,
        100.85272789001465,
        105.32116889953613,
        63.33184242248535,
        102.76985168457031
    ],
    "wrong_email_times_account2": [
        31.397581100463867,
        32.36889839172363,
        18.170595169067383,
        41.74065589904785,
        31.940460205078125,
        17.66490936279297,
        18.13030242919922,
        31.215667724609375,
        30.983924865722656,
        37.23502159118652,
        21.044015884399414,
        31.63599967956543,
        30.7769775390625,
        33.833980560302734,
        18.689393997192383,
        31.71539306640625,
        18.024921417236328,
        33.73122215270996,
        32.050371170043945,
        31.797409057617188,
        32.1657657623291,
        19.062519073486328,
        20.20120620727539,
        13.596534729003906,
        17.743587493896484,
        24.916410446166992,
        47.14393615722656,
        32.7601432800293,
        19.28091049194336,
        32.31954574584961,
        31.97622299194336,
        32.39917755126953,
        35.70818901062012,
        20.292043685913086,
        33.40291976928711,
        33.55574607849121,
        18.888235092163086,
        33.40315818786621,
        18.680334091186523,
        27.209043502807617,
        30.92813491821289,
        31.45742416381836,
        20.20883560180664,
        34.49869155883789,
        44.76499557495117,
        26.726484298706055,
        17.406702041625977,
        18.651962280273438,
        20.012855529785156,
        33.432722091674805
    ],
    "wrong_pw_times_account2": [
        104.75945472717285,
        104.72869873046875,
        116.18494987487793,
        101.68051719665527,
        63.3087158203125,
        101.47356986999512,
        66.31064414978027,
        102.92887687683105,
        64.87083435058594,
        101.78923606872559,
        61.7823600769043,
        102.72002220153809,
        102.6909351348877,
        99.81131553649902,
        62.22963333129883,
        104.50124740600586,
        99.69663619995117,
        102.24151611328125,
        105.79180717468262,
        102.75149345397949,
        64.04542922973633,
        65.31429290771484,
        103.00731658935547,
        62.0574951171875,
        114.62831497192383,
        61.99908256530762,
        63.15755844116211,
        63.81964683532715,
        71.2289810180664,
        103.71661186218262,
        103.61981391906738,
        102.21314430236816,
        63.29154968261719,
        102.3404598236084,
        62.54005432128906,
        62.256813049316406,
        64.57805633544922,
        102.83279418945312,
        106.29510879516602,
        102.72526741027832,
        62.15095520019531,
        61.94710731506348,
        61.94353103637695,
        62.28947639465332,
        102.15473175048828,
        108.59274864196777,
        62.03627586364746,
        62.31427192687988,
        103.20568084716797,
        64.79144096374512
    ]
}