{
    "wrong_email_times_account1": [
        34.02400016784668,
        32.956600189208984,
        23.43463897705078,
        17.342805862426758,
        18.653392791748047,
        16.938209533691406,
        31.49271011352539,
        33.52952003479004,
        17.167091369628906,
        17.403841018676758,
        17.563343048095703,
        37.54591941833496,
        47.740936279296875,
        31.847715377807617,
        19.44112777709961,
        34.322261810302734,
        31.898975372314453,
        31.615257263183594,
        32.52291679382324,
        19.222736358642578,
        18.512248992919922,
        33.97083282470703,
        33.84685516357422,
        32.419443130493164,
        30.74359893798828,
        21.938800811767578,
        19.46878433227539,
        18.134355545043945,
        33.32376480102539,
        33.223628997802734,
        17.4407958984375,
        34.04402732849121,
        31.871557235717773,
        18.267393112182617,
        18.937349319458008,
        32.355546951293945,
        33.971309661865234,
        18.33820343017578,
        19.098758697509766,
        30.5941104888916,
        32.41539001464844,
        17.69852638244629,
        31.36730194091797,
        33.072710037231445,
        18.64027976989746,
        33.94150733947754,
        34.36422348022461,
        32.27043151855469,
        20.68471908569336,
        18.825054168701172
    ],
    "wrong_pw_times_account1": [
        61.83218955993652,
        103.74569892883301,
        102.16093063354492,
        99.78365898132324,
        102.42009162902832,
        63.67754936218262,
        100.92520713806152,
        102.15377807617188,
        75.17123222351074,
        60.93263626098633,
        61.57422065734863,
        111.83452606201172,
        63.481807708740234,
        70.43933868408203,
        100.3272533416748,
        61.2485408782959,
        61.58304214477539,
        61.70463562011719,
        72.17645645141602,
        102.16784477233887,
        62.163352966308594,
        100.47340393066406,
        103.1637191772461,
        61.652183532714844,
        63.84778022766113,
        61.63954734802246,
        101.92251205444336,
        61.2635612487793,
        61.80119514465332,
        106.02784156799316,
        107.58781433105469,
        102.09512710571289,
        61.284542083740234,
        61.2945556640625,
        102.39505767822266,
        61.8741512298584,
        102.7059555053711,
        101.80830955505371,
        67.61908531188965,
        99.96747970581055,
        63.67778778076172,
        65.48476219177246,
        71.22516632080078,
        60.87684631347656,
        68.33505630493164,
        102.03289985656738,
        73.46940040588379,
        61.63811683654785,
        105.5293083190918,
        101.09901428222656
    ],
    "wrong_email_times_account2": [
        40.908098220825195,
        31.729936599731445,
        37.3682975769043,
        32.31334686279297,
        28.796672821044922,
        31.968355178833008,
        17.212629318237305,
        17.98415184020996,
        33.37812423706055,
        20.320653915405273,
        33.064842224121094,
        33.783912658691406,
        17.563343048095703,
        18.540143966674805,
        34.690141677856445,
        32.885074615478516,
        32.36556053161621,
        26.607036590576172,
        33.43558311462402,
        31.970500946044922,
        17.66204833984375,
        20.643949508666992,
        32.44900703430176,
        18.863201141357422,
        32.87696838378906,
        31.772851943969727,
        20.66659927368164,
        18.095970153808594,
        25.597095489501953,
        34.29460525512695,
        42.16790199279785,
        18.822908401489258,
        19.171476364135742,
        31.749725341796875,
        20.9505558013916,
        19.8822021484375,
        30.983924865722656,
        30.776262283325195,
        31.499624252319336,
        21.21114730834961,
        30.484437942504883,
        18.555879592895508,
        31.100034713745117,
        22.884845733642578,
        30.45511245727539,
        33.68806838989258,
        16.762256622314453,
        36.337852478027344,
        34.47294235229492,
        17.566919326782227
    ],
    "wrong_pw_times_account2": [
        62.77656555175781,
        62.041521072387695,
        99.62201118469238,
        102.03051567077637,
        104.24590110778809,
        102.48017311096191,
        101.5172004699707,
        103.54900360107422,
        63.0490779876709,
        61.12337112426758,
        61.595916748046875,
        103.10220718383789,
        62.84475326538086,
        100.81362724304199,
        61.79213523864746,
        61.09881401062012,
        60.564279556274414,
        79.63919639587402,
        69.08631324768066,
        71.84743881225586,
        60.70899963378906,
        70.47605514526367,
        102.53214836120605,
        65.94371795654297,
        102.15115547180176,
        102.72884368896484,
        101.85956954956055,
        62.50286102294922,
        100.87442398071289,
        68.01795959472656,
        68.77994537353516,
        69.58818435668945,
        102.07080841064453,
        63.10606002807617,
        104.55846786499023,
        102.90765762329102,
        61.01799011230469,
        101.80926322937012,
        61.28859519958496,
        62.58249282836914,
        71.25520706176758,
        61.4166259765625,
        66.60127639770508,
        62.72602081298828,
        103.26385498046875,
        61.278343200683594,
        62.15357780456543,
        63.623666763305664,
        64.03946876525879,
        102.51164436340332
    ]
}