{
    "wrong_email_times_account1": [
        17.723798751831055,
        18.313884735107422,
        18.296480178833008,
        18.590688705444336,
        34.25407409667969,
        18.28622817993164,
        32.193899154663086,
        32.39297866821289,
        33.9357852935791,
        30.57861328125,
        32.19962120056152,
        18.256425857543945,
        32.89055824279785,
        31.856536865234375,
        26.833295822143555,
        33.409833908081055,
        33.97703170776367,
        31.252145767211914,
        55.718421936035156,
        33.10251235961914,
        31.55684471130371,
        19.034624099731445,
        17.457962036132812,
        32.86027908325195,
        18.609285354614258,
        33.05315971374512,
        25.303125381469727,
        32.224178314208984,
        31.86821937561035,
        32.86242485046387,
        23.459672927856445,
        31.73828125,
        18.532991409301758,
        33.43391418457031,
        25.639772415161133,
        33.05625915527344,
        19.007205963134766,
        34.665584564208984,
        36.516666412353516,
        33.2334041595459,
        33.17451477050781,
        32.51791000366211,
        32.788753509521484,
        18.079519271850586,
        33.42723846435547,
        18.034696578979492,
        18.0666446685791,
        17.828702926635742,
        34.44623947143555,
        32.87672996520996
    ],
    "wrong_pw_times_account1": [
        63.82894515991211,
        101.99284553527832,
        102.32043266296387,
        66.75386428833008,
        62.27445602416992,
        61.1577033996582,
        102.65111923217773,
        100.16584396362305,
        102.24080085754395,
        62.68000602722168,
        102.32162475585938,
        101.32908821105957,
        65.74583053588867,
        118.51096153259277,
        101.86004638671875,
        70.48535346984863,
        102.00166702270508,
        101.5932559967041,
        61.7976188659668,
        103.41119766235352,
        62.21628189086914,
        117.89488792419434,
        100.94094276428223,
        61.36608123779297,
        66.2546157836914,
        100.05068778991699,
        103.73163223266602,
        107.7430248260498,
        72.05724716186523,
        62.018632888793945,
        64.03255462646484,
        102.79512405395508,
        74.10216331481934,
        66.4513111114502,
        61.773061752319336,
        61.948537826538086,
        64.54014778137207,
        65.22417068481445,
        101.93419456481934,
        108.12830924987793,
        63.15803527832031,
        61.6302490234375,
        62.73174285888672,
        100.36087036132812,
        67.92974472045898,
        104.94565963745117,
        63.033103942871094,
        102.94961929321289,
        102.52761840820312,
        70.87373733520508
    ],
    "wrong_email_times_account2": [
        48.42090606689453,
        18.561363220214844,
        17.96865463256836,
        18.165111541748047,
        17.83919334411621,
        32.63497352600098,
        18.683433532714844,
        25.700092315673828,
        33.21504592895508,
        30.8685302734375,
        33.47921371459961,
        17.556428909301758,
        27.14705467224121,
        34.26194190979004,
        37.67871856689453,
        19.063711166381836,
        24.564504623413086,
        19.38462257385254,
        18.503665924072266,
        31.551122665405273,
        18.157482147216797,
        32.54199028015137,
        27.984619140625,
        32.6230525970459,
        18.680334091186523,
        18.039941787719727,
        36.49497032165527,
        46.9968318939209,
        17.416715621948242,
        33.5848331451416,
        25.149106979370117,
        32.34362602233887,
        17.75336265563965,
        34.64865684509277,
        17.432689666748047,
        25.336027145385742,
        17.946958541870117,
        32.228946685791016,
        33.61654281616211,
        32.83953666687012,
        33.8287353515625,
        31.950712203979492,
        33.51306915283203,
        24.16515350341797,
        19.864559173583984,
        32.83548355102539,
        40.94982147216797,
        48.641204833984375,
        31.127214431762695,
        19.727230072021484
    ],
    "wrong_pw_times_account2": [
        62.97016143798828,
        102.89883613586426,
        101.12810134887695,
        61.93804740905762,
        107.32221603393555,
        68.11070442199707,
        71.82860374450684,
        67.19183921813965,
        110.53633689880371,
        101.81212425231934,
        61.482906341552734,
        62.56270408630371,
        102.13041305541992,
        100.74567794799805,
        73.26412200927734,
        61.90681457519531,
        102.00071334838867,
        60.94956398010254,
        63.16232681274414,
        109.4667911529541,
        103.03950309753418,
        61.96427345275879,
        106.30130767822266,
        62.59894371032715,
        61.72490119934082,
        68.6960220336914,
        62.58225440979004,
        65.70148468017578,
        62.307119369506836,
        81.90488815307617,
        62.155961990356445,
        100.53658485412598,
        61.31172180175781,
        102.6911735534668,
        120.83721160888672,
        100.83889961242676,
        102.22101211547852,
        102.4925708770752,
        63.63201141357422,
        62.02554702758789,
        63.2016658782959,
        61.9511604309082,
        100.62408447265625,
        102.21743583679199,
        64.03279304504395,
        61.942338943481445,
        102.76532173156738,
        66.93577766418457,
        63.492536544799805,
        62.848567962646484
    ]
}