{
    "wrong_email_times_account1": [
        20.0197696685791,
        29.48284149169922,
        32.17959403991699,
        32.974958419799805,
        29.51359748840332,
        17.401695251464844,
        19.964933395385742,
        36.19384765625,
        33.5545539855957,
        32.96375274658203,
        19.0737247467041,
        18.601655960083008,
        21.65389060974121,
        35.291433334350586,
        31.116724014282227,
        32.73773193359375,
        17.97008514404297,
        17.63749122619629,
        49.26657676696777,
        18.255949020385742,
        32.65666961669922,
        33.04100036621094,
        31.45766258239746,
        33.493995666503906,
        32.4709415435791,
        18.90397071838379,
        32.31954574584961,
        22.307872772216797,
        34.78097915649414,
        18.570423126220703,
        32.92560577392578,
        32.40084648132324,
        37.59336471557617,
        31.957626342773438,
        22.643089294433594,
        18.16082000732422,
        17.917871475219727,
        17.586469650268555,
        32.442569732666016,
        32.984018325805664,
        32.552242279052734,
        33.18333625793457,
        18.321752548217773,
        18.37444305419922,
        17.302989959716797,
        31.544923782348633,
        33.090829849243164,
        21.78788185119629,
        32.35006332397461,
        26.293277740478516
    ],
    "wrong_pw_times_account1": [
        102.88190841674805,
        62.157392501831055,
        61.42258644104004,
        62.72315979003906,
        102.93221473693848,
        102.87976264953613,
        61.73896789550781,
        67.19064712524414,
        60.873985290527344,
        62.46376037597656,
        64.7745132446289,
        63.07363510131836,
        110.3200912475586,
        105.02505302429199,
        101.60517692565918,
        64.23091888427734,
        116.6532039642334,
        113.73019218444824,
        103.72400283813477,
        100.01158714294434,
        100.91161727905273,
        103.43050956726074,
        66.67065620422363,
        67.03639030456543,
        62.09135055541992,
        61.585187911987305,
        61.97619438171387,
        100.9976863861084,
        105.8964729309082,
        101.01199150085449,
        108.74390602111816,
        62.13259696960449,
        60.999155044555664,
        107.0406436920166,
        101.27806663513184,
        102.34522819519043,
        62.82949447631836,
        62.650203704833984,
        99.10202026367188,
        104.61616516113281,
        103.52754592895508,
        105.0872802734375,
        100.43978691101074,
        67.97099113464355,
        69.74458694458008,
        76.13134384155273,
        61.42282485961914,
        71.84553146362305,
        61.52510643005371,
        63.20548057556152
    ],
    "wrong_email_times_account2": [
        32.85980224609375,
        34.43503379821777,
        17.604351043701172,
        49.134254455566406,
        31.84366226196289,
        33.161163330078125,
        17.500638961791992,
        30.835866928100586,
        18.651485443115234,
        18.149614334106445,
        33.460378646850586,
        34.93547439575195,
        39.34073448181152,
        31.024456024169922,
        17.728328704833984,
        17.891407012939453,
        33.288002014160156,
        33.08415412902832,
        41.95690155029297,
        32.9134464263916,
        32.985687255859375,
        32.095909118652344,
        33.325910568237305,
        18.66626739501953,
        31.935930252075195,
        20.513296127319336,
        33.05840492248535,
        33.19835662841797,
        26.984453201293945,
        35.41064262390137,
        27.36377716064453,
        18.49651336669922,
        27.04787254333496,
        34.18731689453125,
        50.40144920349121,
        18.18108558654785,
        18.139123916625977,
        32.015085220336914,
        20.92576026916504,
        31.30340576171875,
        17.5168514251709,
        32.7458381652832,
        19.474506378173828,
        32.27519989013672,
        17.700672149658203,
        33.41388702392578,
        31.55231475830078,
        32.501220703125,
        32.77587890625,
        19.409656524658203
    ],
    "wrong_pw_times_account2": [
        61.980485916137695,
        64.10980224609375,
        103.20734977722168,
        103.16038131713867,
        102.08582878112793,
        101.55773162841797,
        103.25813293457031,
        66.6046142578125,
        102.23746299743652,
        101.95231437683105,
        62.40224838256836,
        100.94714164733887,
        62.75057792663574,
        101.62854194641113,
        63.9498233795166,
        99.58434104919434,
        101.33051872253418,
        72.0207691192627,
        101.78112983703613,
        61.83457374572754,
        62.99400329589844,
        61.33413314819336,
        100.55708885192871,
        102.42414474487305,
        101.7460823059082,
        102.33068466186523,
        88.06610107421875,
        101.837158203125,
        102.46419906616211,
        101.09639167785645,
        101.67407989501953,
        61.76185607910156,
        115.75770378112793,
        101.65095329284668,
        105.37433624267578,
        63.98653984069824,
        62.54076957702637,
        101.02581977844238,
        103.40428352355957,
        62.77775764465332,
        101.82762145996094,
        102.09822654724121,
        102.71382331848145,
        60.84036827087402,
        61.97309494018555,
        106.94241523742676,
        103.88803482055664,
        123.12936782836914,
        62.255144119262695,
        102.33020782470703
    ]
}