{
    "wrong_email_times_account1": [
        33.93363952636719,
        29.29854393005371,
        32.503604888916016,
        18.92256736755371,
        32.985687255859375,
        33.04028511047363,
        32.121896743774414,
        19.553661346435547,
        18.010377883911133,
        48.2940673828125,
        35.4921817779541,
        33.382415771484375,
        20.676851272583008,
        48.95830154418945,
        33.44392776489258,
        33.96201133728027,
        22.57251739501953,
        36.3001823425293,
        25.626420974731445,
        17.470598220825195,
        21.956920623779297,
        34.19232368469238,
        37.47725486755371,
        22.844314575195312,
        32.767295837402344,
        19.716978073120117,
        18.18704605102539,
        17.277002334594727,
        32.21631050109863,
        32.73916244506836,
        34.16705131530762,
        24.708271026611328,
        31.880855560302734,
        24.181842803955078,
        34.088850021362305,
        31.90302848815918,
        18.131494522094727,
        22.797822952270508,
        32.637596130371094,
        28.461694717407227,
        32.50765800476074,
        18.06187629699707,
        17.53997802734375,
        18.161535263061523,
        19.203901290893555,
        33.704519271850586,
        33.17856788635254,
        18.231630325317383,
        33.535003662109375,
        19.852161407470703
    ],
    "wrong_pw_times_account1": [
        101.52816772460938,
        62.50786781311035,
        102.98466682434082,
        61.19418144226074,
        102.02717781066895,
        126.33562088012695,
        103.93524169921875,
        62.71934509277344,
        62.67499923706055,
        62.63852119445801,
        100.5563735961914,
        103.06620597839355,
        63.222646713256836,
        115.36622047424316,
        117.71512031555176,
        61.5229606628418,
        111.57608032226562,
        102.0207405090332,
        100.62575340270996,
        61.628103256225586,
        74.6917724609375,
        62.37077713012695,
        61.548471450805664,
        102.59437561035156,
        101.7160415649414,
        62.00432777404785,
        102.12850570678711,
        102.54669189453125,
        102.7991771697998,
        101.09925270080566,
        61.983585357666016,
        103.4541130065918,
        101.7143726348877,
        61.96284294128418,
        61.63811683654785,
        103.34038734436035,
        61.795949935913086,
        61.321258544921875,
        102.31161117553711,
        60.84084510803223,
        64.45884704589844,
        62.86954879760742,
        63.31968307495117,
        102.09918022155762,
        101.06778144836426,
        106.6737174987793,
        102.64229774475098,
        101.12667083740234,
        63.62295150756836,
        74.56159591674805
    ],
    "wrong_email_times_account2": [
        18.118858337402344,
        19.090652465820312,
        18.856525421142578,
        36.27777099609375,
        19.121408462524414,
        21.100997924804688,
        33.540964126586914,
        33.37359428405762,
        31.709671020507812,
        17.69113540649414,
        18.742799758911133,
        32.66572952270508,
        34.128427505493164,
        50.41337013244629,
        32.25970268249512,
        17.9293155670166,
        34.81316566467285,
        32.793283462524414,
        19.216060638427734,
        36.90624237060547,
        43.586015701293945,
        17.01188087463379,
        33.533573150634766,
        33.97178649902344,
        51.28788948059082,
        23.50473403930664,
        42.98734664916992,
        50.025224685668945,
        34.51418876647949,
        33.69474411010742,
        19.277334213256836,
        34.27553176879883,
        34.272193908691406,
        21.06785774230957,
        33.979177474975586,
        33.254384994506836,
        18.39613914489746,
        31.549453735351562,
        31.955480575561523,
        20.88022232055664,
        34.38067436218262,
        31.966686248779297,
        35.143375396728516,
        39.711713790893555,
        32.526254653930664,
        18.0051326751709,
        19.112825393676758,
        19.68836784362793,
        32.16147422790527,
        17.60721206665039
    ],
    "wrong_pw_times_account2": [
        103.23548316955566,
        104.18820381164551,
        71.30885124206543,
        62.7293586730957,
        66.82324409484863,
        61.30838394165039,
        62.04819679260254,
        121.74534797668457,
        61.43546104431152,
        63.096046447753906,
        102.08487510681152,
        61.902761459350586,
        62.19315528869629,
        63.54498863220215,
        62.3469352722168,
        103.09028625488281,
        103.14083099365234,
        100.06284713745117,
        62.9119873046875,
        103.3620834350586,
        66.24245643615723,
        100.64864158630371,
        102.43916511535645,
        102.69904136657715,
        64.31961059570312,
        63.397884368896484,
        102.7822494506836,
        102.8127670288086,
        77.9881477355957,
        72.18551635742188,
        70.72234153747559,
        101.35650634765625,
        100.51631927490234,
        102.57148742675781,
        62.062978744506836,
        61.36727333068848,
        102.39577293395996,
        63.831329345703125,
        105.08036613464355,
        102.14996337890625,
        102.68902778625488,
        103.55472564697266,
        103.56497764587402,
        100.94404220581055,
        75.59013366699219,
        62.35480308532715,
        63.672542572021484,
        62.198638916015625,
        104.07280921936035,
        101.95398330688477
    ]
}