{
    "wrong_pw_times_account1": [
        60.85538864135742,
        59.31282043457031,
        59.90195274353027,
        59.215545654296875,
        60.277700424194336,
        59.89861488342285,
        61.33246421813965,
        62.93010711669922,
        60.001373291015625,
        58.97951126098633,
        59.6005916595459,
        59.08346176147461,
        59.036970138549805,
        60.29367446899414,
        59.37790870666504,
        69.32687759399414,
        59.621572494506836,
        62.896728515625,
        60.5778694152832,
        59.836387634277344,
        60.33039093017578,
        60.31203269958496,
        67.22068786621094,
        60.49704551696777,
        60.21595001220703,
        66.53046607971191,
        59.90242958068848,
        59.60249900817871,
        68.20201873779297,
        59.86976623535156,
        59.27324295043945,
        59.702157974243164,
        79.15449142456055,
        60.389041900634766,
        64.74947929382324,
        60.32299995422363,
        58.775901794433594,
        62.043190002441406,
        64.47386741638184,
        60.24169921875,
        59.45396423339844,
        60.0740909576416,
        76.57790184020996,
        60.10246276855469,
        64.91947174072266,
        60.137271881103516,
        60.33205986022949,
        60.74810028076172,
        58.975934982299805,
        60.28580665588379
    ],
    "wrong_pw_times_account2": [
        60.703277587890625,
        60.22930145263672,
        60.19711494445801,
        60.79912185668945,
        59.226274490356445,
        59.27157402038574,
        59.41486358642578,
        59.22579765319824,
        60.22357940673828,
        59.421539306640625,
        61.147451400756836,
        61.06090545654297,
        66.29276275634766,
        59.11874771118164,
        61.08212471008301,
        59.151411056518555,
        71.88129425048828,
        59.43107604980469,
        59.691429138183594,
        60.64939498901367,
        59.2198371887207,
        65.44828414916992,
        60.32204627990723,
        60.21857261657715,
        60.03975868225098,
        59.90004539489746,
        59.79108810424805,
        98.9229679107666,
        59.31830406188965,
        59.797048568725586,
        59.48781967163086,
        60.28556823730469,
        59.947967529296875,
        60.97531318664551,
        61.449289321899414,
        60.006141662597656,
        63.44151496887207,
        60.210227966308594,
        60.45246124267578,
        59.37671661376953,
        59.52811241149902,
        59.77368354797363,
        60.25981903076172,
        60.56046485900879,
        59.253692626953125,
        60.93120574951172,
        61.07354164123535,
        60.4252815246582,
        60.125112533569336,
        59.766530990600586
    ],
    "wrong_email_times_account1": [
        17.071008682250977,
        16.878366470336914,
        56.195974349975586,
        16.85309410095215,
        16.633272171020508,
        17.455339431762695,
        16.44420623779297,
        25.853872299194336,
        16.4947509765625,
        17.0137882232666,
        16.58487319946289,
        16.980409622192383,
        63.764333724975586,
        27.070283889770508,
        19.60468292236328,
        16.896963119506836,
        16.95108413696289,
        16.599416732788086,
        19.953250885009766,
        16.759157180786133,
        16.108274459838867,
        17.553329467773438,
        17.80557632446289,
        16.499996185302734,
        16.83330535888672,
        16.401052474975586,
        17.515897750854492,
        18.71490478515625,
        17.195701599121094,
        16.936540603637695,
        17.205238342285156,
        19.606351852416992,
        16.52359962463379,
        23.273229598999023,
        18.26643943786621,
        16.292095184326172,
        55.95993995666504,
        16.94202423095703,
        16.655445098876953,
        16.778230667114258,
        55.5577278137207,
        17.232894897460938,
        16.914844512939453,
        16.29018783569336,
        17.278671264648438,
        17.431974411010742,
        21.1944580078125,
        23.189306259155273,
        16.72077178955078,
        17.09461212158203
    ],
    "wrong_email_times_account2": [
        16.7999267578125,
        16.821861267089844,
        16.74175262451172,
        16.811132431030273,
        16.601085662841797,
        16.765832901000977,
        16.762733459472656,
        16.719579696655273,
        17.038345336914062,
        17.452001571655273,
        17.52495765686035,
        24.762630462646484,
        17.76909828186035,
        17.020225524902344,
        16.715526580810547,
        16.500234603881836,
        20.1108455657959,
        16.895294189453125,
        16.287803649902344,
        17.255783081054688,
        18.23139190673828,
        16.65019989013672,
        16.352176666259766,
        17.264842987060547,
        17.26698875427246,
        16.913652420043945,
        24.31774139404297,
        21.601200103759766,
        16.170978546142578,
        16.622304916381836,
        17.85135269165039,
        16.738414764404297,
        16.763687133789062,
        16.194581985473633,
        17.281532287597656,
        17.3037052154541,
        16.873598098754883,
        17.017126083374023,
        16.829729080200195,
        17.69709587097168,
        16.23249053955078,
        16.668319702148438,
        17.27747917175293,
        17.037153244018555,
        17.69566535949707,
        18.000364303588867,
        23.205280303955078,
        16.849756240844727,
        16.682863235473633,
        17.446517944335938
    ]
}