{
    "wrong_pw_times_account1": [
        61.11574172973633,
        60.09984016418457,
        60.1346492767334,
        63.627004623413086,
        60.431718826293945,
        61.112165451049805,
        98.50835800170898,
        59.39292907714844,
        59.46850776672363,
        61.04254722595215,
        66.88928604125977,
        59.961795806884766,
        60.38355827331543,
        59.700965881347656,
        60.35733222961426,
        65.13619422912598,
        60.45055389404297,
        59.37075614929199,
        59.6919059753418,
        59.55696105957031,
        59.305667877197266,
        59.17811393737793,
        59.32950973510742,
        59.09609794616699,
        58.98404121398926,
        59.847354888916016,
        60.714006423950195,
        60.25528907775879,
        59.83281135559082,
        65.04273414611816,
        60.724496841430664,
        60.141563415527344,
        59.08942222595215,
        60.30750274658203,
        65.11998176574707,
        59.69715118408203,
        59.688568115234375,
        59.26799774169922,
        60.23764610290527,
        58.98594856262207,
        59.999704360961914,
        63.10725212097168,
        60.61577796936035,
        64.93067741394043,
        63.94338607788086,
        70.01757621765137,
        59.55338478088379,
        66.44773483276367,
        58.63451957702637,
        59.71360206604004
    ],
    "wrong_pw_times_account2": [
        61.46383285522461,
        59.644222259521484,
        60.00185012817383,
        59.262752532958984,
        58.97331237792969,
        61.803579330444336,
        67.52562522888184,
        60.30750274658203,
        59.69405174255371,
        61.26070022583008,
        60.38689613342285,
        60.8677864074707,
        59.51261520385742,
        59.19075012207031,
        68.62068176269531,
        59.86428260803223,
        68.01581382751465,
        62.16239929199219,
        59.64922904968262,
        59.012413024902344,
        59.6160888671875,
        59.51952934265137,
        59.90290641784668,
        59.777021408081055,
        60.166358947753906,
        59.27634239196777,
        60.250282287597656,
        59.554100036621094,
        60.02521514892578,
        59.78083610534668,
        60.012102127075195,
        60.080528259277344,
        59.65113639831543,
        59.490203857421875,
        59.937238693237305,
        60.38308143615723,
        59.64779853820801,
        59.74864959716797,
        63.86733055114746,
        59.58080291748047,
        59.46660041809082,
        80.47723770141602,
        69.50163841247559,
        60.38212776184082,
        62.155961990356445,
        60.45246124267578,
        59.50498580932617,
        59.59272384643555,
        59.88597869873047,
        62.24799156188965
    ],
    "wrong_email_times_account1": [
        22.822856903076172,
        16.681194305419922,
        17.045021057128906,
        16.7386531829834,
        16.795635223388672,
        16.61086082458496,
        16.88528060913086,
        17.516613006591797,
        17.475366592407227,
        17.444610595703125,
        20.917892456054688,
        16.91722869873047,
        16.633987426757812,
        17.084360122680664,
        19.835233688354492,
        16.30711555480957,
        24.692535400390625,
        35.97140312194824,
        22.989511489868164,
        25.637149810791016,
        16.809940338134766,
        16.494274139404297,
        17.21668243408203,
        16.72840118408203,
        18.725872039794922,
        16.978740692138672,
        16.847848892211914,
        16.62898063659668,
        17.19808578491211,
        21.064281463623047,
        18.353939056396484,
        25.75230598449707,
        16.11018180847168,
        16.936302185058594,
        16.71886444091797,
        17.324447631835938,
        17.87877082824707,
        20.823240280151367,
        31.64815902709961,
        16.524076461791992,
        16.330957412719727,
        16.671419143676758,
        17.032384872436523,
        16.65973663330078,
        16.33739471435547,
        16.984939575195312,
        22.486448287963867,
        17.270326614379883,
        17.4713134765625,
        16.838788986206055
    ],
    "wrong_email_times_account2": [
        17.97795295715332,
        23.793935775756836,
        17.48180389404297,
        17.333030700683594,
        17.346620559692383,
        18.304824829101562,
        16.53003692626953,
        17.734050750732422,
        16.828298568725586,
        27.19712257385254,
        16.85619354248047,
        16.752958297729492,
        16.971111297607422,
        17.249107360839844,
        16.22939109802246,
        18.916845321655273,
        16.601085662841797,
        24.075031280517578,
        16.19696617126465,
        16.019344329833984,
        16.445636749267578,
        17.023563385009766,
        17.75217056274414,
        24.40333366394043,
        17.9440975189209,
        16.705036163330078,
        21.932601928710938,
        17.24839210510254,
        31.46958351135254,
        17.02117919921875,
        24.776697158813477,
        22.42898941040039,
        16.301631927490234,
        16.709327697753906,
        61.34748458862305,
        16.030550003051758,
        16.625165939331055,
        16.714811325073242,
        16.528844833374023,
        17.214536666870117,
        15.919208526611328,
        17.000198364257812,
        16.535282135009766,
        16.53003692626953,
        17.019271850585938,
        16.88218116760254,
        17.00615882873535,
        17.17662811279297,
        18.1884765625,
        16.50547981262207
    ]
}