{
    "wrong_pw_times_account1": [
        59.83328819274902,
        59.31210517883301,
        58.35866928100586,
        58.13908576965332,
        59.27681922912598,
        59.61275100708008,
        66.7107105255127,
        101.0899543762207,
        60.02211570739746,
        62.9267692565918,
        59.94367599487305,
        63.08770179748535,
        59.01455879211426,
        58.210134506225586,
        59.12446975708008,
        60.0278377532959,
        59.59367752075195,
        67.01946258544922,
        61.80548667907715,
        64.30959701538086,
        65.09566307067871,
        59.821367263793945,
        58.44283103942871,
        71.27213478088379,
        64.86177444458008,
        60.109615325927734,
        59.6318244934082,
        73.63104820251465,
        59.82518196105957,
        59.2195987701416,
        58.943986892700195,
        59.1588020324707,
        58.18533897399902,
        60.49036979675293,
        68.6180591583252,
        60.03713607788086,
        59.27872657775879,
        58.73370170593262,
        59.177398681640625,
        60.0588321685791,
        58.829545974731445,
        58.80141258239746,
        59.8454475402832,
        62.670230865478516,
        59.99016761779785,
        99.57122802734375,
        60.01639366149902,
        59.622764587402344,
        59.638261795043945,
        60.51969528198242
    ],
    "wrong_pw_times_account2": [
        58.81381034851074,
        58.98785591125488,
        59.374332427978516,
        59.42702293395996,
        60.34493446350098,
        58.608293533325195,
        59.96203422546387,
        59.1578483581543,
        61.295509338378906,
        65.83881378173828,
        69.92840766906738,
        58.77041816711426,
        58.161258697509766,
        58.89725685119629,
        60.51492691040039,
        59.1585636138916,
        58.9449405670166,
        60.034751892089844,
        67.50655174255371,
        59.491634368896484,
        59.737205505371094,
        59.15498733520508,
        58.6855411529541,
        61.10358238220215,
        68.1605339050293,
        58.64143371582031,
        59.35335159301758,
        68.25423240661621,
        58.3343505859375,
        59.155941009521484,
        59.40842628479004,
        59.323787689208984,
        60.547590255737305,
        60.19258499145508,
        59.89885330200195,
        59.5088005065918,
        59.941768646240234,
        59.39364433288574,
        59.97109413146973,
        60.777902603149414,
        59.52191352844238,
        59.19766426086426,
        60.15825271606445,
        76.13158226013184,
        59.91411209106445,
        59.54623222351074,
        59.69405174255371,
        59.008121490478516,
        60.43291091918945,
        59.71217155456543
    ],
    "wrong_email_times_account1": [
        16.689777374267578,
        17.505407333374023,
        16.39080047607422,
        16.537189483642578,
        16.804933547973633,
        36.11326217651367,
        37.91689872741699,
        17.41194725036621,
        17.1356201171875,
        17.100811004638672,
        36.74721717834473,
        16.849756240844727,
        17.06552505493164,
        17.5473690032959,
        17.162799835205078,
        16.819477081298828,
        16.815900802612305,
        43.36094856262207,
        17.066001892089844,
        36.180973052978516,
        16.724109649658203,
        17.29106903076172,
        17.117738723754883,
        16.753673553466797,
        16.983509063720703,
        16.13473892211914,
        17.5473690032959,
        21.669626235961914,
        17.641305923461914,
        17.04692840576172,
        23.524761199951172,
        16.498327255249023,
        16.6165828704834,
        23.847341537475586,
        18.532752990722656,
        28.01346778869629,
        17.38286018371582,
        16.329050064086914,
        16.620874404907227,
        16.55268669128418,
        16.525983810424805,
        16.358375549316406,
        16.447067260742188,
        16.840219497680664,
        19.868850708007812,
        17.664194107055664,
        17.739534378051758,
        16.437292098999023,
        16.072988510131836,
        17.407894134521484
    ],
    "wrong_email_times_account2": [
        18.121719360351562,
        17.08388328552246,
        16.85476303100586,
        18.246889114379883,
        16.98017120361328,
        25.598764419555664,
        16.60776138305664,
        22.591114044189453,
        17.249107360839844,
        24.09529685974121,
        17.11726188659668,
        17.35520362854004,
        17.746686935424805,
        16.908645629882812,
        19.828319549560547,
        17.030000686645508,
        17.026424407958984,
        17.430543899536133,
        29.503822326660156,
        16.69764518737793,
        16.90816879272461,
        17.267227172851562,
        16.822099685668945,
        21.477937698364258,
        16.594409942626953,
        16.855955123901367,
        17.520904541015625,
        16.97826385498047,
        16.629934310913086,
        18.16248893737793,
        24.044275283813477,
        16.419410705566406,
        27.2214412689209,
        22.892236709594727,
        16.574382781982422,
        58.158159255981445,
        16.999006271362305,
        16.623973846435547,
        17.101526260375977,
        16.491174697875977,
        17.203330993652344,
        17.631053924560547,
        24.917125701904297,
        17.792940139770508,
        17.23647117614746,
        16.745805740356445,
        17.321109771728516,
        16.96944236755371,
        16.89457893371582,
        17.110824584960938
    ]
}