{
    "wrong_pw_times_account1": [
        60.30845642089844,
        59.9210262298584,
        58.91084671020508,
        61.52153015136719,
        60.01996994018555,
        60.92381477355957,
        60.423851013183594,
        60.369014739990234,
        59.44228172302246,
        59.61036682128906,
        60.59527397155762,
        59.54384803771973,
        61.79475784301758,
        68.61329078674316,
        59.91220474243164,
        58.957576751708984,
        70.33681869506836,
        59.717416763305664,
        59.531450271606445,
        58.64286422729492,
        59.01455879211426,
        60.23669242858887,
        59.49091911315918,
        65.66286087036133,
        60.250282287597656,
        58.86197090148926,
        60.1198673248291,
        62.57009506225586,
        62.02387809753418,
        60.28318405151367,
        59.755563735961914,
        58.365821838378906,
        59.90242958068848,
        59.842586517333984,
        65.83738327026367,
        64.66484069824219,
        58.83169174194336,
        59.90743637084961,
        59.27634239196777,
        63.601016998291016,
        60.332298278808594,
        60.262441635131836,
        60.45365333557129,
        59.1585636138916,
        59.04340744018555,
        60.120582580566406,
        67.17777252197266,
        59.4789981842041,
        60.67967414855957,
        60.36639213562012
    ],
    "wrong_pw_times_account2": [
        59.499263763427734,
        59.08846855163574,
        67.28553771972656,
        109.29322242736816,
        65.34337997436523,
        60.75930595397949,
        60.81390380859375,
        59.44657325744629,
        60.24575233459473,
        59.63706970214844,
        59.612274169921875,
        63.37332725524902,
        60.22191047668457,
        59.1425895690918,
        66.95890426635742,
        59.92269515991211,
        61.224937438964844,
        60.40000915527344,
        59.89241600036621,
        58.92229080200195,
        59.203147888183594,
        59.70573425292969,
        59.17859077453613,
        66.43271446228027,
        59.51881408691406,
        58.94732475280762,
        64.16845321655273,
        66.65277481079102,
        60.8372688293457,
        72.48282432556152,
        58.54010581970215,
        58.90798568725586,
        59.53240394592285,
        58.81524085998535,
        59.57150459289551,
        61.983585357666016,
        58.50529670715332,
        59.34715270996094,
        59.60702896118164,
        63.10749053955078,
        67.52967834472656,
        60.09554862976074,
        59.26036834716797,
        59.44514274597168,
        59.65924263000488,
        59.656381607055664,
        69.30255889892578,
        58.61496925354004,
        62.62063980102539,
        59.87238883972168
    ],
    "wrong_email_times_account1": [
        17.71068572998047,
        16.501426696777344,
        17.208337783813477,
        17.6236629486084,
        17.069339752197266,
        19.64402198791504,
        22.376060485839844,
        16.527414321899414,
        17.339229583740234,
        17.328500747680664,
        16.819477081298828,
        20.41029930114746,
        26.916980743408203,
        16.611814498901367,
        16.187429428100586,
        35.121917724609375,
        24.384498596191406,
        17.17233657836914,
        27.51898765563965,
        17.41790771484375,
        16.974449157714844,
        17.256498336791992,
        17.56739616394043,
        16.94464683532715,
        16.528606414794922,
        17.13085174560547,
        17.307043075561523,
        17.390012741088867,
        16.576528549194336,
        18.053531646728516,
        17.32349395751953,
        16.76011085510254,
        16.835689544677734,
        17.33684539794922,
        32.33909606933594,
        17.589092254638672,
        16.776084899902344,
        16.780376434326172,
        17.526865005493164,
        17.386436462402344,
        17.13728904724121,
        27.17304229736328,
        64.13125991821289,
        16.997575759887695,
        17.05789566040039,
        16.283750534057617,
        17.101764678955078,
        16.41249656677246,
        21.225929260253906,
        20.226001739501953
    ],
    "wrong_email_times_account2": [
        16.495943069458008,
        17.711400985717773,
        16.508817672729492,
        16.815900802612305,
        17.441749572753906,
        16.60633087158203,
        16.32857322692871,
        16.579866409301758,
        18.00990104675293,
        16.623973846435547,
        17.565250396728516,
        16.8607234954834,
        16.568422317504883,
        17.201662063598633,
        27.037858963012695,
        26.409626007080078,
        17.264604568481445,
        16.466379165649414,
        17.032146453857422,
        17.51708984375,
        17.566919326782227,
        17.3795223236084,
        16.985177993774414,
        17.522573471069336,
        16.32833480834961,
        16.971588134765625,
        20.3549861907959,
        25.4976749420166,
        17.134904861450195,
        17.850875854492188,
        16.303539276123047,
        17.52305030822754,
        17.253398895263672,
        16.80302619934082,
        17.179489135742188,
        16.444921493530273,
        16.73579216003418,
        16.659259796142578,
        16.825199127197266,
        17.90308952331543,
        17.244577407836914,
        17.576932907104492,
        16.21270179748535,
        17.98534393310547,
        16.819238662719727,
        18.210172653198242,
        16.37434959411621,
        16.47353172302246,
        17.256736755371094,
        16.579389572143555
    ]
}