{
    "wrong_pw_times_account1": [
        59.8750114440918,
        59.67450141906738,
        60.82034111022949,
        59.96227264404297,
        60.21261215209961,
        59.45587158203125,
        69.97442245483398,
        65.97495079040527,
        59.30376052856445,
        60.69493293762207,
        83.87207984924316,
        59.01336669921875,
        58.924198150634766,
        68.24302673339844,
        59.58962440490723,
        60.65845489501953,
        59.64326858520508,
        60.28914451599121,
        60.34541130065918,
        60.71734428405762,
        59.44561958312988,
        62.3784065246582,
        59.729814529418945,
        62.212467193603516,
        61.05923652648926,
        60.373544692993164,
        59.97061729431152,
        59.09442901611328,
        64.85676765441895,
        59.784889221191406,
        67.17681884765625,
        59.93318557739258,
        59.569358825683594,
        60.71829795837402,
        60.071468353271484,
        59.385061264038086,
        61.88631057739258,
        60.19997596740723,
        60.6236457824707,
        60.54091453552246,
        70.56355476379395,
        62.28327751159668,
        60.622215270996094,
        59.48209762573242,
        63.907623291015625,
        59.598684310913086,
        67.29388236999512,
        60.28103828430176,
        59.13829803466797,
        72.5853443145752
    ],
    "wrong_pw_times_account2": [
        59.651851654052734,
        60.00256538391113,
        60.58073043823242,
        59.94153022766113,
        59.40866470336914,
        59.548139572143555,
        60.26053428649902,
        59.60679054260254,
        66.1008358001709,
        70.82390785217285,
        58.99238586425781,
        59.98682975769043,
        60.27841567993164,
        63.62128257751465,
        59.343576431274414,
        59.80944633483887,
        59.92698669433594,
        60.47511100769043,
        59.86309051513672,
        59.88597869873047,
        59.65566635131836,
        59.6308708190918,
        59.44418907165527,
        64.13578987121582,
        60.86397171020508,
        61.742544174194336,
        62.71648406982422,
        60.20188331604004,
        59.447526931762695,
        61.0501766204834,
        60.19854545593262,
        60.33062934875488,
        60.32609939575195,
        59.52644348144531,
        60.23049354553223,
        60.312747955322266,
        60.34517288208008,
        98.26993942260742,
        59.575796127319336,
        60.135602951049805,
        60.471534729003906,
        59.46087837219238,
        60.19997596740723,
        61.148881912231445,
        59.65852737426758,
        59.78083610534668,
        62.96277046203613,
        59.5247745513916,
        59.69715118408203,
        60.84728240966797
    ],
    "wrong_email_times_account1": [
        17.070293426513672,
        17.1053409576416,
        16.025781631469727,
        16.143083572387695,
        16.39866828918457,
        16.965389251708984,
        16.51287078857422,
        16.82567596435547,
        16.89600944519043,
        16.275405883789062,
        16.529560089111328,
        16.892671585083008,
        16.353368759155273,
        16.338109970092773,
        17.52758026123047,
        17.009258270263672,
        16.83211326599121,
        16.838788986206055,
        16.399145126342773,
        22.49312400817871,
        16.59226417541504,
        21.602153778076172,
        20.627737045288086,
        19.34981346130371,
        17.486572265625,
        16.675233840942383,
        16.731739044189453,
        16.90840721130371,
        16.13163948059082,
        20.038604736328125,
        16.762971878051758,
        17.454862594604492,
        17.43936538696289,
        16.791105270385742,
        16.61825180053711,
        18.08953285217285,
        16.628265380859375,
        17.245769500732422,
        16.571998596191406,
        16.52836799621582,
        16.872406005859375,
        19.980192184448242,
        17.305850982666016,
        19.276857376098633,
        16.623735427856445,
        16.318082809448242,
        16.70217514038086,
        16.92056655883789,
        16.793012619018555,
        17.137527465820312
    ],
    "wrong_email_times_account2": [
        16.42131805419922,
        17.24529266357422,
        16.3266658782959,
        16.668319702148438,
        15.885353088378906,
        16.617536544799805,
        17.258882522583008,
        17.189741134643555,
        16.407012939453125,
        16.134977340698242,
        16.533613204956055,
        16.35575294494629,
        16.023874282836914,
        16.83664321899414,
        16.244173049926758,
        16.87455177307129,
        16.528844833374023,
        16.788482666015625,
        18.650531768798828,
        16.729116439819336,
        17.128944396972656,
        18.573522567749023,
        16.484975814819336,
        56.984663009643555,
        16.958236694335938,
        16.565322875976562,
        16.478776931762695,
        16.39270782470703,
        17.29130744934082,
        17.311573028564453,
        16.666650772094727,
        17.37356185913086,
        16.5708065032959,
        17.081737518310547,
        16.5250301361084,
        16.950368881225586,
        24.327516555786133,
        16.55721664428711,
        16.362428665161133,
        20.291566848754883,
        16.545772552490234,
        29.142379760742188,
        17.033100128173828,
        16.50094985961914,
        16.651153564453125,
        17.20595359802246,
        16.835451126098633,
        16.559362411499023,
        16.465425491333008,
        16.904830932617188
    ]
}