{
    "wrong_pw_times_account1": [
        60.82487106323242,
        60.93168258666992,
        60.019493103027344,
        59.47279930114746,
        60.52064895629883,
        59.83304977416992,
        59.361934661865234,
        60.97912788391113,
        63.91572952270508,
        63.57717514038086,
        60.33205986022949,
        60.76669692993164,
        60.02211570739746,
        59.31568145751953,
        60.610055923461914,
        60.927391052246094,
        61.42473220825195,
        59.845924377441406,
        59.34882164001465,
        58.77518653869629,
        59.64207649230957,
        60.46271324157715,
        59.48686599731445,
        59.979915618896484,
        61.394453048706055,
        61.45334243774414,
        59.49854850769043,
        60.332298278808594,
        60.822248458862305,
        59.935808181762695,
        60.503244400024414,
        59.88621711730957,
        65.50264358520508,
        60.23597717285156,
        58.937788009643555,
        59.20696258544922,
        59.63778495788574,
        59.17501449584961,
        59.824466705322266,
        65.5517578125,
        59.88740921020508,
        60.23526191711426,
        59.68308448791504,
        93.83201599121094,
        59.133291244506836,
        59.951066970825195,
        63.38047981262207,
        59.58104133605957,
        58.51888656616211,
        58.93397331237793
    ],
    "wrong_pw_times_account2": [
        61.25164031982422,
        60.53447723388672,
        59.55100059509277,
        59.77964401245117,
        59.87811088562012,
        60.573577880859375,
        59.38434600830078,
        60.503482818603516,
        63.02213668823242,
        59.66782569885254,
        60.60504913330078,
        70.10674476623535,
        64.10837173461914,
        61.188459396362305,
        62.870025634765625,
        64.76092338562012,
        61.13123893737793,
        60.01424789428711,
        59.36121940612793,
        60.16731262207031,
        61.4931583404541,
        67.41547584533691,
        59.346914291381836,
        59.952497482299805,
        66.59984588623047,
        59.54575538635254,
        59.51881408691406,
        59.767723083496094,
        59.45467948913574,
        58.91609191894531,
        67.08621978759766,
        60.07575988769531,
        60.434818267822266,
        77.03542709350586,
        60.32609939575195,
        59.85069274902344,
        62.91604042053223,
        59.78131294250488,
        76.92813873291016,
        81.3453197479248,
        59.59010124206543,
        59.48925018310547,
        58.8841438293457,
        59.95941162109375,
        59.74411964416504,
        65.52982330322266,
        59.48519706726074,
        59.00287628173828,
        58.73417854309082,
        60.33444404602051
    ],
    "wrong_email_times_account1": [
        17.41790771484375,
        25.473833084106445,
        17.37070083618164,
        17.210006713867188,
        18.09096336364746,
        17.17209815979004,
        16.739606857299805,
        19.949674606323242,
        20.65443992614746,
        16.238927841186523,
        23.614883422851562,
        17.109394073486328,
        16.944408416748047,
        17.730712890625,
        15.928268432617188,
        24.991273880004883,
        17.513275146484375,
        17.96555519104004,
        16.496658325195312,
        17.191648483276367,
        16.8454647064209,
        17.696380615234375,
        16.9525146484375,
        17.966747283935547,
        17.174482345581055,
        17.411231994628906,
        18.978595733642578,
        16.43991470336914,
        17.69876480102539,
        16.72077178955078,
        17.266273498535156,
        23.333072662353516,
        26.112079620361328,
        16.416549682617188,
        17.696142196655273,
        17.761945724487305,
        20.668745040893555,
        17.235517501831055,
        20.224571228027344,
        16.976594924926758,
        16.439199447631836,
        16.986370086669922,
        17.27437973022461,
        17.148494720458984,
        17.564773559570312,
        25.560617446899414,
        33.80084037780762,
        17.088890075683594,
        17.136573791503906,
        17.442941665649414
    ],
    "wrong_email_times_account2": [
        18.08619499206543,
        17.04263687133789,
        16.94464683532715,
        17.849445343017578,
        17.375469207763672,
        16.447782516479492,
        27.09031105041504,
        16.640424728393555,
        16.095399856567383,
        17.849445343017578,
        16.61229133605957,
        18.146753311157227,
        16.538619995117188,
        17.75670051574707,
        16.99209213256836,
        20.702123641967773,
        16.389846801757812,
        16.978740692138672,
        16.348600387573242,
        17.07005500793457,
        17.442941665649414,
        16.44301414489746,
        17.52495765686035,
        17.766475677490234,
        17.42243766784668,
        16.345739364624023,
        19.21820640563965,
        16.390562057495117,
        21.14129066467285,
        18.375158309936523,
        17.460107803344727,
        17.1048641204834,
        17.484188079833984,
        16.431808471679688,
        17.48800277709961,
        16.559600830078125,
        17.182350158691406,
        16.730785369873047,
        17.148733139038086,
        16.978740692138672,
        16.437530517578125,
        17.339229583740234,
        36.406755447387695,
        17.872333526611328,
        16.814470291137695,
        19.42157745361328,
        29.007911682128906,
        16.24608039855957,
        17.579078674316406,
        16.646623611450195
    ]
}