{
    "wrong_pw_times_account1": [
        60.76931953430176,
        59.28444862365723,
        68.2682991027832,
        59.54432487487793,
        60.52756309509277,
        60.144662857055664,
        59.37981605529785,
        61.487674713134766,
        60.02449989318848,
        59.805870056152344,
        59.818267822265625,
        64.2843246459961,
        59.45158004760742,
        60.1651668548584,
        60.93549728393555,
        60.5626106262207,
        68.78256797790527,
        59.25250053405762,
        60.44197082519531,
        60.279130935668945,
        59.13853645324707,
        59.65280532836914,
        75.9274959564209,
        60.03999710083008,
        68.267822265625,
        60.06050109863281,
        60.00399589538574,
        59.98063087463379,
        60.37139892578125,
        59.805870056152344,
        63.767433166503906,
        59.975385665893555,
        60.26649475097656,
        59.74626541137695,
        61.269283294677734,
        65.62328338623047,
        59.06820297241211,
        60.20021438598633,
        60.449838638305664,
        59.020280838012695,
        62.34931945800781,
        59.514522552490234,
        60.034751892089844,
        59.337615966796875,
        59.78798866271973,
        60.55426597595215,
        59.68832969665527,
        68.64428520202637,
        61.27142906188965,
        61.08736991882324
    ],
    "wrong_pw_times_account2": [
        60.1961612701416,
        60.04071235656738,
        59.967041015625,
        60.186147689819336,
        59.561729431152344,
        60.86850166320801,
        61.75851821899414,
        60.465335845947266,
        60.17661094665527,
        66.34283065795898,
        59.638023376464844,
        60.0438117980957,
        59.909820556640625,
        58.14862251281738,
        60.42981147766113,
        59.02886390686035,
        59.386491775512695,
        60.202836990356445,
        59.58294868469238,
        60.51993370056152,
        59.64827537536621,
        60.950517654418945,
        59.85116958618164,
        68.0227279663086,
        65.5975341796875,
        61.01703643798828,
        60.033559799194336,
        60.003042221069336,
        60.12153625488281,
        66.47896766662598,
        60.0740909576416,
        60.12558937072754,
        59.226274490356445,
        63.06195259094238,
        60.5618953704834,
        59.16547775268555,
        60.68158149719238,
        72.07965850830078,
        59.35239791870117,
        59.36074256896973,
        59.84807014465332,
        59.65232849121094,
        60.98341941833496,
        60.59598922729492,
        59.35215950012207,
        60.5316162109375,
        59.54313278198242,
        59.78536605834961,
        60.832977294921875,
        66.08176231384277
    ],
    "wrong_email_times_account1": [
        52.648067474365234,
        16.879796981811523,
        16.68715476989746,
        17.487049102783203,
        17.43626594543457,
        16.25204086303711,
        16.875743865966797,
        17.08841323852539,
        17.412424087524414,
        16.58916473388672,
        16.350984573364258,
        16.62611961364746,
        17.035484313964844,
        16.62468910217285,
        16.47162437438965,
        16.28899574279785,
        16.350507736206055,
        16.455888748168945,
        16.917943954467773,
        24.53327178955078,
        16.173362731933594,
        16.412019729614258,
        17.0290470123291,
        17.71402359008789,
        20.837068557739258,
        17.067909240722656,
        17.07625389099121,
        16.779661178588867,
        16.722440719604492,
        21.26622200012207,
        17.542362213134766,
        16.94035530090332,
        16.476154327392578,
        17.101049423217773,
        16.91460609436035,
        17.225027084350586,
        16.72649383544922,
        16.518592834472656,
        17.155170440673828,
        17.211198806762695,
        15.638351440429688,
        16.34502410888672,
        17.31395721435547,
        16.87026023864746,
        20.743131637573242,
        16.654014587402344,
        19.697189331054688,
        17.090320587158203,
        16.659259796142578,
        16.859769821166992
    ],
    "wrong_email_times_account2": [
        17.45915412902832,
        16.457796096801758,
        16.434669494628906,
        16.669034957885742,
        16.81661605834961,
        23.631811141967773,
        16.797780990600586,
        16.810178756713867,
        16.0369873046875,
        16.44301414489746,
        17.114877700805664,
        16.653776168823242,
        18.029451370239258,
        24.501800537109375,
        16.60442352294922,
        23.845911026000977,
        16.792774200439453,
        17.14301109313965,
        27.22001075744629,
        17.229318618774414,
        16.74938201904297,
        16.752958297729492,
        16.565322875976562,
        16.382694244384766,
        16.451358795166016,
        23.100852966308594,
        16.954660415649414,
        16.86859130859375,
        16.883373260498047,
        16.675949096679688,
        16.705751419067383,
        17.386674880981445,
        17.55666732788086,
        16.213417053222656,
        20.168781280517578,
        23.227214813232422,
        16.907691955566406,
        16.51930809020996,
        17.277002334594727,
        16.463756561279297,
        16.965389251708984,
        16.856670379638672,
        17.08507537841797,
        20.015716552734375,
        16.67022705078125,
        16.470909118652344,
        22.493362426757812,
        22.51148223876953,
        16.226530075073242,
        17.115116119384766
    ]
}