{
    "wrong_pw_times_account1": [
        62.674760818481445,
        67.60072708129883,
        67.0018196105957,
        59.092044830322266,
        58.96162986755371,
        70.0078010559082,
        61.36202812194824,
        59.70406532287598,
        61.29002571105957,
        60.42289733886719,
        60.60934066772461,
        60.81247329711914,
        59.74173545837402,
        61.25807762145996,
        59.778451919555664,
        99.20907020568848,
        60.227155685424805,
        60.08791923522949,
        60.044288635253906,
        61.0203742980957,
        64.25619125366211,
        60.59098243713379,
        60.247182846069336,
        58.670759201049805,
        59.127092361450195,
        60.170888900756836,
        67.78144836425781,
        60.07862091064453,
        59.77964401245117,
        62.93463706970215,
        60.00828742980957,
        58.89248847961426,
        61.125993728637695,
        67.64984130859375,
        63.75455856323242,
        60.426950454711914,
        58.54678153991699,
        59.53836441040039,
        59.44085121154785,
        59.868574142456055,
        59.28754806518555,
        68.83788108825684,
        59.39888954162598,
        59.317588806152344,
        68.9246654510498,
        59.95535850524902,
        59.415578842163086,
        59.83877182006836,
        59.80515480041504,
        59.57484245300293
    ],
    "wrong_pw_times_account2": [
        60.2877140045166,
        61.846017837524414,
        66.8790340423584,
        59.700965881347656,
        59.23151969909668,
        59.53264236450195,
        59.891700744628906,
        59.59153175354004,
        59.7081184387207,
        61.313629150390625,
        60.044288635253906,
        65.32168388366699,
        60.28556823730469,
        60.129404067993164,
        59.83090400695801,
        65.8116340637207,
        59.87906455993652,
        59.622764587402344,
        60.18662452697754,
        61.09905242919922,
        60.0588321685791,
        59.659719467163086,
        65.74153900146484,
        59.20529365539551,
        59.95059013366699,
        60.140132904052734,
        59.27133560180664,
        60.42981147766113,
        58.66384506225586,
        59.107303619384766,
        60.314178466796875,
        59.661865234375,
        59.93342399597168,
        59.75794792175293,
        65.39201736450195,
        60.08434295654297,
        59.22555923461914,
        60.05144119262695,
        72.9970932006836,
        59.84902381896973,
        59.929609298706055,
        58.72392654418945,
        59.30352210998535,
        60.11843681335449,
        60.47201156616211,
        59.74221229553223,
        62.82162666320801,
        62.38532066345215,
        60.09340286254883,
        59.781551361083984
    ],
    "wrong_email_times_account1": [
        17.18306541442871,
        32.1657657623291,
        16.46590232849121,
        18.184185028076172,
        20.749568939208984,
        17.173290252685547,
        17.454147338867188,
        16.98136329650879,
        16.342878341674805,
        17.506122589111328,
        16.205787658691406,
        54.97407913208008,
        17.077922821044922,
        16.774892807006836,
        16.560792922973633,
        21.831989288330078,
        16.917943954467773,
        17.23766326904297,
        22.87912368774414,
        20.874738693237305,
        20.049571990966797,
        16.73746109008789,
        18.49222183227539,
        16.339540481567383,
        16.923189163208008,
        16.936302185058594,
        23.6508846282959,
        16.90506935119629,
        16.293048858642578,
        18.133163452148438,
        17.04883575439453,
        16.916275024414062,
        24.759292602539062,
        16.744613647460938,
        19.948959350585938,
        17.414569854736328,
        16.463279724121094,
        16.988277435302734,
        22.548198699951172,
        16.40772819519043,
        25.239229202270508,
        16.42632484436035,
        17.129898071289062,
        16.038179397583008,
        28.586864471435547,
        16.84260368347168,
        16.553163528442383,
        16.492843627929688,
        25.471210479736328,
        16.60633087158203
    ],
    "wrong_email_times_account2": [
        16.35909080505371,
        22.156238555908203,
        16.377687454223633,
        17.339229583740234,
        15.885114669799805,
        23.203611373901367,
        17.102718353271484,
        17.109394073486328,
        16.184091567993164,
        16.787052154541016,
        16.229629516601562,
        17.08388328552246,
        17.06242561340332,
        56.49375915527344,
        16.527414321899414,
        22.2933292388916,
        16.78609848022461,
        16.667842864990234,
        16.872406005859375,
        16.86882972717285,
        17.628908157348633,
        21.389007568359375,
        16.321659088134766,
        17.316102981567383,
        17.00282096862793,
        16.843318939208984,
        16.366243362426758,
        19.472122192382812,
        23.103952407836914,
        16.76487922668457,
        30.199527740478516,
        17.86184310913086,
        17.104625701904297,
        25.769948959350586,
        22.132396697998047,
        16.45183563232422,
        16.615867614746094,
        54.81123924255371,
        25.416851043701172,
        21.988868713378906,
        16.567707061767578,
        16.49332046508789,
        16.428709030151367,
        34.00564193725586,
        16.768932342529297,
        16.811370849609375,
        16.90983772277832,
        18.023967742919922,
        16.59679412841797,
        16.856908798217773
    ]
}