{
    "wrong_pw_times_account1": [
        59.23795700073242,
        60.343027114868164,
        59.49831008911133,
        58.98165702819824,
        67.6412582397461,
        62.50166893005371,
        65.83404541015625,
        59.774160385131836,
        59.977054595947266,
        58.10880661010742,
        58.672189712524414,
        58.93278121948242,
        60.127973556518555,
        67.79313087463379,
        59.68618392944336,
        59.4637393951416,
        59.84616279602051,
        68.18556785583496,
        82.32402801513672,
        66.45727157592773,
        70.52350044250488,
        58.98475646972656,
        58.71009826660156,
        58.94112586975098,
        58.768272399902344,
        58.928489685058594,
        71.82836532592773,
        59.61298942565918,
        62.48593330383301,
        69.48399543762207,
        60.04667282104492,
        59.636592864990234,
        64.13722038269043,
        59.41295623779297,
        59.41319465637207,
        59.807777404785156,
        59.848785400390625,
        60.405731201171875,
        58.99834632873535,
        60.35757064819336,
        60.25362014770508,
        60.457706451416016,
        65.07420539855957,
        59.597015380859375,
        61.794281005859375,
        60.18209457397461,
        60.18185615539551,
        60.273170471191406,
        59.1580867767334,
        60.311317443847656
    ],
    "wrong_pw_times_account2": [
        58.72654914855957,
        67.00325012207031,
        59.87954139709473,
        59.953927993774414,
        60.027122497558594,
        59.74292755126953,
        60.27936935424805,
        58.82906913757324,
        58.81953239440918,
        59.43942070007324,
        59.07011032104492,
        59.473514556884766,
        60.23979187011719,
        60.71138381958008,
        59.363603591918945,
        58.94112586975098,
        59.735774993896484,
        60.13917922973633,
        59.595346450805664,
        73.30632209777832,
        59.20839309692383,
        59.32259559631348,
        59.42678451538086,
        59.114933013916016,
        59.2961311340332,
        59.85140800476074,
        59.85212326049805,
        59.45396423339844,
        59.630393981933594,
        59.899091720581055,
        67.05355644226074,
        60.8975887298584,
        58.55059623718262,
        59.03029441833496,
        58.59994888305664,
        59.752464294433594,
        58.70842933654785,
        66.94912910461426,
        59.92269515991211,
        58.96639823913574,
        60.43291091918945,
        102.62513160705566,
        61.566829681396484,
        60.123443603515625,
        60.95075607299805,
        59.25178527832031,
        60.10580062866211,
        59.79204177856445,
        61.092376708984375,
        66.05243682861328
    ],
    "wrong_email_times_account1": [
        17.86518096923828,
        16.722440719604492,
        16.708850860595703,
        17.401456832885742,
        16.599416732788086,
        17.096281051635742,
        16.69931411743164,
        24.936914443969727,
        16.314029693603516,
        16.85333251953125,
        17.206430435180664,
        16.83521270751953,
        20.867109298706055,
        24.042367935180664,
        16.85023307800293,
        17.057180404663086,
        16.644954681396484,
        17.128467559814453,
        16.852617263793945,
        17.09461212158203,
        16.157865524291992,
        17.040252685546875,
        17.539024353027344,
        16.93582534790039,
        16.810894012451172,
        17.055749893188477,
        16.201496124267578,
        16.506433486938477,
        22.279024124145508,
        16.058683395385742,
        17.058134078979492,
        28.18584442138672,
        16.708850860595703,
        17.6241397857666,
        18.06926727294922,
        17.53091812133789,
        16.93868637084961,
        17.734766006469727,
        17.210721969604492,
        17.158031463623047,
        16.505002975463867,
        16.91436767578125,
        18.283367156982422,
        17.232894897460938,
        16.939163208007812,
        17.524242401123047,
        16.60299301147461,
        16.915321350097656,
        17.923355102539062,
        21.5609073638916
    ],
    "wrong_email_times_account2": [
        17.3037052154541,
        17.473936080932617,
        16.516923904418945,
        16.61825180053711,
        16.663312911987305,
        33.61678123474121,
        16.13616943359375,
        22.74489402770996,
        17.334699630737305,
        16.983985900878906,
        17.52614974975586,
        16.66712760925293,
        32.43136405944824,
        20.190715789794922,
        16.62445068359375,
        17.523527145385742,
        16.71433448791504,
        16.009092330932617,
        17.17996597290039,
        17.426013946533203,
        16.485214233398438,
        16.887664794921875,
        17.25006103515625,
        16.72816276550293,
        16.453027725219727,
        16.439199447631836,
        16.97540283203125,
        18.08476448059082,
        17.884016036987305,
        18.290996551513672,
        28.386592864990234,
        16.864776611328125,
        17.205476760864258,
        17.329692840576172,
        16.974925994873047,
        16.527175903320312,
        16.63351058959961,
        16.620635986328125,
        16.825199127197266,
        17.351627349853516,
        17.637968063354492,
        24.601459503173828,
        17.290592193603516,
        16.63064956665039,
        16.71743392944336,
        17.327308654785156,
        18.657922744750977,
        60.614585876464844,
        17.459869384765625,
        16.47353172302246
    ]
}