{
    "wrong_pw_times_account1": [
        60.44149398803711,
        63.70186805725098,
        59.62491035461426,
        59.75031852722168,
        60.83965301513672,
        60.3485107421875,
        60.616493225097656,
        65.3083324432373,
        58.97068977355957,
        59.31210517883301,
        59.44991111755371,
        59.5393180847168,
        59.12923812866211,
        60.19449234008789,
        58.94970893859863,
        60.370445251464844,
        63.52663040161133,
        60.95266342163086,
        61.6455078125,
        60.00208854675293,
        59.22842025756836,
        59.213876724243164,
        59.36884880065918,
        59.5250129699707,
        60.0283145904541,
        58.27069282531738,
        59.25297737121582,
        59.92913246154785,
        59.84163284301758,
        60.289621353149414,
        67.24929809570312,
        64.31770324707031,
        59.36074256896973,
        58.8681697845459,
        59.59510803222656,
        59.583187103271484,
        59.447288513183594,
        61.257123947143555,
        60.51993370056152,
        63.0030632019043,
        66.38550758361816,
        58.8221549987793,
        59.652090072631836,
        60.46342849731445,
        60.93907356262207,
        58.183908462524414,
        59.844017028808594,
        63.884735107421875,
        60.69469451904297,
        62.51025199890137
    ],
    "wrong_pw_times_account2": [
        60.053348541259766,
        59.51738357543945,
        59.351205825805664,
        60.18805503845215,
        59.82398986816406,
        61.20777130126953,
        60.013532638549805,
        59.29875373840332,
        59.65614318847656,
        63.63487243652344,
        59.418678283691406,
        59.82851982116699,
        67.16513633728027,
        58.25519561767578,
        59.362173080444336,
        60.07552146911621,
        65.31834602355957,
        59.839725494384766,
        64.09049034118652,
        59.81087684631348,
        59.17000770568848,
        58.538198471069336,
        59.117794036865234,
        59.39054489135742,
        67.90924072265625,
        59.07464027404785,
        60.22357940673828,
        60.753822326660156,
        59.751272201538086,
        60.546159744262695,
        61.27166748046875,
        80.43646812438965,
        58.846235275268555,
        59.407949447631836,
        60.46414375305176,
        59.78965759277344,
        109.25841331481934,
        63.61079216003418,
        61.020612716674805,
        60.364484786987305,
        59.59606170654297,
        59.27157402038574,
        59.632301330566406,
        60.205698013305664,
        60.80198287963867,
        59.2045783996582,
        59.94272232055664,
        60.28175354003906,
        60.56571006774902,
        61.209678649902344
    ],
    "wrong_email_times_account1": [
        18.007516860961914,
        17.134428024291992,
        16.6933536529541,
        20.798206329345703,
        22.88508415222168,
        16.835927963256836,
        17.16160774230957,
        16.710758209228516,
        17.011642456054688,
        16.608238220214844,
        17.318010330200195,
        16.798973083496094,
        41.1839485168457,
        16.974449157714844,
        17.466068267822266,
        16.645431518554688,
        17.206192016601562,
        16.612768173217773,
        21.094560623168945,
        18.44024658203125,
        18.081188201904297,
        17.199039459228516,
        16.995668411254883,
        16.16191864013672,
        27.55260467529297,
        16.758203506469727,
        16.45827293395996,
        16.602039337158203,
        17.01498031616211,
        17.142772674560547,
        16.73603057861328,
        16.452789306640625,
        16.757726669311523,
        17.17376708984375,
        16.703128814697266,
        16.67189598083496,
        21.8203067779541,
        17.61770248413086,
        18.09835433959961,
        17.49110221862793,
        17.347097396850586,
        17.08245277404785,
        17.60125160217285,
        17.245054244995117,
        17.78101921081543,
        16.993045806884766,
        16.820669174194336,
        17.733097076416016,
        17.502546310424805,
        17.394065856933594
    ],
    "wrong_email_times_account2": [
        16.781091690063477,
        17.03786849975586,
        16.939163208007812,
        16.76630973815918,
        19.2258358001709,
        21.012544631958008,
        25.693655014038086,
        16.81041717529297,
        16.484737396240234,
        17.84658432006836,
        16.468048095703125,
        16.60609245300293,
        16.79515838623047,
        17.112255096435547,
        28.56302261352539,
        17.292261123657227,
        17.53067970275879,
        16.98613166809082,
        16.850709915161133,
        17.244338989257812,
        16.505002975463867,
        16.963481903076172,
        17.57025718688965,
        16.29352569580078,
        16.656875610351562,
        17.555713653564453,
        16.846179962158203,
        21.90089225769043,
        16.764402389526367,
        17.223358154296875,
        17.062664031982422,
        16.547441482543945,
        17.8835391998291,
        17.223834991455078,
        17.321109771728516,
        20.502090454101562,
        17.735958099365234,
        16.918420791625977,
        20.023107528686523,
        17.071008682250977,
        16.90077781677246,
        16.92485809326172,
        23.2694149017334,
        16.83211326599121,
        18.0511474609375,
        17.049312591552734,
        19.988298416137695,
        17.05145835876465,
        24.83963966369629,
        17.139434814453125
    ]
}