{
    "wrong_email_times_account1": [
        33.0052375793457,
        30.53140640258789,
        33.90955924987793,
        33.10561180114746,
        19.773244857788086,
        52.12664604187012,
        34.07907485961914,
        57.29818344116211,
        30.742406845092773,
        97.99909591674805,
        24.919986724853516,
        31.61001205444336,
        34.052371978759766,
        46.469926834106445,
        33.16545486450195,
        31.606435775756836,
        32.562971115112305,
        35.29500961303711,
        49.820661544799805,
        139.33825492858887,
        32.2260856628418,
        33.5237979888916,
        34.999847412109375,
        25.91085433959961,
        33.57529640197754,
        18.40949058532715,
        32.653093338012695,
        32.689571380615234,
        31.16631507873535,
        79.66828346252441,
        33.19048881530762,
        19.72031593322754,
        40.602684020996094,
        18.372535705566406,
        70.51420211791992,
        33.61010551452637,
        32.17124938964844,
        44.46530342102051,
        42.77539253234863,
        33.689260482788086,
        32.5932502746582,
        17.629146575927734,
        34.4853401184082,
        33.02192687988281,
        32.784461975097656,
        47.02186584472656,
        51.145076751708984,
        32.40704536437988,
        33.53476524353027,
        18.76211166381836
    ],
    "wrong_pw_times_account1": [
        100.56519508361816,
        103.72662544250488,
        105.6663990020752,
        101.0892391204834,
        123.51322174072266,
        225.23069381713867,
        106.59480094909668,
        64.95547294616699,
        101.58634185791016,
        103.63912582397461,
        73.81105422973633,
        72.88670539855957,
        75.72531700134277,
        87.63957023620605,
        102.36907005310059,
        71.08211517333984,
        73.81033897399902,
        68.50790977478027,
        65.00434875488281,
        100.59285163879395,
        99.97940063476562,
        102.81968116760254,
        69.85235214233398,
        61.48648262023926,
        65.3386116027832,
        101.32122039794922,
        101.92656517028809,
        106.36115074157715,
        135.6363296508789,
        101.39250755310059,
        154.36577796936035,
        66.95270538330078,
        64.04328346252441,
        132.86375999450684,
        121.66166305541992,
        65.56487083435059,
        99.48444366455078,
        103.35326194763184,
        101.45092010498047,
        102.27465629577637,
        103.12700271606445,
        102.5841236114502,
        69.71859931945801,
        121.67835235595703,
        101.09066963195801,
        71.39849662780762,
        84.31196212768555,
        74.38254356384277,
        73.16184043884277,
        70.36209106445312
    ],
    "wrong_email_times_account2": [
        33.0657958984375,
        52.17432975769043,
        22.02630043029785,
        33.21647644042969,
        92.40865707397461,
        171.94628715515137,
        38.15197944641113,
        22.177696228027344,
        19.12665367126465,
        22.81475067138672,
        31.64529800415039,
        31.62360191345215,
        31.1279296875,
        32.262563705444336,
        18.818140029907227,
        50.04262924194336,
        18.967866897583008,
        32.764434814453125,
        33.27345848083496,
        33.43391418457031,
        32.37438201904297,
        33.3552360534668,
        32.29641914367676,
        46.98991775512695,
        27.807950973510742,
        43.69926452636719,
        157.6836109161377,
        43.88904571533203,
        32.02247619628906,
        46.47088050842285,
        28.728723526000977,
        31.740903854370117,
        18.560171127319336,
        40.60721397399902,
        18.6312198638916,
        31.25929832458496,
        33.11300277709961,
        37.82463073730469,
        33.78868103027344,
        23.61273765563965,
        30.68995475769043,
        32.989501953125,
        33.194541931152344,
        39.96396064758301,
        58.59684944152832,
        59.27228927612305,
        33.50710868835449,
        113.39306831359863,
        19.086122512817383,
        32.634735107421875
    ],
    "wrong_pw_times_account2": [
        120.54705619812012,
        123.09098243713379,
        101.01103782653809,
        121.73295021057129,
        104.9184799194336,
        101.47619247436523,
        101.96852684020996,
        77.31175422668457,
        124.27783012390137,
        102.62393951416016,
        103.31082344055176,
        62.96420097351074,
        68.19701194763184,
        101.62878036499023,
        102.16879844665527,
        102.85258293151855,
        102.69331932067871,
        103.86323928833008,
        72.11065292358398,
        101.4406681060791,
        129.87017631530762,
        104.92420196533203,
        100.70300102233887,
        80.94072341918945,
        102.73241996765137,
        103.01375389099121,
        120.67818641662598,
        103.05285453796387,
        63.37237358093262,
        105.85379600524902,
        112.46609687805176,
        103.64174842834473,
        101.80020332336426,
        101.49145126342773,
        117.10548400878906,
        62.825679779052734,
        106.68110847473145,
        102.35953330993652,
        69.91934776306152,
        93.72115135192871,
        158.5254669189453,
        147.01318740844727,
        102.70452499389648,
        104.00795936584473,
        64.30244445800781,
        71.36726379394531,
        102.00047492980957,
        61.628103256225586,
        103.3625602722168,
        102.05388069152832
    ]
}