{
    "wrong_email_times_account1": [
        20.445823669433594,
        33.87618064880371,
        24.598121643066406,
        31.914472579956055,
        32.007455825805664,
        126.26862525939941,
        42.89579391479492,
        34.3017578125,
        31.500577926635742,
        31.13245964050293,
        37.66584396362305,
        33.77890586853027,
        32.32216835021973,
        32.150983810424805,
        33.477067947387695,
        19.049644470214844,
        31.570911407470703,
        41.82863235473633,
        31.209230422973633,
        66.45655632019043,
        32.681941986083984,
        33.9963436126709,
        41.66555404663086,
        19.97208595275879,
        34.55185890197754,
        37.911176681518555,
        34.95073318481445,
        22.626876831054688,
        123.64816665649414,
        32.49192237854004,
        18.076658248901367,
        42.74606704711914,
        34.69228744506836,
        33.696889877319336,
        50.620317459106445,
        49.41701889038086,
        25.014877319335938,
        17.085552215576172,
        32.324790954589844,
        39.39080238342285,
        33.12397003173828,
        32.16719627380371,
        31.99911117553711,
        25.031328201293945,
        24.366140365600586,
        33.86688232421875,
        32.59634971618652,
        18.43738555908203,
        18.315792083740234,
        30.867815017700195
    ],
    "wrong_pw_times_account1": [
        65.71078300476074,
        153.1679630279541,
        73.39763641357422,
        101.57012939453125,
        70.24288177490234,
        101.81665420532227,
        100.85749626159668,
        104.0351390838623,
        106.06169700622559,
        66.94293022155762,
        66.36857986450195,
        102.48088836669922,
        64.91327285766602,
        74.94974136352539,
        66.72501564025879,
        101.9129753112793,
        71.79117202758789,
        64.42451477050781,
        100.8453369140625,
        105.42821884155273,
        103.67870330810547,
        156.48365020751953,
        95.69334983825684,
        102.66590118408203,
        105.51571846008301,
        63.93623352050781,
        102.55575180053711,
        100.94237327575684,
        63.37785720825195,
        64.27168846130371,
        101.57322883605957,
        73.18830490112305,
        118.74628067016602,
        66.9252872467041,
        73.57549667358398,
        71.60615921020508,
        64.4071102142334,
        102.66757011413574,
        61.98835372924805,
        100.72851181030273,
        70.13082504272461,
        119.38166618347168,
        102.46396064758301,
        142.99893379211426,
        101.98640823364258,
        103.32274436950684,
        101.04155540466309,
        80.14702796936035,
        101.47714614868164,
        104.49337959289551
    ],
    "wrong_email_times_account2": [
        34.8820686340332,
        77.47626304626465,
        19.32692527770996,
        30.2121639251709,
        34.22284126281738,
        33.22005271911621,
        24.170398712158203,
        31.404495239257812,
        23.949384689331055,
        20.62058448791504,
        32.72747993469238,
        61.35058403015137,
        71.53606414794922,
        34.158945083618164,
        56.71501159667969,
        106.65583610534668,
        21.194934844970703,
        18.789291381835938,
        19.63019371032715,
        32.306671142578125,
        29.330015182495117,
        29.62970733642578,
        56.70809745788574,
        32.868146896362305,
        20.675182342529297,
        30.17258644104004,
        33.60605239868164,
        33.681392669677734,
        19.54936981201172,
        32.43374824523926,
        26.521921157836914,
        45.5629825592041,
        60.787200927734375,
        26.035785675048828,
        37.22047805786133,
        32.796621322631836,
        39.658308029174805,
        28.78260612487793,
        32.834529876708984,
        58.11262130737305,
        18.498897552490234,
        35.31217575073242,
        33.29753875732422,
        34.58762168884277,
        33.005714416503906,
        29.436111450195312,
        77.03185081481934,
        89.1726016998291,
        18.729209899902344,
        34.399986267089844
    ],
    "wrong_pw_times_account2": [
        77.92901992797852,
        63.6591911315918,
        80.87325096130371,
        63.20548057556152,
        100.83723068237305,
        101.90320014953613,
        103.99031639099121,
        96.24886512756348,
        100.80647468566895,
        122.92790412902832,
        103.25288772583008,
        97.8546142578125,
        118.4232234954834,
        101.89604759216309,
        102.72002220153809,
        102.6303768157959,
        106.62412643432617,
        101.36628150939941,
        106.6582202911377,
        83.56904983520508,
        69.91291046142578,
        98.84119033813477,
        103.75094413757324,
        102.75626182556152,
        103.29556465148926,
        61.49649620056152,
        78.98068428039551,
        103.97577285766602,
        101.6085147857666,
        100.15416145324707,
        105.97681999206543,
        102.4010181427002,
        65.56224822998047,
        101.65619850158691,
        135.6832981109619,
        103.55734825134277,
        89.69998359680176,
        121.14691734313965,
        100.95047950744629,
        65.58036804199219,
        87.72134780883789,
        101.19390487670898,
        97.4721908569336,
        110.76164245605469,
        102.21552848815918,
        104.15291786193848,
        70.30272483825684,
        108.09898376464844,
        87.78810501098633,
        102.71835327148438
    ]
}