{
    "wrong_email_times_account1": [
        21.272897720336914,
        33.812761306762695,
        29.210567474365234,
        48.593997955322266,
        41.94831848144531,
        18.401145935058594,
        17.976045608520508,
        23.38433265686035,
        34.24358367919922,
        21.71611785888672,
        45.62640190124512,
        21.801471710205078,
        53.446054458618164,
        18.77427101135254,
        35.4459285736084,
        23.894071578979492,
        19.602298736572266,
        31.324386596679688,
        21.284103393554688,
        32.4559211730957,
        34.03902053833008,
        47.74045944213867,
        34.75332260131836,
        32.0589542388916,
        22.9644775390625,
        20.56264877319336,
        31.487703323364258,
        31.752586364746094,
        102.23937034606934,
        33.705949783325195,
        43.68329048156738,
        31.411170959472656,
        47.898292541503906,
        18.448591232299805,
        34.2714786529541,
        34.88802909851074,
        28.328657150268555,
        36.870479583740234,
        32.59158134460449,
        32.88912773132324,
        18.232107162475586,
        34.9886417388916,
        34.01589393615723,
        22.956132888793945,
        32.501935958862305,
        33.36930274963379,
        44.96192932128906,
        30.223846435546875,
        39.83759880065918,
        39.76583480834961
    ],
    "wrong_pw_times_account1": [
        103.53469848632812,
        102.1280288696289,
        102.41913795471191,
        102.12326049804688,
        67.55590438842773,
        101.52149200439453,
        137.54677772521973,
        75.29354095458984,
        103.6534309387207,
        83.16397666931152,
        70.26839256286621,
        104.34889793395996,
        106.74500465393066,
        62.53385543823242,
        63.065290451049805,
        102.82182693481445,
        69.61464881896973,
        101.12237930297852,
        102.99491882324219,
        101.72700881958008,
        179.78167533874512,
        72.57699966430664,
        124.0394115447998,
        104.5541763305664,
        64.93234634399414,
        101.34673118591309,
        106.45294189453125,
        63.43531608581543,
        102.89335250854492,
        108.46972465515137,
        64.47696685791016,
        69.0460205078125,
        104.80570793151855,
        100.93474388122559,
        62.172889709472656,
        75.7749080657959,
        108.23893547058105,
        62.37387657165527,
        70.37496566772461,
        105.73506355285645,
        106.05335235595703,
        102.33330726623535,
        67.05617904663086,
        104.3083667755127,
        121.80137634277344,
        151.52859687805176,
        114.22920227050781,
        65.82355499267578,
        94.9101448059082,
        295.2413558959961
    ],
    "wrong_email_times_account2": [
        28.217315673828125,
        21.149635314941406,
        33.48660469055176,
        19.51885223388672,
        34.767866134643555,
        23.666858673095703,
        31.500816345214844,
        71.38419151306152,
        17.546653747558594,
        33.292293548583984,
        32.57441520690918,
        61.01560592651367,
        34.30891036987305,
        33.18190574645996,
        32.16743469238281,
        51.16128921508789,
        33.36453437805176,
        42.61970520019531,
        34.22117233276367,
        33.652305603027344,
        36.55672073364258,
        41.826725006103516,
        32.413482666015625,
        33.385276794433594,
        34.00015830993652,
        45.13716697692871,
        39.1087532043457,
        23.297786712646484,
        46.38552665710449,
        23.41461181640625,
        31.401395797729492,
        46.54073715209961,
        36.55385971069336,
        47.05405235290527,
        33.24770927429199,
        32.428741455078125,
        17.714977264404297,
        76.4002799987793,
        85.21175384521484,
        31.877994537353516,
        23.83565902709961,
        53.59935760498047,
        33.80250930786133,
        33.72478485107422,
        34.87348556518555,
        25.30527114868164,
        26.260852813720703,
        40.505409240722656,
        20.103931427001953,
        31.646251678466797
    ],
    "wrong_pw_times_account2": [
        103.5459041595459,
        102.52690315246582,
        103.33371162414551,
        81.7117691040039,
        94.80738639831543,
        93.69349479675293,
        102.49662399291992,
        107.97405242919922,
        73.40192794799805,
        103.17015647888184,
        82.53169059753418,
        79.67352867126465,
        101.37534141540527,
        103.34372520446777,
        89.80560302734375,
        81.13670349121094,
        86.06338500976562,
        72.69716262817383,
        65.59252738952637,
        73.3802318572998,
        64.03923034667969,
        103.18922996520996,
        63.3695125579834,
        69.7929859161377,
        100.8145809173584,
        68.65286827087402,
        65.0937557220459,
        101.31049156188965,
        62.844276428222656,
        125.92053413391113,
        70.66822052001953,
        75.9880542755127,
        104.3241024017334,
        218.36590766906738,
        102.99825668334961,
        66.24126434326172,
        116.0879135131836,
        103.93428802490234,
        103.16777229309082,
        72.55101203918457,
        63.570499420166016,
        103.51943969726562,
        66.33543968200684,
        64.59903717041016,
        101.87554359436035,
        103.04737091064453,
        80.88064193725586,
        63.20643424987793,
        66.86782836914062,
        102.4160385131836
    ]
}