{
    "wrong_email_times_account1": [
        19.582271575927734,
        43.74384880065918,
        20.03335952758789,
        42.53840446472168,
        34.55805778503418,
        35.176992416381836,
        31.382322311401367,
        117.71035194396973,
        18.86439323425293,
        108.43229293823242,
        43.54214668273926,
        37.038326263427734,
        77.19850540161133,
        23.192882537841797,
        33.25700759887695,
        30.63797950744629,
        45.812368392944336,
        34.024953842163086,
        34.047603607177734,
        20.12324333190918,
        26.799440383911133,
        22.933006286621094,
        32.60374069213867,
        33.10441970825195,
        31.7232608795166,
        21.80647850036621,
        30.651330947875977,
        18.520355224609375,
        33.95819664001465,
        35.30621528625488,
        75.46544075012207,
        42.66834259033203,
        23.461341857910156,
        43.34449768066406,
        19.660234451293945,
        33.04100036621094,
        72.36647605895996,
        53.80511283874512,
        22.197723388671875,
        31.116485595703125,
        29.941082000732422,
        34.407854080200195,
        55.31024932861328,
        31.894683837890625,
        35.42804718017578,
        18.840789794921875,
        38.77067565917969,
        35.85195541381836,
        18.68462562561035,
        34.526824951171875
    ],
    "wrong_pw_times_account1": [
        104.64000701904297,
        100.35061836242676,
        102.63609886169434,
        125.42843818664551,
        118.18528175354004,
        104.22754287719727,
        73.3327865600586,
        104.56109046936035,
        64.62836265563965,
        112.61224746704102,
        62.85238265991211,
        64.32747840881348,
        199.84793663024902,
        101.3936996459961,
        62.22105026245117,
        100.9361743927002,
        63.611507415771484,
        103.96575927734375,
        102.4482250213623,
        71.87795639038086,
        105.90791702270508,
        101.24897956848145,
        102.44178771972656,
        104.9048900604248,
        106.05478286743164,
        104.04205322265625,
        79.5435905456543,
        70.2965259552002,
        101.87745094299316,
        173.95401000976562,
        104.2928695678711,
        63.80295753479004,
        72.01623916625977,
        63.14277648925781,
        92.85926818847656,
        103.1343936920166,
        76.01618766784668,
        72.17669486999512,
        104.34818267822266,
        102.84256935119629,
        82.53693580627441,
        63.26699256896973,
        115.42153358459473,
        104.57611083984375,
        101.63164138793945,
        178.5423755645752,
        62.29972839355469,
        63.616275787353516,
        79.73790168762207,
        63.2474422454834
    ],
    "wrong_email_times_account2": [
        33.39815139770508,
        31.516313552856445,
        34.04664993286133,
        35.91346740722656,
        34.64674949645996,
        31.493186950683594,
        26.118755340576172,
        35.07351875305176,
        19.82879638671875,
        20.699739456176758,
        33.51092338562012,
        40.04025459289551,
        37.57309913635254,
        33.30659866333008,
        30.991554260253906,
        74.56302642822266,
        33.28871726989746,
        35.42065620422363,
        27.12559700012207,
        34.880876541137695,
        33.74195098876953,
        47.35541343688965,
        31.798601150512695,
        32.63235092163086,
        26.045799255371094,
        96.31466865539551,
        30.2579402923584,
        34.009695053100586,
        40.54880142211914,
        36.513566970825195,
        33.712148666381836,
        32.76348114013672,
        18.289804458618164,
        39.61896896362305,
        31.780719757080078,
        43.47562789916992,
        34.075260162353516,
        34.39140319824219,
        41.86749458312988,
        18.35918426513672,
        22.774219512939453,
        51.427364349365234,
        27.90355682373047,
        33.66446495056152,
        18.4633731842041,
        33.065080642700195,
        67.29936599731445,
        31.93831443786621,
        33.289432525634766,
        54.80599403381348
    ],
    "wrong_pw_times_account2": [
        73.25911521911621,
        120.83745002746582,
        102.16474533081055,
        100.8751392364502,
        102.27394104003906,
        77.21161842346191,
        102.36692428588867,
        109.55429077148438,
        112.79749870300293,
        116.33563041687012,
        63.564300537109375,
        99.50900077819824,
        104.56657409667969,
        128.72028350830078,
        279.9859046936035,
        103.37066650390625,
        100.62265396118164,
        103.10125350952148,
        104.53653335571289,
        104.01582717895508,
        100.38304328918457,
        103.1031608581543,
        101.79996490478516,
        64.02707099914551,
        64.9871826171875,
        103.1339168548584,
        65.50216674804688,
        77.12650299072266,
        62.874794006347656,
        92.1943187713623,
        105.44490814208984,
        72.78084754943848,
        100.75497627258301,
        102.37789154052734,
        102.90193557739258,
        101.75108909606934,
        73.83966445922852,
        89.20764923095703,
        105.68881034851074,
        63.994407653808594,
        101.54223442077637,
        102.23603248596191,
        129.78768348693848,
        93.0633544921875,
        103.78718376159668,
        102.5705337524414,
        77.36349105834961,
        101.30715370178223,
        102.58889198303223,
        68.12930107116699
    ]
}