{
    "wrong_email_times_account1": [
        18.979549407958984,
        19.840002059936523,
        19.159555435180664,
        18.581867218017578,
        19.722938537597656,
        25.450706481933594,
        87.7227783203125,
        47.54829406738281,
        30.419349670410156,
        27.766942977905273,
        30.931711196899414,
        33.391714096069336,
        35.119056701660156,
        34.37376022338867,
        53.014516830444336,
        33.96439552307129,
        23.040294647216797,
        34.11698341369629,
        31.85868263244629,
        110.13913154602051,
        33.942222595214844,
        30.724525451660156,
        91.82286262512207,
        35.16888618469238,
        32.87649154663086,
        34.9276065826416,
        33.297061920166016,
        32.482147216796875,
        33.6759090423584,
        22.44710922241211,
        32.94658660888672,
        25.098562240600586,
        18.349409103393555,
        51.36418342590332,
        33.79964828491211,
        35.82477569580078,
        123.52800369262695,
        33.91551971435547,
        33.80632400512695,
        62.33572959899902,
        33.103227615356445,
        43.198347091674805,
        81.30979537963867,
        30.599594116210938,
        31.777381896972656,
        31.431913375854492,
        33.45751762390137,
        33.112525939941406,
        28.80072593688965,
        32.94634819030762
    ],
    "wrong_pw_times_account1": [
        101.59587860107422,
        63.080787658691406,
        103.76119613647461,
        102.05531120300293,
        97.29790687561035,
        80.58667182922363,
        102.94532775878906,
        102.61273384094238,
        78.71079444885254,
        104.34484481811523,
        66.29395484924316,
        100.51536560058594,
        159.1663360595703,
        66.65778160095215,
        102.2639274597168,
        129.67514991760254,
        111.55962944030762,
        62.047481536865234,
        66.21265411376953,
        103.54828834533691,
        126.16944313049316,
        101.57418251037598,
        104.85625267028809,
        105.75222969055176,
        72.87478446960449,
        103.65676879882812,
        115.00310897827148,
        72.33047485351562,
        100.69608688354492,
        101.0584831237793,
        88.97829055786133,
        102.08749771118164,
        101.79352760314941,
        102.1575927734375,
        100.64482688903809,
        101.62711143493652,
        85.61968803405762,
        119.09699440002441,
        76.50971412658691,
        64.53490257263184,
        132.49993324279785,
        103.46388816833496,
        103.29413414001465,
        101.85837745666504,
        101.63402557373047,
        101.42993927001953,
        100.5103588104248,
        101.31692886352539,
        102.24723815917969,
        79.74076271057129
    ],
    "wrong_email_times_account2": [
        33.60724449157715,
        33.997535705566406,
        31.777620315551758,
        33.78009796142578,
        46.89526557922363,
        41.88036918640137,
        32.114505767822266,
        19.52195167541504,
        20.168066024780273,
        22.243022918701172,
        33.14089775085449,
        18.477916717529297,
        21.294593811035156,
        22.994041442871094,
        19.972801208496094,
        39.55960273742676,
        31.726837158203125,
        28.644084930419922,
        32.256364822387695,
        36.35144233703613,
        18.85247230529785,
        48.87652397155762,
        25.358915328979492,
        24.57737922668457,
        22.289752960205078,
        18.17488670349121,
        33.782243728637695,
        33.646583557128906,
        36.1323356628418,
        106.98461532592773,
        104.83646392822266,
        31.319379806518555,
        32.60469436645508,
        32.7153205871582,
        28.947830200195312,
        34.2411994934082,
        18.838167190551758,
        30.13443946838379,
        17.4710750579834,
        19.11139488220215,
        26.121139526367188,
        30.87925910949707,
        32.7761173248291,
        19.3634033203125,
        27.849197387695312,
        30.303955078125,
        33.83827209472656,
        36.026954650878906,
        33.93840789794922,
        34.021854400634766
    ],
    "wrong_pw_times_account2": [
        75.51717758178711,
        104.13193702697754,
        71.5935230255127,
        89.48731422424316,
        91.35818481445312,
        68.04752349853516,
        72.9372501373291,
        62.6218318939209,
        66.25580787658691,
        77.41785049438477,
        76.37810707092285,
        85.30569076538086,
        102.68497467041016,
        102.41079330444336,
        101.83358192443848,
        101.20296478271484,
        101.30858421325684,
        87.97192573547363,
        102.08773612976074,
        101.1509895324707,
        102.44297981262207,
        101.20582580566406,
        80.58714866638184,
        102.56075859069824,
        101.04632377624512,
        75.41728019714355,
        104.43878173828125,
        101.6998291015625,
        100.90422630310059,
        88.86384963989258,
        112.58959770202637,
        63.5528564453125,
        68.6190128326416,
        103.16944122314453,
        101.9449234008789,
        101.17197036743164,
        64.11933898925781,
        69.31114196777344,
        76.73931121826172,
        61.541080474853516,
        103.34324836730957,
        93.08528900146484,
        65.19913673400879,
        118.47257614135742,
        109.76552963256836,
        132.73048400878906,
        69.85092163085938,
        101.83477401733398,
        67.18921661376953,
        101.25565528869629
    ]
}