{
    "wrong_email_times_account1": [
        36.362409591674805,
        33.97011756896973,
        61.884164810180664,
        19.554853439331055,
        33.93745422363281,
        33.13326835632324,
        19.20318603515625,
        32.57632255554199,
        20.606040954589844,
        18.667936325073242,
        34.47532653808594,
        33.38265419006348,
        47.10865020751953,
        22.127866744995117,
        19.736766815185547,
        35.54391860961914,
        23.305892944335938,
        17.808198928833008,
        41.00155830383301,
        18.32723617553711,
        45.89438438415527,
        32.149553298950195,
        35.363197326660156,
        34.197092056274414,
        18.996238708496094,
        33.487558364868164,
        23.98514747619629,
        34.340858459472656,
        36.4835262298584,
        31.69727325439453,
        90.90304374694824,
        64.0871524810791,
        60.39714813232422,
        32.68551826477051,
        17.534494400024414,
        42.424917221069336,
        36.92770004272461,
        30.913591384887695,
        38.713693618774414,
        26.45134925842285,
        19.025802612304688,
        34.47890281677246,
        32.59706497192383,
        35.37440299987793,
        30.4715633392334,
        34.33036804199219,
        31.889915466308594,
        34.73806381225586,
        33.98633003234863,
        35.65573692321777
    ],
    "wrong_pw_times_account1": [
        69.76485252380371,
        101.38893127441406,
        99.65252876281738,
        72.40939140319824,
        102.06937789916992,
        74.37443733215332,
        102.00309753417969,
        66.83897972106934,
        63.92979621887207,
        102.33831405639648,
        62.20889091491699,
        62.519073486328125,
        102.73051261901855,
        91.48168563842773,
        62.9274845123291,
        102.49567031860352,
        113.80386352539062,
        83.83059501647949,
        65.84668159484863,
        116.31107330322266,
        157.48357772827148,
        116.12987518310547,
        79.66113090515137,
        103.88755798339844,
        104.00748252868652,
        80.80768585205078,
        141.12353324890137,
        87.8150463104248,
        104.38036918640137,
        104.26068305969238,
        102.38981246948242,
        71.67458534240723,
        102.9205322265625,
        101.74751281738281,
        65.11163711547852,
        115.0054931640625,
        70.25957107543945,
        98.56820106506348,
        105.84306716918945,
        78.8869857788086,
        63.63058090209961,
        70.48583030700684,
        63.36641311645508,
        102.05554962158203,
        103.45268249511719,
        90.66987037658691,
        103.25264930725098,
        101.96518898010254,
        101.84693336486816,
        67.03567504882812
    ],
    "wrong_email_times_account2": [
        41.61810874938965,
        33.573150634765625,
        21.074771881103516,
        18.89801025390625,
        18.192052841186523,
        33.58101844787598,
        28.268814086914062,
        32.33671188354492,
        31.575679779052734,
        18.71943473815918,
        32.15789794921875,
        73.25625419616699,
        32.44495391845703,
        65.01030921936035,
        34.38234329223633,
        31.740427017211914,
        59.03506278991699,
        44.47150230407715,
        36.03720664978027,
        74.73230361938477,
        37.33396530151367,
        30.66849708557129,
        43.67518424987793,
        35.651445388793945,
        31.76116943359375,
        18.550395965576172,
        33.6301326751709,
        25.209426879882812,
        33.9205265045166,
        59.24654006958008,
        21.279335021972656,
        36.01884841918945,
        42.67740249633789,
        33.97798538208008,
        50.70614814758301,
        27.490854263305664,
        50.81319808959961,
        55.6185245513916,
        34.40713882446289,
        35.15195846557617,
        31.63003921508789,
        18.611907958984375,
        29.055356979370117,
        36.835670471191406,
        105.23295402526855,
        32.7303409576416,
        32.70602226257324,
        19.78158950805664,
        37.761688232421875,
        32.331228256225586
    ],
    "wrong_pw_times_account2": [
        73.43745231628418,
        102.11682319641113,
        77.90207862854004,
        116.35279655456543,
        123.3513355255127,
        67.79742240905762,
        107.31077194213867,
        104.28404808044434,
        69.9009895324707,
        103.40428352355957,
        111.24920845031738,
        97.05853462219238,
        61.304330825805664,
        79.93268966674805,
        109.2381477355957,
        111.35196685791016,
        76.01213455200195,
        102.26321220397949,
        66.2224292755127,
        62.85595893859863,
        78.704833984375,
        72.95083999633789,
        76.13396644592285,
        88.50598335266113,
        65.92988967895508,
        66.83063507080078,
        103.03115844726562,
        102.94175148010254,
        105.73935508728027,
        74.19824600219727,
        106.37450218200684,
        104.67267036437988,
        107.66768455505371,
        101.58205032348633,
        162.91546821594238,
        82.0930004119873,
        118.29733848571777,
        63.81797790527344,
        63.756465911865234,
        66.85233116149902,
        103.45244407653809,
        106.71091079711914,
        100.02970695495605,
        119.49515342712402,
        68.48955154418945,
        102.72002220153809,
        100.08764266967773,
        70.97291946411133,
        102.39696502685547,
        65.41752815246582
    ]
}