{
    "wrong_email_times_account1": [
        46.613454818725586,
        31.681299209594727,
        20.107746124267578,
        34.5304012298584,
        25.520801544189453,
        30.66706657409668,
        32.85670280456543,
        32.24945068359375,
        32.564401626586914,
        31.695127487182617,
        38.74564170837402,
        34.62576866149902,
        37.72926330566406,
        32.98163414001465,
        43.02620887756348,
        33.52785110473633,
        34.3937873840332,
        33.052921295166016,
        20.665645599365234,
        132.92622566223145,
        33.59198570251465,
        33.05625915527344,
        24.85346794128418,
        52.6890754699707,
        33.167123794555664,
        32.86123275756836,
        32.13167190551758,
        111.79351806640625,
        18.625259399414062,
        32.18865394592285,
        35.40444374084473,
        32.198429107666016,
        33.09035301208496,
        32.20415115356445,
        26.539325714111328,
        33.21027755737305,
        35.790205001831055,
        24.438858032226562,
        50.53281784057617,
        38.10834884643555,
        33.15162658691406,
        20.969390869140625,
        30.523300170898438,
        33.17832946777344,
        79.54025268554688,
        59.85713005065918,
        31.26215934753418,
        32.25874900817871,
        33.94603729248047,
        32.77921676635742
    ],
    "wrong_pw_times_account1": [
        72.46637344360352,
        76.18832588195801,
        67.1994686126709,
        64.54849243164062,
        103.98697853088379,
        101.62520408630371,
        63.831329345703125,
        80.93976974487305,
        75.43206214904785,
        79.4672966003418,
        78.3536434173584,
        101.75657272338867,
        65.98186492919922,
        103.3320426940918,
        100.31580924987793,
        103.6374568939209,
        79.59270477294922,
        102.41866111755371,
        101.18722915649414,
        146.04973793029785,
        62.28160858154297,
        62.2553825378418,
        102.84018516540527,
        102.5385856628418,
        63.32802772521973,
        105.55171966552734,
        107.60879516601562,
        101.26471519470215,
        63.88521194458008,
        101.76849365234375,
        101.3939380645752,
        106.33254051208496,
        102.69355773925781,
        100.89874267578125,
        126.85179710388184,
        101.09162330627441,
        63.83347511291504,
        125.86164474487305,
        101.73702239990234,
        111.2668514251709,
        98.71792793273926,
        64.09239768981934,
        74.14889335632324,
        148.0855941772461,
        67.43502616882324,
        102.10824012756348,
        102.94008255004883,
        64.41116333007812,
        101.66668891906738,
        101.40824317932129
    ],
    "wrong_email_times_account2": [
        36.91291809082031,
        32.64927864074707,
        53.05218696594238,
        63.97652626037598,
        56.1070442199707,
        52.135467529296875,
        56.81729316711426,
        23.351430892944336,
        20.89405059814453,
        18.687725067138672,
        22.420883178710938,
        32.938241958618164,
        35.0496768951416,
        19.55556869506836,
        34.61599349975586,
        31.246423721313477,
        27.266502380371094,
        28.359413146972656,
        33.205270767211914,
        35.5684757232666,
        39.8104190826416,
        34.207820892333984,
        33.19287300109863,
        31.424283981323242,
        37.38737106323242,
        33.55288505554199,
        28.32818031311035,
        32.54342079162598,
        28.917789459228516,
        34.317970275878906,
        46.37265205383301,
        20.5843448638916,
        20.71833610534668,
        33.373355865478516,
        32.42754936218262,
        35.48884391784668,
        142.35734939575195,
        32.43303298950195,
        87.32271194458008,
        31.861066818237305,
        23.517608642578125,
        31.9976806640625,
        25.28095245361328,
        25.19679069519043,
        34.52134132385254,
        45.12381553649902,
        35.54892539978027,
        36.48805618286133,
        34.12365913391113,
        32.49382972717285
    ],
    "wrong_pw_times_account2": [
        63.92788887023926,
        101.81879997253418,
        100.33130645751953,
        73.4550952911377,
        73.77409934997559,
        80.96957206726074,
        100.91352462768555,
        78.0036449432373,
        69.60558891296387,
        64.06450271606445,
        66.17331504821777,
        102.28705406188965,
        62.773704528808594,
        62.74676322937012,
        100.2202033996582,
        102.02693939208984,
        63.059329986572266,
        103.03497314453125,
        62.731027603149414,
        90.22784233093262,
        63.13967704772949,
        96.79770469665527,
        103.73067855834961,
        104.56705093383789,
        62.581777572631836,
        62.92366981506348,
        102.19860076904297,
        83.7717056274414,
        124.44567680358887,
        100.45433044433594,
        132.1887969970703,
        63.74382972717285,
        107.03086853027344,
        63.432931900024414,
        102.22768783569336,
        101.81021690368652,
        76.56049728393555,
        98.27876091003418,
        101.9287109375,
        65.15002250671387,
        103.67035865783691,
        63.385009765625,
        102.87117958068848,
        77.24881172180176,
        91.27593040466309,
        101.37343406677246,
        122.50828742980957,
        102.06413269042969,
        62.969207763671875,
        165.19570350646973
    ]
}