{
    "wrong_email_times_account1": [
        19.779443740844727,
        43.07723045349121,
        34.08193588256836,
        34.38425064086914,
        32.44733810424805,
        34.38973426818848,
        33.44273567199707,
        18.426179885864258,
        18.92876625061035,
        17.435789108276367,
        34.5921516418457,
        37.86802291870117,
        31.331300735473633,
        32.96375274658203,
        33.204078674316406,
        71.12455368041992,
        32.46760368347168,
        39.731740951538086,
        148.81610870361328,
        113.9531135559082,
        23.476600646972656,
        31.76712989807129,
        21.38996124267578,
        48.17557334899902,
        34.57355499267578,
        32.521963119506836,
        46.24676704406738,
        33.03790092468262,
        33.08892250061035,
        36.25845909118652,
        31.844615936279297,
        18.221139907836914,
        28.44405174255371,
        32.24301338195801,
        32.361745834350586,
        18.54705810546875,
        52.90365219116211,
        22.716045379638672,
        34.76214408874512,
        33.11491012573242,
        328.10497283935547,
        34.937381744384766,
        32.24921226501465,
        32.64641761779785,
        34.34491157531738,
        26.551008224487305,
        32.48023986816406,
        27.496814727783203,
        40.40336608886719,
        33.65921974182129
    ],
    "wrong_pw_times_account1": [
        72.98541069030762,
        87.68486976623535,
        100.43120384216309,
        107.60807991027832,
        205.3840160369873,
        117.27213859558105,
        114.59612846374512,
        68.15266609191895,
        64.54324722290039,
        98.49810600280762,
        101.09972953796387,
        101.75204277038574,
        122.67255783081055,
        104.04562950134277,
        78.32765579223633,
        103.25503349304199,
        62.530517578125,
        113.37852478027344,
        64.67723846435547,
        63.31038475036621,
        115.50402641296387,
        72.40486145019531,
        102.13232040405273,
        99.55358505249023,
        103.10244560241699,
        102.05698013305664,
        64.12577629089355,
        126.23023986816406,
        101.26590728759766,
        72.80278205871582,
        65.89126586914062,
        102.35142707824707,
        81.65526390075684,
        127.03514099121094,
        122.10679054260254,
        72.43537902832031,
        104.14838790893555,
        80.15012741088867,
        101.3939380645752,
        78.98974418640137,
        172.3346710205078,
        100.88515281677246,
        63.26150894165039,
        100.84676742553711,
        63.20643424987793,
        102.94485092163086,
        66.92123413085938,
        101.07207298278809,
        83.56857299804688,
        70.55974006652832
    ],
    "wrong_email_times_account2": [
        32.09996223449707,
        20.209789276123047,
        22.996187210083008,
        30.87782859802246,
        32.52840042114258,
        33.35237503051758,
        19.493579864501953,
        22.23038673400879,
        33.08224678039551,
        33.36143493652344,
        19.109010696411133,
        22.81785011291504,
        28.15866470336914,
        25.881290435791016,
        42.52266883850098,
        39.33525085449219,
        19.003629684448242,
        33.098459243774414,
        23.308515548706055,
        34.2860221862793,
        71.68221473693848,
        115.90981483459473,
        36.122798919677734,
        32.675743103027344,
        36.53383255004883,
        45.26710510253906,
        32.793521881103516,
        61.766862869262695,
        31.030654907226562,
        39.67404365539551,
        35.4924201965332,
        26.913881301879883,
        20.525693893432617,
        33.28514099121094,
        23.465394973754883,
        38.7415885925293,
        44.709205627441406,
        17.49706268310547,
        32.860517501831055,
        18.60499382019043,
        27.809619903564453,
        22.943735122680664,
        35.27665138244629,
        34.48200225830078,
        33.2033634185791,
        31.98981285095215,
        74.3112564086914,
        33.00619125366211,
        36.428213119506836,
        31.52608871459961
    ],
    "wrong_pw_times_account2": [
        68.94207000732422,
        103.29031944274902,
        68.39108467102051,
        62.47091293334961,
        83.08124542236328,
        100.08549690246582,
        105.02099990844727,
        62.52145767211914,
        101.29618644714355,
        72.97682762145996,
        102.36167907714844,
        63.14349174499512,
        63.32111358642578,
        105.15546798706055,
        103.09290885925293,
        121.16003036499023,
        63.17710876464844,
        64.1026496887207,
        101.22251510620117,
        126.75833702087402,
        101.36938095092773,
        64.07785415649414,
        104.34508323669434,
        63.141584396362305,
        103.4994125366211,
        64.76306915283203,
        67.99888610839844,
        101.47762298583984,
        62.566280364990234,
        119.24600601196289,
        79.28037643432617,
        104.4464111328125,
        101.95732116699219,
        65.53244590759277,
        73.91119003295898,
        76.75790786743164,
        102.51045227050781,
        62.6530647277832,
        102.52952575683594,
        102.64992713928223,
        72.4036693572998,
        102.00858116149902,
        100.43525695800781,
        116.53995513916016,
        101.20153427124023,
        102.16426849365234,
        68.74799728393555,
        100.54683685302734,
        101.71818733215332,
        102.62632369995117
    ]
}