{
    "wrong_email_times_account1": [
        35.67314147949219,
        28.17368507385254,
        18.049240112304688,
        81.0389518737793,
        33.566951751708984,
        35.532236099243164,
        39.792537689208984,
        33.90860557556152,
        20.742177963256836,
        33.86092185974121,
        33.518075942993164,
        18.964767456054688,
        44.99030113220215,
        32.32598304748535,
        19.962310791015625,
        32.5474739074707,
        30.54070472717285,
        32.47332572937012,
        21.361589431762695,
        34.604787826538086,
        32.63592720031738,
        20.399808883666992,
        32.5617790222168,
        36.68522834777832,
        22.98283576965332,
        32.5169563293457,
        50.14538764953613,
        32.48119354248047,
        82.40151405334473,
        27.74834632873535,
        33.0195426940918,
        28.505802154541016,
        18.965959548950195,
        28.032302856445312,
        33.88690948486328,
        39.00575637817383,
        31.963109970092773,
        83.10985565185547,
        33.69259834289551,
        32.77993202209473,
        19.334077835083008,
        33.84137153625488,
        32.735586166381836,
        34.63172912597656,
        33.60867500305176,
        33.97226333618164,
        34.240007400512695,
        24.872779846191406,
        36.74936294555664,
        33.56432914733887
    ],
    "wrong_pw_times_account1": [
        102.25248336791992,
        65.73867797851562,
        107.50341415405273,
        103.05929183959961,
        101.32312774658203,
        104.17008399963379,
        113.3263111114502,
        102.72979736328125,
        99.3800163269043,
        70.33681869506836,
        102.1263599395752,
        81.27975463867188,
        104.38680648803711,
        64.0571117401123,
        101.95446014404297,
        101.6836166381836,
        123.87609481811523,
        61.98477745056152,
        103.23119163513184,
        176.18203163146973,
        115.3249740600586,
        91.40801429748535,
        102.71358489990234,
        72.82400131225586,
        112.95723915100098,
        88.63639831542969,
        103.23667526245117,
        62.76082992553711,
        72.76773452758789,
        103.41262817382812,
        62.21508979797363,
        111.60087585449219,
        102.58865356445312,
        69.14377212524414,
        103.57379913330078,
        102.46562957763672,
        102.22482681274414,
        101.91559791564941,
        71.64168357849121,
        111.19365692138672,
        116.8363094329834,
        80.17611503601074,
        102.79273986816406,
        101.78041458129883,
        104.73155975341797,
        100.1746654510498,
        97.24879264831543,
        119.26698684692383,
        102.34451293945312,
        73.03500175476074
    ],
    "wrong_email_times_account2": [
        31.212568283081055,
        32.906293869018555,
        52.54769325256348,
        19.1347599029541,
        50.6589412689209,
        32.31358528137207,
        32.279253005981445,
        41.84603691101074,
        36.21220588684082,
        32.713890075683594,
        32.73320198059082,
        51.45001411437988,
        36.88454627990723,
        92.05985069274902,
        97.96833992004395,
        32.58061408996582,
        32.265663146972656,
        32.0889949798584,
        18.59450340270996,
        32.21464157104492,
        40.581464767456055,
        26.080846786499023,
        32.66191482543945,
        37.86301612854004,
        33.72788429260254,
        33.23817253112793,
        47.25003242492676,
        17.924070358276367,
        32.63974189758301,
        33.651113510131836,
        32.63235092163086,
        60.022830963134766,
        55.89604377746582,
        32.24349021911621,
        38.29002380371094,
        31.58736228942871,
        111.87744140625,
        32.388925552368164,
        31.325578689575195,
        31.596660614013672,
        21.525859832763672,
        33.423423767089844,
        31.545400619506836,
        99.2584228515625,
        44.268131256103516,
        19.49024200439453,
        20.45607566833496,
        31.402587890625,
        33.516645431518555,
        33.45751762390137
    ],
    "wrong_pw_times_account2": [
        103.32751274108887,
        102.26678848266602,
        100.38089752197266,
        103.39212417602539,
        176.1794090270996,
        79.92148399353027,
        66.86139106750488,
        77.49700546264648,
        103.8351058959961,
        63.794612884521484,
        75.2115249633789,
        67.22474098205566,
        63.121795654296875,
        119.37141418457031,
        72.04174995422363,
        101.05156898498535,
        101.15194320678711,
        138.97013664245605,
        102.10275650024414,
        101.92370414733887,
        86.01689338684082,
        100.77714920043945,
        123.34585189819336,
        65.03152847290039,
        68.14861297607422,
        122.96843528747559,
        81.51769638061523,
        103.34563255310059,
        222.85795211791992,
        105.69143295288086,
        105.28564453125,
        95.85404396057129,
        101.0732650756836,
        74.6619701385498,
        64.32437896728516,
        62.493324279785156,
        100.80742835998535,
        62.058210372924805,
        101.67241096496582,
        103.0433177947998,
        65.20295143127441,
        72.46041297912598,
        94.9697494506836,
        74.77068901062012,
        72.77345657348633,
        63.39097023010254,
        69.29135322570801,
        70.05667686462402,
        73.38261604309082,
        102.58746147155762
    ]
}