{
    "wrong_email_times_account1": [
        18.136024475097656,
        27.378082275390625,
        35.42757034301758,
        33.80274772644043,
        32.68289566040039,
        59.090614318847656,
        27.73880958557129,
        33.94293785095215,
        29.65545654296875,
        31.9976806640625,
        20.056486129760742,
        54.059505462646484,
        34.0266227722168,
        34.250736236572266,
        28.313398361206055,
        35.9501838684082,
        35.63976287841797,
        35.56013107299805,
        74.37348365783691,
        138.62013816833496,
        117.15888977050781,
        17.595291137695312,
        33.94365310668945,
        18.656253814697266,
        43.56265068054199,
        35.041093826293945,
        18.793582916259766,
        26.793241500854492,
        33.092498779296875,
        31.564950942993164,
        31.634092330932617,
        31.38136863708496,
        33.428192138671875,
        27.118444442749023,
        48.9957332611084,
        24.386167526245117,
        33.965349197387695,
        33.621788024902344,
        35.3548526763916,
        23.555517196655273,
        37.21880912780762,
        19.451141357421875,
        49.536943435668945,
        77.728271484375,
        108.66856575012207,
        21.770000457763672,
        77.18420028686523,
        43.981075286865234,
        32.576799392700195,
        33.609628677368164
    ],
    "wrong_pw_times_account1": [
        102.01025009155273,
        72.36361503601074,
        105.28731346130371,
        108.05583000183105,
        73.78339767456055,
        102.23221778869629,
        62.48331069946289,
        100.20947456359863,
        72.26443290710449,
        62.37077713012695,
        143.50557327270508,
        120.22995948791504,
        102.28323936462402,
        103.38783264160156,
        102.52976417541504,
        91.25256538391113,
        71.33269309997559,
        63.48991394042969,
        68.72200965881348,
        100.72493553161621,
        71.63786888122559,
        101.62138938903809,
        62.72482872009277,
        102.63919830322266,
        86.70949935913086,
        101.61757469177246,
        84.60259437561035,
        105.42464256286621,
        79.10656929016113,
        65.99211692810059,
        102.51545906066895,
        104.3100357055664,
        70.1143741607666,
        102.71358489990234,
        63.55118751525879,
        101.54557228088379,
        108.23249816894531,
        104.38156127929688,
        98.72984886169434,
        73.71187210083008,
        74.53370094299316,
        73.16064834594727,
        103.1334400177002,
        101.48262977600098,
        107.50532150268555,
        103.42621803283691,
        108.0324649810791,
        100.96383094787598,
        102.3561954498291,
        65.01293182373047
    ],
    "wrong_email_times_account2": [
        32.66000747680664,
        34.00921821594238,
        34.7437858581543,
        102.36787796020508,
        110.61382293701172,
        96.64273262023926,
        52.17480659484863,
        55.69601058959961,
        32.04059600830078,
        33.72335433959961,
        38.537025451660156,
        56.68783187866211,
        31.86488151550293,
        32.97781944274902,
        32.74989128112793,
        33.89620780944824,
        33.40649604797363,
        37.34302520751953,
        21.20041847229004,
        33.3096981048584,
        32.61399269104004,
        18.03302764892578,
        31.464099884033203,
        33.004045486450195,
        34.89327430725098,
        51.18131637573242,
        32.12237358093262,
        31.78095817565918,
        32.39297866821289,
        34.04974937438965,
        67.56258010864258,
        34.279823303222656,
        53.26271057128906,
        46.11825942993164,
        31.894683837890625,
        24.72090721130371,
        32.840728759765625,
        19.420862197875977,
        38.03372383117676,
        34.64555740356445,
        46.77581787109375,
        33.599138259887695,
        31.009435653686523,
        18.65839958190918,
        29.457569122314453,
        43.35594177246094,
        30.931711196899414,
        32.63258934020996,
        33.23173522949219,
        47.78575897216797
    ],
    "wrong_pw_times_account2": [
        102.24461555480957,
        99.94840621948242,
        107.09047317504883,
        68.85457038879395,
        108.48474502563477,
        75.43253898620605,
        100.1582145690918,
        101.06182098388672,
        105.48996925354004,
        66.53475761413574,
        109.01689529418945,
        100.31247138977051,
        75.22034645080566,
        66.01834297180176,
        74.70822334289551,
        102.31304168701172,
        71.94900512695312,
        105.03578186035156,
        102.08559036254883,
        100.99530220031738,
        103.43217849731445,
        194.57364082336426,
        102.3104190826416,
        71.63333892822266,
        63.96341323852539,
        66.2386417388916,
        101.47786140441895,
        102.96893119812012,
        102.32830047607422,
        63.57073783874512,
        103.6672592163086,
        119.35210227966309,
        102.40435600280762,
        102.79083251953125,
        104.91275787353516,
        104.84838485717773,
        106.85992240905762,
        107.93828964233398,
        101.82046890258789,
        100.23808479309082,
        69.42152976989746,
        106.97126388549805,
        64.4216537475586,
        100.58832168579102,
        100.12269020080566,
        113.53921890258789,
        110.30960083007812,
        102.25367546081543,
        102.22673416137695,
        114.48407173156738
    ]
}